PAYMENT_ID,SALES,PROFIT,DISCOUNT,TOTAL_PRICE
0,2570.87,-2211.17,0.5,28279.57
1,31.4,7.85,0.0,62.8
2,2875.77,-1783.08,0.5,25881.93
3,1741.8,261.24,0.0,6967.2
4,1601.64,587.19,0.1,8008.200000000001
5,3670.8,367.08,0.0,25695.600000000002
6,36.29,12.7,0.2,254.03
7,1900.95,589.2,0.0,9504.75
8,15.66,-12.53,0.7,78.3
9,4544.1,1868.13,0.1,49985.100000000006
10,1455.12,116.4,0.0,5820.48
11,1943.19,258.93,0.1,11659.14
12,2036.86,366.63,0.0,14258.019999999999
13,4355.17,1415.43,0.2,17420.68
14,1695.87,-37.83,0.1,8479.349999999999
15,1505.98,-265.76,0.15,9035.880000000001
16,1954.17,312.66,0.0,5862.51
17,160.32,44.89,0.0,320.64
18,1213.19,508.01,0.002,8492.33
19,1590.6,572.55,0.0,7953.0
20,2330.64,1025.46,0.0,20975.76
21,3278.58,140.82,0.07,26228.64
22,3741.52,946.63,0.17,26190.64
23,67.8,31.19,0.0,678.0
24,3637.6,156.4,0.07,36376.0
25,221.98,62.15,0.0,443.96
26,3709.4,-288.77,0.1,33384.6
27,5175.17,919.97,0.1,46576.53
28,2892.51,-96.54,0.1,14462.550000000001
29,2832.96,311.52,0.0,22663.68
30,2862.68,763.28,0.1,14313.4
31,1822.08,564.84,0.0,7288.32
32,5244.84,996.48,0.0,31469.04
33,48.71,5.48,0.2,48.71
34,4626.15,647.55,0.0,23130.75
35,2616.96,1151.4,0.0,10467.84
36,2221.8,622.02,0.0,15552.600000000002
37,3701.52,1036.08,0.0,44418.24
38,1869.59,186.95,0.1,7478.36
39,12.62,-2.52,0.2,25.24
40,7958.58,3979.08,0.0,111420.12
41,2565.59,28.4,0.1,23090.31
42,3409.74,818.28,0.0,20458.44
43,1977.72,276.84,0.0,7910.88
44,2754.0,358.02,0.0,16524.0
45,5273.7,1898.4,0.0,52737.0
46,1713.84,445.52,0.0,6855.36
47,2106.5,526.5,0.2,16852.0
48,1715.16,720.36,0.0,3430.32
49,3069.74,1364.24,0.1,18418.44
50,247.84,121.44,0.0,1982.72
51,1878.72,582.36,0.0,7514.88
52,1696.64,-148.46,0.2,8483.2
53,2402.87,763.16,0.15,21625.829999999998
54,668.16,75.17,0.2,6013.44
55,2526.93,561.48,0.1,12634.65
56,3817.26,1068.66,0.0,22903.56
57,279.46,20.96,0.2,1676.7599999999998
58,34.77,11.47,0.0,104.31
59,4141.02,1697.67,0.0,53833.26000000001
60,2875.1,511.1,0.1,14375.5
61,3200.6,-77.2,0.17,19203.6
62,4518.78,632.52,0.0,31631.46
63,5667.87,2097.03,0.0,73682.31
64,5785.02,404.73,0.0,52065.18000000001
65,3018.62,377.24,0.2,21130.34
66,86.45,38.04,0.0,605.15
67,2092.5,720.75,0.1,10462.5
68,2761.2,110.34,0.0,16567.199999999997
69,2174.13,500.01,0.0,15218.91
70,3473.14,868.12,0.0,38204.54
71,49.41,18.53,0.2,197.64
72,2108.64,527.04,0.0,16869.12
73,2582.16,593.88,0.0,10328.64
74,1526.52,732.72,0.0,6106.08
75,1745.34,226.86,0.0,3490.68
76,4191.51,1164.27,0.1,37723.590000000004
77,3063.27,581.91,0.0,21442.89
78,18.7,2.34,0.2,130.9
79,4473.0,313.11,0.0,31311.0
80,1502.01,225.18,0.0,13518.09
81,5049.0,656.37,0.0,55539.0
82,2188.05,1050.15,0.0,10940.25
83,1920.36,652.92,0.0,7681.44
84,1704.0,119.28,0.0,6816.0
85,1858.68,130.08,0.0,7434.72
86,3298.26,1055.25,0.0,23087.82
87,2443.48,121.94,0.0,31765.24
88,3808.8,1523.52,0.0,30470.4
89,3427.15,-452.81,0.47,23990.05
90,3441.69,38.07,0.1,20650.14
91,2863.35,858.9,0.1,14316.75
92,1487.4,728.7,0.0,14874.0
93,3200.04,1183.95,0.0,28800.36
94,2301.0,91.95,0.0,11505.0
95,5729.35,63.55,0.1,80210.90000000001
96,5301.24,2597.28,0.0,74217.36
97,477.67,84.29,0.15,955.34
98,88.07,-58.72,0.7,616.49
99,3219.9,965.85,0.0,16099.5
100,2487.81,-269.79,0.17,14926.86
101,2266.44,113.28,0.0,9065.76
102,3068.36,1124.9,0.1,27615.24
103,3728.43,1192.86,0.0,33555.869999999995
104,1581.48,0.0,0.0,9488.880000000001
105,171.29,-6.42,0.2,513.87
106,2432.16,513.36,0.1,12160.8
107,2465.82,197.19,0.25,17260.74
108,1847.52,738.96,0.0,3695.04
109,2899.89,927.78,0.0,20299.23
110,2891.7,96.39,0.1,20241.899999999998
111,2016.85,-0.05,0.15,18151.649999999998
112,3155.54,34.94,0.1,22088.78
113,3856.14,1465.2,0.0,23136.84
114,3524.47,861.37,0.1,21146.82
115,2167.3,790.42,0.15,8669.2
116,2556.0,178.92,0.0,15336.0
117,1469.25,308.4,0.0,7346.25
118,4448.83,1517.71,0.15,35590.64
119,65.78,32.23,0.0,723.58
120,2472.66,914.76,0.0,22253.94
121,3739.18,747.82,0.1,29913.44
122,1682.91,487.98,0.0,5048.7300000000005
123,1278.0,89.46,0.0,3834.0
124,2570.76,976.8,0.0,10283.04
125,2332.96,349.86,0.2,11664.8
126,1582.2,-870.3,0.4,9493.2
127,71.98,19.79,0.2,215.94
128,1512.0,498.96,0.0,9072.0
129,186.14,60.5,0.2,1116.84
130,2550.0,714.0,0.0,10200.0
131,2285.7,845.7,0.0,11428.5
132,1029.26,10.82,0.07,9263.34
133,1058.28,-2.12,0.002,5291.4
134,5751.54,2817.99,0.0,51763.86
135,2442.07,-244.25,0.1,17094.49
136,1190.52,178.56,0.0,7143.12
137,3150.82,-35.09,0.1,22055.74
138,1599.9,719.85,0.0,7999.5
139,2063.4,123.75,0.0,10317.0
140,1269.9,558.72,0.0,7619.400000000001
141,3274.02,261.9,0.0,29466.18
142,848.32,110.28,0.0,1696.64
143,94.2,23.55,0.0,565.2
144,2847.36,711.84,0.0,22778.88
145,1725.75,-483.3,0.25,8628.75
146,1479.31,-63.65,0.07,8875.86
147,1282.23,12.69,0.0,11540.07
148,2478.6,49.5,0.0,14871.599999999999
149,97.44,35.08,0.0,292.32
150,959.76,460.62,0.0,2879.2799999999997
151,34.65,10.4,0.0,103.94999999999999
152,4135.64,847.04,0.17,41356.4
153,2325.28,511.52,0.0,18602.24
154,5486.67,2316.51,0.1,76813.38
155,1523.66,-50.98,0.1,12189.28
156,1625.24,-76.57,0.15,4875.72
157,734.94,130.62,0.1,2939.76
158,13.97,3.63,0.0,13.97
159,1391.52,69.36,0.0,11132.16
160,26.22,12.32,0.0,78.66
161,2461.06,566.02,0.0,17227.42
162,18.94,-3.79,0.2,56.82000000000001
163,1226.19,612.99,0.0,8583.33
164,1809.26,-258.5,0.3,9046.3
165,1863.0,393.24,0.1,14904.0
166,6.0,2.1,0.2,12.0
167,1244.19,-13.92,0.1,8709.33
168,2364.1,-218.3,0.35,9456.4
169,1946.31,114.45,0.15,11677.86
170,2283.71,-0.22,0.1,20553.39
171,2455.88,785.82,0.0,17191.16
172,1024.68,-286.92,0.5,8197.44
173,2297.96,988.12,0.0,32171.440000000002
174,2671.41,534.24,0.0,18699.87
175,3834.0,268.38,0.0,23004.0
176,3501.74,210.86,0.17,28013.92
177,1725.46,747.61,0.1,5176.38
178,1583.7,174.15,0.0,7918.5
179,79.99,28.8,0.0,79.99
180,2760.35,-214.73,0.1,19322.45
181,3078.72,523.08,0.0,36944.64
182,1983.14,-1784.9,0.5,13881.980000000001
183,1112.78,296.66,0.1,3338.34
184,3616.5,36.0,0.0,36165.0
185,2892.11,160.61,0.1,14460.550000000001
186,3263.4,848.4,0.0,16317.0
187,3117.09,38.95,0.2,40522.17
188,27.93,8.1,0.0,83.78999999999999
189,1888.7,887.6,0.0,9443.5
190,3000.78,1080.18,0.0,18004.68
191,3801.63,1444.59,0.0,26611.41
192,5211.12,1146.24,0.0,41688.96
193,3569.64,674.16,0.1,24987.48
194,18.54,8.71,0.0,37.08
195,2910.08,125.12,0.07,23280.64
196,3126.4,-128.72,0.27,28137.600000000002
197,5276.99,1758.89,0.1,47492.909999999996
198,2645.38,-0.02,0.17,13226.900000000001
199,1637.01,-36.39,0.1,8185.05
200,2645.38,-0.02,0.17,13226.900000000001
201,3238.31,-740.3,0.3,16191.55
202,2291.81,127.13,0.1,16042.67
203,2124.5,488.6,0.0,10622.5
204,2757.78,744.48,0.0,16546.68
205,1549.98,139.32,0.0,9299.880000000001
206,20.74,7.26,0.2,82.96
207,3146.4,629.28,0.0,18878.4
208,2456.62,664.72,0.15,27022.82
209,2228.64,-754.41,0.35,15600.48
210,4001.04,1440.24,0.0,32008.32
211,4876.88,745.88,0.15,43891.92
212,1788.82,204.28,0.3,10732.92
213,1242.59,-140.72,0.47,6212.95
214,4453.05,1424.85,0.0,31171.350000000002
215,2673.36,1069.2,0.0,21386.88
216,2046.2,591.05,0.1,10231.0
217,5451.3,2071.44,0.0,32707.800000000003
218,637.9,-127.58,0.3,1913.6999999999998
219,1722.28,539.44,0.17,6889.12
220,4624.29,1644.03,0.1,41618.61
221,1066.45,-11.93,0.1,6398.700000000001
222,957.6,0.0,0.0,3830.4
223,4864.32,162.12,0.1,48643.2
224,841.57,294.55,0.2,1683.14
225,1433.84,-84.37,0.15,4301.5199999999995
226,2784.6,779.52,0.0,38984.4
227,3063.27,1470.21,0.0,21442.89
228,231.72,11.59,0.0,463.44
229,196.45,70.72,0.0,982.25
230,2044.8,-332.28,0.2,12268.8
231,165.6,-6.21,0.2,496.79999999999995
232,1521.0,0.0,0.0,6084.0
233,137.31,54.9,0.0,137.31
234,1141.8,570.9,0.0,11418.0
235,1865.97,802.17,0.0,16793.73
236,6998.64,2939.31,0.0,76985.04000000001
237,1091.25,119.97,0.0,3273.75
238,1094.22,328.23,0.0,3282.66
239,1320.62,484.22,0.1,5282.48
240,2555.64,664.44,0.0,10222.56
241,3498.72,594.72,0.0,27989.76
242,2272.86,977.22,0.0,13637.16
243,5211.12,833.76,0.0,41688.96
244,2582.16,361.44,0.0,10328.64
245,3194.55,830.55,0.0,15972.75
246,1705.0,378.88,0.1,6820.0
247,1538.72,325.7,0.15,9232.32
248,1181.55,498.81,0.1,3544.6499999999996
249,1696.25,734.93,0.1,6785.0
250,190.9,-42.95,0.2,381.8
251,314.35,-35.36,0.2,943.0500000000001
252,1237.56,606.36,0.0,4950.24
253,1274.7,140.16,0.0,2549.4
254,3172.14,856.44,0.0,28549.26
255,3979.29,1989.54,0.0,27855.03
256,2058.0,946.68,0.0,8232.0
257,2539.88,709.94,0.07,17779.16
258,2898.21,1420.02,0.0,20287.47
259,1320.01,357.16,0.15,6600.05
260,2171.16,-2750.28,0.7,17369.28
261,4448.22,444.48,0.1,57826.86
262,12.84,3.72,0.0,38.519999999999996
263,2300.62,38.2,0.4,20705.579999999998
264,2615.94,1072.44,0.0,15695.64
265,1066.68,394.65,0.0,3200.04
266,2544.6,814.2,0.0,10178.4
267,3694.68,886.68,0.0,14778.72
268,2214.85,-221.57,0.3,15503.949999999999
269,1236.48,111.28,0.0,4945.92
270,1805.9,126.4,0.0,9029.5
271,5.22,2.4,0.0,10.44
272,3.01,0.34,0.2,6.02
273,1810.3,54.3,0.0,9051.5
274,1275.0,140.22,0.0,2550.0
275,1593.65,-225.16,0.15,11155.550000000001
276,1114.24,383.71,0.1,3342.7200000000003
277,2944.08,1112.13,0.1,14720.4
278,3309.26,318.86,0.17,23164.82
279,897.48,322.92,0.0,8077.32
280,2056.05,390.6,0.0,10280.25
281,2365.66,18.86,0.002,23656.6
282,1336.36,44.44,0.4,9354.519999999999
283,3038.64,1245.84,0.0,24309.12
284,2698.65,890.46,0.0,24287.850000000002
285,3799.08,455.76,0.0,45588.96
286,2756.34,413.28,0.0,16538.04
287,983.88,-11.16,0.1,7871.04
288,1719.81,117.66,0.27,8599.05
289,1421.54,428.12,0.17,4264.62
290,1053.69,441.29,0.002,5268.450000000001
291,1440.84,-1268.04,0.5,11526.72
292,1554.48,341.76,0.0,12435.84
293,1278.0,89.46,0.0,3834.0
294,3474.08,625.28,0.0,27792.64
295,2550.0,357.0,0.0,15300.0
296,934.25,-1331.65,0.6,13079.5
297,3908.88,1563.48,0.0,23453.28
298,2142.3,556.9,0.0,10711.5
299,1900.58,-348.52,0.4,11403.48
300,1840.68,496.98,0.0,11044.08
301,2624.04,446.04,0.0,15744.24
302,3076.5,215.25,0.0,21535.5
303,3181.77,344.97,0.17,19090.62
304,1392.63,-139.56,0.1,15318.93
305,1296.24,285.12,0.0,10369.92
306,2380.5,952.2,0.0,11902.5
307,1619.1,258.9,0.0,16191.0
308,2821.72,339.88,0.17,16930.32
309,2991.1,-128.75,0.07,26919.899999999998
310,1798.68,86.64,0.17,7194.72
311,2544.84,712.44,0.0,10179.36
312,951.72,228.36,0.0,1903.44
313,2575.92,978.84,0.0,10303.68
314,1699.83,84.96,0.0,5099.49
315,2634.55,116.95,0.1,21076.4
316,3707.35,1554.43,0.07,40780.85
317,4298.85,300.9,0.0,21494.25
318,3417.48,854.28,0.0,20504.88
319,2080.32,561.6,0.0,8321.28
320,840.6,319.35,0.0,4203.0
321,471.92,29.5,0.2,943.84
322,1288.8,90.0,0.0,12888.0
323,660.69,44.04,0.1,3303.4500000000003
324,3234.24,970.2,0.0,19405.44
325,2171.3,390.8,0.0,10856.5
326,2074.73,276.53,0.1,18672.57
327,849.8,195.44,0.0,1699.6
328,1177.17,353.13,0.1,3531.51
329,177.65,-28.87,0.2,355.3
330,2863.08,-458.19,0.5,25767.72
331,1253.07,236.67,0.1,6265.349999999999
332,3369.24,606.42,0.0,20215.44
333,1464.12,439.2,0.0,8784.72
334,1273.13,-993.2,0.5,8911.91
335,29.94,10.74,0.0,59.88
336,1258.78,375.78,0.002,6293.9
337,2584.01,290.6,0.2,18088.07
338,1482.39,68.31,0.35,8894.34
339,1274.7,293.16,0.0,3824.1000000000004
340,2818.08,225.36,0.0,25362.72
341,1046.25,-111.6,0.25,3138.75
342,3187.2,541.8,0.0,15936.0
343,4099.68,956.58,0.1,40996.8
344,703.35,260.1,0.0,3516.75
345,2293.49,509.57,0.1,18347.92
346,1238.61,14.43,0.15,11147.49
347,1715.06,300.08,0.2,12005.42
348,39.82,7.47,0.2,119.46000000000001
349,2841.66,852.48,0.0,17049.96
350,3399.66,-3059.82,0.5,40795.92
351,1607.76,482.22,0.0,9646.56
352,840.15,260.4,0.0,4200.75
353,1236.33,519.21,0.0,3708.99
354,2488.56,348.24,0.0,19908.48
355,1124.26,252.9,0.2,7869.82
356,726.72,-18.18,0.2,2180.16
357,117.96,5.9,0.0,235.92
358,1519.92,653.4,0.0,9119.52
359,1279.32,319.8,0.0,5117.28
360,642.69,244.2,0.0,642.69
361,2619.0,232.68,0.1,20952.0
362,1704.87,-1023.03,0.5,10229.22
363,1715.91,583.38,0.0,12011.37
364,1278.0,460.08,0.0,2556.0
365,1234.56,246.84,0.0,4938.24
366,4195.2,839.04,0.0,33561.6
367,1765.4,-98.21,0.1,8827.0
368,1480.37,333.05,0.2,4441.11
369,2301.14,-953.44,0.3,16107.98
370,1100.52,352.08,0.0,3301.56
371,2518.95,553.98,0.0,17632.649999999998
372,996.3,119.55,0.0,4981.5
373,922.95,341.49,0.0,922.95
374,1850.45,185.0,0.1,9252.25
375,1547.1,340.2,0.0,9282.599999999999
376,2190.95,316.7,0.17,10954.75
377,3242.88,324.18,0.0,29185.920000000002
378,2544.6,1246.8,0.0,10178.4
379,2605.56,573.12,0.0,10422.24
380,1271.46,-127.41,0.1,13986.060000000001
381,2549.76,1172.88,0.0,10199.04
382,3299.56,366.28,0.1,46193.84
383,2489.4,273.78,0.0,22404.600000000002
384,1189.24,250.99,0.1,10703.16
385,1269.6,355.44,0.0,5078.4
386,3499.16,-3009.44,0.5,38490.759999999995
387,2993.03,726.83,0.3,14965.150000000001
388,815.95,287.92,0.15,2447.8500000000004
389,1245.0,161.76,0.0,4980.0
390,1027.73,182.69,0.1,8221.84
391,1703.03,737.93,0.1,8515.15
392,1803.08,-130.39,0.17,19833.879999999997
393,676.49,195.29,0.1,3382.45
394,969.36,348.81,0.0,6785.52
395,1637.01,90.81,0.1,8185.05
396,1655.96,13.2,0.002,11591.720000000001
397,976.96,232.0,0.2,3907.84
398,731.34,175.5,0.0,1462.68
399,1239.0,0.0,0.0,4956.0
400,1680.61,368.26,0.27,8403.05
401,2190.75,65.7,0.0,10953.75
402,935.17,114.25,0.1,3740.68
403,1026.96,441.36,0.0,8215.68
404,2550.0,280.44,0.0,10200.0
405,2667.54,-417.81,0.17,13337.7
406,1224.71,-129.73,0.15,4898.84
407,2962.68,207.06,0.0,41477.52
408,2664.0,905.7,0.0,13320.0
409,1513.56,741.6,0.0,6054.24
410,1233.63,234.36,0.0,3700.8900000000003
411,855.15,384.81,0.0,855.15
412,956.34,-95.7,0.1,3825.36
413,1838.52,160.77,0.2,9192.6
414,4498.83,674.73,0.0,31491.809999999998
415,1824.14,-1303.06,0.65,14593.12
416,2344.0,46.88,0.0,18752.0
417,2043.72,756.0,0.0,28612.08
418,856.8,265.44,0.0,11995.199999999999
419,2509.36,426.58,0.0,17565.52
420,819.94,191.32,0.1,1639.88
421,2797.25,-0.07,0.2,16783.5
422,1455.08,261.8,0.0,16005.88
423,2189.09,541.37,0.07,13134.54
424,5451.3,327.06,0.0,32707.800000000003
425,1291.08,296.94,0.0,2582.16
426,1526.52,732.72,0.0,6106.08
427,1869.72,205.56,0.0,11218.32
428,1815.24,471.94,0.0,12706.68
429,959.76,460.62,0.0,2879.2799999999997
430,3045.84,1035.58,0.0,21320.88
431,2125.0,297.5,0.0,10625.0
432,1266.36,265.92,0.0,5065.44
433,2134.44,682.92,0.0,8537.76
434,4748.44,844.12,0.1,66478.15999999999
435,1867.5,242.64,0.0,11205.0
436,1001.7,250.38,0.0,6010.200000000001
437,9892.74,4946.37,0.0,128605.62
438,4306.32,1722.48,0.0,34450.56
439,899.55,323.82,0.0,2698.6499999999996
440,763.92,381.96,0.0,3055.68
441,2544.24,1093.92,0.0,10176.96
442,1136.66,-189.46,0.4,4546.64
443,2301.0,91.95,0.0,11505.0
444,3908.88,1563.48,0.0,23453.28
445,470.38,52.92,0.2,1411.1399999999999
446,821.88,213.69,0.0,4931.28
447,2249.16,224.88,0.0,8996.64
448,2528.26,176.96,0.0,17697.82
449,1461.14,202.19,0.35,7305.700000000001
450,3045.84,1035.58,0.0,21320.88
451,1103.97,496.79,0.0,3311.91
452,344.7,38.78,0.2,689.4
453,2152.96,198.64,0.35,17223.68
454,1244.1,447.75,0.0,6220.5
455,2226.82,500.98,0.2,20041.38
456,1586.41,17.53,0.1,6345.64
457,393.17,-204.45,0.5,1179.51
458,3425.4,1233.0,0.0,20552.4
459,1136.94,568.44,0.0,2273.88
460,677.64,211.26,0.07,1355.28
461,731.34,80.4,0.0,1462.68
462,1272.72,534.48,0.0,5090.88
463,1856.34,909.54,0.0,11138.039999999999
464,2295.0,459.0,0.1,9180.0
465,1622.18,324.38,0.15,4866.54
466,1063.44,361.41,0.0,7444.08
467,3449.88,275.94,0.0,48298.32
468,585.46,-0.02,0.2,1756.38
469,1429.44,471.6,0.0,5717.76
470,1057.8,158.64,0.0,2115.6
471,1483.0,741.5,0.0,7415.0
472,1792.4,304.7,0.0,8962.0
473,2455.68,-191.16,0.1,17189.76
474,1900.44,417.96,0.0,11402.64
475,3712.59,849.87,0.17,25988.13
476,2372.22,0.0,0.0,21349.98
477,5725.35,1602.99,0.0,51528.15
478,2553.18,842.52,0.0,17872.26
479,2003.52,861.48,0.0,12021.119999999999
480,1188.36,95.04,0.0,4753.44
481,2875.1,511.1,0.1,14375.5
482,613.26,202.32,0.0,1226.52
483,166.24,24.94,0.0,166.24
484,1837.56,275.52,0.0,7350.24
485,3979.29,1989.54,0.0,27855.03
486,304.23,9.13,0.0,912.69
487,1198.3,165.6,0.002,5991.5
488,163.96,59.44,0.2,819.8000000000001
489,1864.22,455.57,0.1,9321.1
490,1142.64,-571.32,0.6,6855.84
491,1630.8,18.0,0.1,8154.0
492,1172.66,-1172.74,0.7,7035.960000000001
493,2021.88,323.4,0.0,28306.32
494,836.93,230.13,0.2,3347.72
495,1302.78,286.56,0.0,2605.56
496,2243.88,246.72,0.0,8975.52
497,1221.56,325.61,0.1,13437.16
498,1609.29,241.38,0.0,4827.87
499,1596.51,-53.37,0.1,9579.06
500,89.86,21.34,0.2,269.58
501,2018.88,928.44,0.0,24226.56
502,1885.32,18.72,0.0,11311.92
503,3119.34,1528.38,0.0,21835.38
504,1964.25,21.69,0.1,11785.5
505,1653.8,-689.26,0.4,9922.8
506,621.0,180.06,0.0,1242.0
507,2673.81,26.73,0.0,24064.29
508,1307.97,536.22,0.0,3923.91
509,1145.23,-706.25,0.4,3435.69
510,94.2,39.56,0.0,471.0
511,1902.11,872.83,0.002,15216.88
512,1913.4,899.1,0.0,19134.0
513,1854.72,778.92,0.0,7418.88
514,2958.98,953.27,0.1,20712.86
515,810.72,-599.94,0.5,2432.16
516,2953.58,754.7,0.1,23628.64
517,2593.8,1141.2,0.0,12969.0
518,2051.01,667.11,0.17,10255.050000000001
519,37.3,-1.07,0.3,74.6
520,1120.77,55.89,0.0,10086.93
521,46.69,-2.92,0.2,186.76
522,3044.8,91.2,0.0,24358.4
523,656.86,94.84,0.1,1313.72
524,2518.95,1032.57,0.0,17632.649999999998
525,1669.25,-1558.15,0.7,20031.0
526,2476.08,1015.02,0.0,14856.48
527,1302.78,286.56,0.0,2605.56
528,2125.32,148.68,0.0,8501.28
529,1954.44,781.74,0.0,5863.32
530,856.92,222.76,0.0,1713.84
531,3696.03,756.87,0.17,25872.210000000003
532,1302.96,182.4,0.0,2605.92
533,1136.66,-880.96,0.6,6819.960000000001
534,1720.12,382.18,0.1,10320.72
535,2051.1,40.95,0.0,10255.5
536,2544.24,992.16,0.0,15265.439999999999
537,1314.45,341.73,0.0,3943.3500000000004
538,980.32,110.28,0.2,1960.64
539,2470.5,518.76,0.0,14823.0
540,877.02,105.24,0.0,1754.04
541,1917.36,747.72,0.0,11504.16
542,2173.5,260.82,0.0,15214.5
543,377.45,-264.22,0.5,1887.25
544,195.76,97.88,0.0,783.04
545,1814.25,653.1,0.0,9071.25
546,1293.68,-776.33,0.5,6468.400000000001
547,2477.55,1040.55,0.0,12387.75
548,259.14,-25.91,0.2,1036.56
549,723.3,332.7,0.0,1446.6
550,2097.12,188.64,0.0,16776.96
551,3242.88,421.56,0.0,19457.28
552,163.96,59.44,0.2,819.8000000000001
553,98.16,9.82,0.0,588.96
554,597.36,226.92,0.0,2389.44
555,3955.14,1383.9,0.0,55371.96
556,796.82,231.26,0.07,4780.92
557,2305.26,922.05,0.0,20747.340000000004
558,2833.76,35.36,0.2,28337.600000000002
559,2077.32,581.64,0.0,8309.28
560,1916.88,939.26,0.0,13418.16
561,1622.57,133.61,0.15,4867.71
562,1361.04,196.53,0.1,12249.36
563,3391.74,271.08,0.0,30525.659999999996
564,2375.3,-207.84,0.2,16627.100000000002
565,889.02,320.04,0.0,5334.12
566,1782.48,873.36,0.0,7129.92
567,667.77,274.92,0.15,2003.31
568,1612.85,394.25,0.1,8064.25
569,845.21,-9.49,0.1,5916.47
570,2799.63,391.77,0.0,25196.670000000002
571,1549.13,-56.11,0.17,9294.78
572,1696.4,67.84,0.0,6785.6
573,935.5,168.3,0.0,4677.5
574,2036.81,359.3,0.15,18331.29
575,980.52,176.4,0.0,3922.08
576,1654.64,681.2,0.15,13237.12
577,2063.77,141.19,0.27,12382.619999999999
578,1411.2,405.72,0.2,8467.2
579,2039.8,-113.36,0.1,8159.2
580,5737.5,630.99,0.0,51637.5
581,1641.09,473.91,0.1,11487.63
582,1380.9,303.7,0.0,6904.5
583,1917.0,690.12,0.0,5751.0
584,823.5,172.92,0.0,1647.0
585,3180.75,1081.35,0.0,15903.75
586,2910.19,-68.72,0.15,32012.09
587,910.35,391.35,0.0,4551.75
588,856.68,274.08,0.0,1713.36
589,1731.07,-238.03,0.2,12117.49
590,1330.99,-103.61,0.1,15971.880000000001
591,1914.08,669.76,0.2,26797.12
592,3393.12,101.76,0.0,27144.96
593,50.12,-0.63,0.2,350.84
594,1446.6,665.4,0.0,5786.4
595,3272.01,1537.83,0.0,22904.07
596,3386.86,-597.68,0.15,23708.02
597,2498.53,499.45,0.1,22486.77
598,728.53,-133.73,0.4,5099.71
599,2575.92,772.68,0.0,10303.68
600,2546.46,381.78,0.0,17825.22
601,2888.76,173.25,0.0,20221.32
602,1031.4,185.64,0.0,4125.6
603,1237.44,74.16,0.0,9899.52
604,1018.32,183.24,0.0,4073.28
605,2756.94,1163.88,0.1,19298.58
606,1534.87,-102.41,0.1,4604.61
607,6439.8,2447.1,0.0,64398.0
608,1781.14,-134.06,0.07,14249.12
609,1363.2,-1806.24,0.6,10905.6
610,3315.27,961.38,0.0,23206.89
611,5.25,0.59,0.2,10.5
612,2123.03,124.79,0.15,16984.24
613,2478.84,272.58,0.0,17351.88
614,1894.54,505.18,0.1,7578.16
615,41.28,13.93,0.2,247.68
616,187.02,26.1,0.0,1122.1200000000001
617,1317.9,0.0,0.0,6589.5
618,1839.18,238.98,0.0,12874.26
619,1908.18,820.44,0.0,5724.54
620,1264.47,301.47,0.002,6322.35
621,4.18,1.5,0.0,4.18
622,748.12,282.52,0.1,2992.48
623,943.87,209.71,0.1,6607.09
624,1447.44,43.32,0.0,5789.76
625,1552.5,62.1,0.0,9315.0
626,479.97,177.59,0.0,1439.91
627,919.26,266.58,0.0,2757.7799999999997
628,3045.84,1035.58,0.0,21320.88
629,766.87,114.97,0.4,1533.74
630,2880.18,115.2,0.0,17281.079999999998
631,1403.36,449.04,0.0,5613.44
632,2018.33,-576.91,0.3,18164.97
633,1274.16,382.2,0.0,5096.64
634,2485.62,795.24,0.0,14913.72
635,1560.24,421.2,0.0,4680.72
636,3271.2,1341.15,0.0,16356.0
637,751.49,-112.75,0.2,2254.4700000000003
638,2120.8,275.7,0.0,10604.0
639,2102.83,321.55,0.15,16822.64
640,820.49,183.29,0.15,6563.92
641,91.96,39.54,0.0,367.84
642,553.44,16.56,0.0,4427.52
643,1718.17,610.81,0.1,10309.02
644,2794.25,515.75,0.35,13971.25
645,99.14,8.67,0.2,396.56
646,1274.7,165.66,0.0,2549.4
647,1553.76,730.26,0.0,9322.56
648,2205.57,689.09,0.2,17644.56
649,15.55,5.44,0.2,46.650000000000006
650,3227.7,742.35,0.0,16138.5
651,1395.0,237.15,0.0,4185.0
652,2291.84,-1128.44,0.35,16042.880000000001
653,1660.8,83.04,0.0,6643.2
654,2436.67,-487.37,0.3,9746.68
655,954.6,152.7,0.0,9546.0
656,1903.0,57.0,0.0,9515.0
657,1590.9,508.95,0.0,7954.5
658,1467.36,469.44,0.0,5869.44
659,1091.28,46.92,0.07,3273.84
660,2014.36,419.8,0.002,16114.88
661,3877.68,930.48,0.0,31021.44
662,2863.35,858.9,0.1,14316.75
663,2841.66,189.42,0.25,22733.28
664,765.46,-36.08,0.15,2296.38
665,1887.84,0.0,0.1,7551.36
666,14.94,7.02,0.0,44.82
667,410.88,78.0,0.0,3287.04
668,1801.6,180.1,0.0,9008.0
669,2572.74,1080.54,0.0,7718.219999999999
670,16.03,-25.65,0.8,80.15
671,1583.82,126.63,0.0,4751.46
672,24.67,7.71,0.2,98.68
673,1656.72,-110.52,0.1,6626.88
674,2015.5,850.84,0.1,14108.5
675,2219.18,24.62,0.1,17753.44
676,2533.92,278.64,0.0,20271.36
677,1410.4,-88.2,0.2,7052.0
678,1773.72,44.22,0.2,8868.6
679,1377.9,289.2,0.0,13779.0
680,2582.16,516.36,0.0,15492.96
681,773.94,224.44,0.0,4643.64
682,1257.46,-29.66,0.15,10059.68
683,1003.62,0.0,0.0,6021.72
684,2429.44,534.4,0.0,19435.52
685,348.56,104.57,0.0,2788.48
686,977.02,271.33,0.1,2931.06
687,2891.7,1188.81,0.1,20241.899999999998
688,1577.94,757.41,0.0,4733.82
689,2042.82,-136.26,0.1,12256.92
690,997.8,327.9,0.002,4989.0
691,1411.34,486.05,0.1,12702.06
692,1647.0,625.8,0.0,6588.0
693,1313.71,102.07,0.1,5254.84
694,972.57,194.43,0.1,2917.71
695,1273.56,573.0,0.0,5094.24
696,1908.18,820.44,0.0,5724.54
697,195.96,19.6,0.2,979.8000000000001
698,2398.37,-1479.13,0.4,26382.07
699,680.28,231.24,0.0,2721.12
700,964.08,337.41,0.0,2892.2400000000002
701,575.92,71.99,0.2,1151.84
702,1709.24,588.74,0.1,8546.2
703,929.34,65.04,0.0,1858.68
704,171.2,64.2,0.2,856.0
705,79.9,35.16,0.0,159.8
706,2383.86,794.58,0.1,16687.02
707,1891.5,832.2,0.0,9457.5
708,912.24,68.4,0.2,2736.7200000000003
709,947.22,377.7,0.002,3788.88
710,1983.02,616.82,0.1,9915.1
711,2146.6,429.3,0.0,10733.0
712,2879.82,1295.73,0.0,25918.38
713,1622.01,-623.94,0.35,8110.05
714,1503.68,284.0,0.1,9022.08
715,893.56,247.6,0.17,1787.12
716,1143.44,320.16,0.0,2286.88
717,2280.6,136.8,0.0,13683.599999999999
718,1401.84,126.16,0.0,5607.36
719,2088.24,83.52,0.0,16705.92
720,2194.53,438.75,0.0,28528.890000000003
721,1527.12,474.96,0.1,12216.96
722,972.62,-486.47,0.5,6808.34
723,2761.2,110.34,0.0,16567.199999999997
724,3312.24,1622.88,0.0,26497.92
725,825.79,41.23,0.2,3303.16
726,3180.3,381.6,0.0,15901.5
727,1860.0,316.2,0.0,7440.0
728,2582.16,361.44,0.0,10328.64
729,881.1,184.95,0.0,4405.5
730,1622.18,324.38,0.15,4866.54
731,1001.88,230.4,0.0,6011.28
732,16.5,5.57,0.2,33.0
733,554.53,-0.05,0.1,1109.06
734,2120.8,275.7,0.0,10604.0
735,1531.2,45.9,0.0,15312.0
736,1236.33,519.21,0.0,3708.99
737,2951.99,-632.8,0.3,26567.909999999996
738,627.28,-135.14,0.35,1254.56
739,1394.95,362.69,0.0,6974.75
740,553.92,22.08,0.0,2215.68
741,3873.24,890.82,0.0,23239.44
742,791.19,126.54,0.0,2373.57
743,2470.5,518.76,0.0,14823.0
744,1043.93,-295.51,0.47,8351.44
745,1253.76,200.52,0.0,5015.04
746,2180.24,-690.54,0.4,23982.64
747,1306.47,107.49,0.15,7838.82
748,24.82,8.38,0.2,74.46000000000001
749,775.54,213.22,0.2,2326.62
750,2012.05,-1021.67,0.35,12072.3
751,2166.9,391.5,0.17,8667.6
752,3271.2,1341.15,0.0,16356.0
753,755.81,195.35,0.002,2267.43
754,2182.68,327.24,0.0,13096.079999999998
755,1285.56,51.42,0.0,2571.12
756,1479.36,103.44,0.0,17752.32
757,740.18,-407.14,0.6,2220.54
758,1533.15,505.8,0.0,7665.75
759,2563.92,820.32,0.0,20511.36
760,2897.91,901.56,0.1,14489.55
761,1582.11,-886.05,0.5,9492.66
762,2616.96,26.16,0.0,15701.76
763,1399.11,108.78,0.1,4197.33
764,3421.71,1060.56,0.0,30795.39
765,820.08,98.28,0.0,7380.72
766,1198.56,359.52,0.0,9588.48
767,1832.61,-445.11,0.3,5497.83
768,1857.06,639.51,0.1,9285.3
769,1752.6,455.64,0.0,7010.4
770,1850.46,259.02,0.0,3700.92
771,2337.15,1098.45,0.0,11685.75
772,788.4,291.6,0.0,3153.6
773,715.53,100.98,0.15,3577.6499999999996
774,2999.95,1379.98,0.0,14999.75
775,3094.56,1423.44,0.0,18567.36
776,882.03,148.35,0.002,7938.2699999999995
777,953.82,-81.81,0.3,2861.46
778,2544.6,865.08,0.0,10178.4
779,886.14,106.74,0.17,3544.56
780,473.85,-5.85,0.17,2369.25
781,1767.6,0.0,0.0,21211.199999999997
782,780.61,-0.03,0.2,3122.44
783,600.56,-8.58,0.3,1801.6799999999998
784,2711.7,1220.25,0.0,13558.5
785,2111.97,190.05,0.0,14783.789999999999
786,1189.28,-396.43,0.25,10703.52
787,1908.45,534.33,0.0,5725.35
788,897.15,251.2,0.0,2691.45
789,163.96,80.34,0.0,655.84
790,1854.93,-1294.35,0.57,16694.37
791,924.66,397.53,0.0,2773.98
792,1760.43,-326.97,0.3,8802.15
793,827.28,397.08,0.0,4963.68
794,1510.96,509.86,0.2,7554.8
795,2098.32,860.16,0.0,16786.56
796,1938.24,-96.96,0.2,7752.96
797,803.52,-495.63,0.4,4017.6
798,1391.76,97.38,0.0,4175.28
799,163.96,70.5,0.0,655.84
800,952.29,-53.01,0.1,4761.45
801,2927.28,146.16,0.0,23418.24
802,51.07,5.11,0.2,306.42
803,2117.22,-1736.28,0.5,29641.079999999998
804,2747.7,82.26,0.0,16486.199999999997
805,1014.72,141.96,0.0,7103.04
806,1591.56,79.56,0.0,19098.72
807,533.22,69.3,0.0,1599.66
808,2124.5,488.6,0.0,10622.5
809,1053.87,-152.49,0.17,6323.219999999999
810,5.88,1.98,0.2,5.88
811,1248.84,249.72,0.0,4995.36
812,2040.92,959.14,0.0,14286.44
813,1068.71,-0.13,0.1,6412.26
814,875.22,139.98,0.0,2625.66
815,1403.08,296.08,0.1,8418.48
816,1743.96,714.96,0.0,6975.84
817,1071.84,310.8,0.0,4287.36
818,925.02,-447.18,0.4,4625.1
819,1682.75,-813.49,0.4,15144.75
820,1944.9,291.6,0.0,9724.5
821,3040.8,1155.36,0.0,24326.4
822,15.48,4.49,0.0,46.44
823,1003.35,178.95,0.002,4013.4
824,808.73,-0.19,0.1,5661.110000000001
825,2764.33,-195.44,0.15,30407.629999999997
826,961.48,-204.31,0.2,4807.4
827,457.14,169.14,0.0,457.14
828,704.05,312.91,0.1,1408.1
829,1355.13,-60.27,0.1,6775.650000000001
830,99.37,-7.1,0.3,198.74
831,2819.52,338.22,0.0,16917.12
832,2571.12,102.84,0.0,10284.48
833,976.08,292.8,0.0,3904.32
834,607.32,115.32,0.0,2429.28
835,87.84,29.7,0.0,527.04
836,1697.58,-63.76,0.2,11883.06
837,2063.4,123.75,0.0,10317.0
838,632.04,7.26,0.15,3792.24
839,2906.4,1220.52,0.0,20344.8
840,759.78,75.93,0.1,3798.8999999999996
841,7.64,3.74,0.0,7.64
842,512.57,193.61,0.1,2050.28
843,2605.56,573.12,0.0,10422.24
844,865.9,129.8,0.0,4329.5
845,2605.92,364.8,0.0,10423.68
846,1111.73,135.86,0.1,3335.19
847,778.5,132.3,0.0,1557.0
848,1035.3,352.0,0.0,5176.5
849,2198.7,923.37,0.0,15390.899999999998
850,915.68,240.28,0.2,9156.8
851,1272.12,546.96,0.0,2544.24
852,1207.67,-286.89,0.402,9661.36
853,33.53,2.51,0.2,100.59
854,1821.6,655.65,0.0,9108.0
855,535.8,-96.48,0.5,1071.6
856,954.54,305.37,0.0,2863.62
857,1754.3,214.37,0.1,12280.1
858,192.16,92.24,0.0,768.64
859,721.85,251.69,0.002,2165.55
860,1770.25,422.05,0.002,12391.75
861,1922.34,227.22,0.07,13456.38
862,636.21,178.11,0.0,636.21
863,5759.96,-0.34,0.1,80639.44
864,479.98,90.0,0.2,959.96
865,868.95,43.35,0.0,4344.75
866,272.76,57.24,0.0,545.52
867,1227.58,526.32,0.002,8593.06
868,1620.3,356.4,0.0,16203.0
869,37.94,18.21,0.0,75.88
870,13.62,3.57,0.2,27.24
871,3048.15,1463.07,0.0,21337.05
872,914.28,91.38,0.0,1828.56
873,1232.28,529.83,0.0,3696.84
874,709.7,5.66,0.002,2129.1000000000004
875,1219.04,198.04,0.2,6095.2
876,1993.08,498.24,0.0,11958.48
877,595.17,89.22,0.4,2975.85
878,1781.19,35.37,0.0,16030.710000000001
879,2289.75,68.55,0.0,11448.75
880,2070.15,848.7,0.0,10350.75
881,780.69,181.65,0.27,6245.52
882,1157.58,254.52,0.0,6945.48
883,27.44,2.4,0.2,54.88
884,911.57,101.21,0.1,5469.42
885,1058.02,340.87,0.1,7406.139999999999
886,1094.22,317.16,0.0,6565.32
887,2472.69,903.99,0.07,17308.83
888,15.42,6.94,0.0,30.84
889,1570.6,486.8,0.0,7853.0
890,2019.6,706.68,0.0,24235.199999999997
891,1852.03,532.39,0.2,12964.21
892,3139.13,941.69,0.1,25113.04
893,2120.7,63.6,0.0,10603.5
894,759.06,15.12,0.0,4554.36
895,1581.03,790.47,0.0,4743.09
896,1161.2,-147.52,0.37,8128.400000000001
897,642.72,224.94,0.0,1285.44
898,1308.48,13.08,0.0,3925.44
899,3547.44,780.24,0.0,28379.52
900,724.8,333.36,0.0,1449.6
901,1292.94,77.58,0.0,3878.82
902,803.52,80.28,0.0,7231.68
903,1011.7,126.34,0.2,7081.900000000001
904,2419.2,411.18,0.0,16934.399999999998
905,803.04,180.64,0.2,4015.2
906,1773.72,212.76,0.0,10642.32
907,1893.3,927.6,0.0,9466.5
908,689.09,-53.89,0.1,9647.26
909,2570.76,976.8,0.0,10283.04
910,1199.76,479.88,0.0,4799.04
911,3216.24,96.39,0.0,28946.159999999996
912,1274.24,-127.46,0.2,6371.2
913,2145.72,364.68,0.0,8582.88
914,895.05,178.95,0.1,4475.25
915,1570.18,104.62,0.4,6280.72
916,2614.69,-821.96,0.3,18302.83
917,69.48,20.84,0.0,69.48
918,2751.2,110.0,0.0,27512.0
919,1587.0,-76.56,0.17,4761.0
920,1037.71,298.51,0.27,8301.68
921,908.61,-193.15,0.2,3634.44
922,1241.0,124.01,0.1,3723.0
923,1121.69,124.58,0.1,10095.210000000001
924,1838.52,349.2,0.0,7354.08
925,165.6,-6.21,0.2,496.79999999999995
926,2605.39,-553.88,0.2,23448.51
927,803.52,48.06,0.0,7231.68
928,584.2,239.52,0.0,1168.4
929,1679.62,-149.36,0.1,15116.579999999998
930,1148.78,172.91,0.07,3446.34
931,681.72,327.12,0.0,2726.88
932,3633.9,108.9,0.0,36339.0
933,2637.0,184.5,0.0,15822.0
934,1764.17,127.34,0.17,22934.21
935,757.32,371.04,0.0,1514.64
936,3720.0,632.4,0.0,29760.0
937,985.2,78.72,0.0,7881.6
938,2367.95,920.75,0.1,14207.699999999999
939,837.86,-27.94,0.1,2513.58
940,824.22,255.48,0.0,1648.44
941,723.66,101.22,0.0,5065.62
942,4618.22,923.54,0.1,41563.98
943,1212.56,-45.54,0.2,6062.799999999999
944,27.63,4.14,0.0,27.63
945,1075.44,182.82,0.0,3226.32
946,883.95,234.27,0.17,3535.8
947,1926.72,308.16,0.0,15413.76
948,26.8,12.86,0.0,53.6
949,804.77,150.89,0.2,2414.31
950,470.11,39.55,0.17,1880.44
951,1447.44,506.52,0.0,5789.76
952,1519.32,182.28,0.0,6077.28
953,935.17,20.62,0.1,6546.19
954,3256.95,716.4,0.0,16284.75
955,2968.7,118.72,0.0,20780.899999999998
956,2584.39,660.37,0.1,18090.73
957,891.76,208.0,0.1,3567.04
958,634.8,171.3,0.0,3174.0
959,1134.81,453.87,0.0,10213.289999999999
960,722.36,50.56,0.0,1444.72
961,491.14,141.18,0.2,982.28
962,2842.83,255.69,0.0,25585.47
963,642.72,224.94,0.0,1285.44
964,947.22,-236.88,0.4,4736.1
965,2076.0,103.8,0.0,10380.0
966,1309.2,494.4,0.1,9164.4
967,2266.15,-0.05,0.47,11330.75
968,3606.34,1202.02,0.1,28850.72
969,2367.36,604.86,0.1,11836.800000000001
970,1113.26,-705.1,0.4,6679.5599999999995
971,1285.44,449.88,0.0,5141.76
972,1718.1,68.7,0.0,3436.2
973,1971.68,350.48,0.1,9858.4
974,578.24,129.2,0.15,2312.96
975,755.09,225.47,0.002,2265.27
976,131.9,47.82,0.2,395.70000000000005
977,498.36,9.96,0.0,2990.16
978,2069.55,186.06,0.0,14486.850000000002
979,1001.7,250.38,0.0,6010.200000000001
980,624.42,124.86,0.0,1248.84
981,859.68,28.56,0.1,6877.44
982,750.2,-41.81,0.1,3751.0
983,1269.9,558.72,0.0,7619.400000000001
984,535.65,232.08,0.1,1606.9499999999998
985,2182.68,174.6,0.0,13096.079999999998
986,1181.88,236.34,0.0,7091.280000000001
987,2614.69,-821.96,0.3,18302.83
988,1429.05,371.49,0.0,10003.35
989,1431.34,171.7,0.25,4294.0199999999995
990,3407.94,613.17,0.0,30671.46
991,752.21,126.59,0.002,2256.63
992,1584.39,381.72,0.17,4753.17
993,781.02,140.58,0.0,2343.06
994,60.81,17.03,0.0,182.43
995,1241.0,124.01,0.1,3723.0
996,1352.38,14.98,0.1,4057.1400000000003
997,1508.04,331.68,0.0,6032.16
998,738.63,-177.39,0.5,4431.78
999,694.47,-458.43,0.5,4861.29
1000,874.02,340.83,0.0,6118.139999999999
1001,10.37,3.63,0.2,20.74
1002,5.56,1.45,0.0,11.12
1003,3709.26,1594.89,0.0,33383.340000000004
1004,41.26,-34.38,0.7,247.56
1005,528.93,188.01,0.1,1057.86
1006,1828.35,438.75,0.0,9141.75
1007,1487.81,132.17,0.1,5951.24
1008,1029.6,205.92,0.0,8236.8
1009,1317.31,396.67,0.17,10538.48
1010,1987.32,298.08,0.0,7949.28
1011,1471.12,-916.04,0.47,4413.36
1012,3028.8,999.36,0.0,24230.4
1013,1713.1,551.98,0.1,6852.4
1014,1245.86,-124.66,0.1,3737.58
1015,2266.15,-0.05,0.47,11330.75
1016,2683.8,-1476.09,0.4,18786.600000000002
1017,2752.85,841.79,0.15,24775.649999999998
1018,1629.76,594.22,0.15,9778.56
1019,1070.69,-14.35,0.25,3212.07
1020,907.01,-30.43,0.1,6349.07
1021,2147.6,923.44,0.0,15033.199999999999
1022,822.42,156.24,0.0,1644.84
1023,1921.97,704.63,0.1,11531.82
1024,1563.55,-781.85,0.6,9381.3
1025,1378.17,206.64,0.0,4134.51
1026,2453.04,809.28,0.0,19624.32
1027,4.8,1.44,0.0,4.8
1028,2147.46,579.81,0.0,15032.220000000001
1029,1954.44,-286.68,0.25,7817.76
1030,714.15,-28.59,0.25,1428.3
1031,766.95,-352.8,0.5,3834.75
1032,1062.53,-175.03,0.15,4250.12
1033,40.74,0.41,0.0,122.22
1034,1272.6,496.26,0.0,3817.7999999999997
1035,390.96,38.88,0.0,3518.64
1036,2115.22,-396.68,0.2,19036.98
1037,570.9,239.7,0.0,2854.5
1038,1523.47,241.15,0.002,9140.82
1039,976.08,448.92,0.0,5856.4800000000005
1040,529.74,117.72,0.1,1589.22
1041,2970.9,237.6,0.0,29709.0
1042,761.73,120.57,0.002,2285.19
1043,522.48,172.4,0.0,2089.92
1044,956.88,315.72,0.0,11482.56
1045,1913.52,650.58,0.0,26789.28
1046,55.5,9.99,0.0,111.0
1047,409.08,110.4,0.0,2454.48
1048,1508.04,437.28,0.0,6032.16
1049,1347.57,444.57,0.0,9432.99
1050,1411.02,580.02,0.1,7055.1
1051,1849.32,203.4,0.0,11095.92
1052,586.08,87.84,0.0,4688.64
1053,1274.7,140.16,0.0,2549.4
1054,791.93,236.41,0.002,5543.509999999999
1055,1266.96,139.32,0.0,5067.84
1056,2678.94,241.1,0.0,16073.64
1057,1123.96,124.84,0.1,4495.84
1058,1527.12,656.64,0.0,13744.079999999998
1059,968.4,406.56,0.0,7747.2
1060,782.28,391.14,0.0,1564.56
1061,2096.46,-429.39,0.17,18868.14
1062,840.15,100.8,0.0,4200.75
1063,1025.52,389.52,0.0,8204.16
1064,1184.03,472.13,0.002,5920.15
1065,209.88,35.68,0.0,629.64
1066,1327.35,221.07,0.1,9291.449999999999
1067,563.9,-263.2,0.4,1127.8
1068,1207.08,36.12,0.0,4828.32
1069,1136.43,420.39,0.0,3409.29
1070,698.64,209.52,0.0,2794.56
1071,116.31,23.26,0.2,814.1700000000001
1072,1888.7,887.6,0.0,9443.5
1073,2804.58,822.66,0.25,22436.64
1074,82.66,31.0,0.2,743.9399999999999
1075,49.54,17.34,0.2,148.62
1076,1282.8,628.5,0.0,6414.0
1077,1904.4,418.92,0.0,7617.6
1078,776.25,225.09,0.0,2328.75
1079,1599.16,37.48,0.15,9594.960000000001
1080,1224.9,318.42,0.0,7349.400000000001
1081,858.06,248.64,0.0,6006.42
1082,1652.4,55.08,0.1,6609.6
1083,1899.15,227.85,0.0,9495.75
1084,2049.84,68.19,0.1,10249.2
1085,2039.07,109.62,0.07,10195.35
1086,1272.6,496.26,0.0,3817.7999999999997
1087,758.98,44.08,0.002,2276.94
1088,900.72,45.0,0.0,5404.32
1089,1112.7,259.59,0.1,3338.1000000000004
1090,1144.89,-686.97,0.5,6869.34
1091,1287.96,386.34,0.0,2575.92
1092,2120.8,275.7,0.0,10604.0
1093,1196.3,574.14,0.0,8374.1
1094,2092.75,52.27,0.2,18834.75
1095,1324.35,609.12,0.0,11919.15
1096,1869.72,878.76,0.0,7478.88
1097,346.29,55.23,0.0,2424.03
1098,1908.72,190.8,0.0,11452.32
1099,688.95,55.05,0.0,3444.75
1100,1312.64,377.34,0.2,6563.200000000001
1101,993.66,-655.86,0.5,3974.64
1102,2415.42,1134.84,0.0,33815.880000000005
1103,1685.9,706.06,0.002,13487.2
1104,599.88,239.94,0.0,1199.76
1105,1954.44,781.74,0.0,5863.32
1106,2056.95,431.76,0.0,14398.649999999998
1107,1022.56,327.14,0.0,11248.16
1108,1981.04,-71.68,0.17,23772.48
1109,538.49,-0.07,0.1,2153.96
1110,590.9,-325.12,0.6,3545.3999999999996
1111,1150.04,332.18,0.1,2300.08
1112,1770.67,49.65,0.002,12394.69
1113,1284.82,199.78,0.1,3854.46
1114,1621.95,534.21,0.15,4865.85
1115,1859.13,-26.67,0.3,9295.650000000001
1116,987.96,-54.96,0.1,2963.88
1117,1136.64,181.68,0.0,9093.12
1118,1141.8,479.52,0.0,2283.6
1119,2973.06,445.86,0.0,17838.36
1120,1026.54,400.32,0.0,6159.24
1121,903.01,-42.53,0.15,2709.0299999999997
1122,1393.52,356.0,0.1,5574.08
1123,617.55,172.8,0.0,3087.75
1124,2060.7,700.5,0.0,10303.5
1125,1743.96,645.24,0.0,6975.84
1126,646.5,-13.98,0.07,2586.0
1127,1229.9,286.97,0.1,3689.7000000000003
1128,2066.4,103.2,0.0,10332.0
1129,1274.88,216.72,0.0,2549.76
1130,1717.85,-133.63,0.1,5153.549999999999
1131,1321.92,33.0,0.2,7931.52
1132,36.78,10.58,0.2,73.56
1133,2470.5,938.7,0.0,14823.0
1134,2363.76,227.76,0.17,11818.800000000001
1135,2981.58,1192.52,0.0,20871.059999999998
1136,1461.7,233.8,0.0,7308.5
1137,966.4,115.92,0.0,3865.6
1138,528.01,-72.44,0.27,2640.05
1139,1125.6,379.82,0.2,7879.199999999999
1140,1034.94,248.34,0.0,3104.82
1141,775.57,83.89,0.002,6204.56
1142,17.05,8.18,0.0,85.25
1143,439.68,153.84,0.0,3517.44
1144,1138.83,187.53,0.15,5694.15
1145,1455.12,116.4,0.0,5820.48
1146,676.03,151.06,0.15,2028.09
1147,2060.7,886.05,0.0,10303.5
1148,19.68,6.49,0.0,118.08
1149,1591.11,364.23,0.17,4773.33
1150,1384.29,13.77,0.0,4152.87
1151,1215.36,413.04,0.0,9722.88
1152,1822.08,400.8,0.0,10932.48
1153,1649.21,36.62,0.1,11544.470000000001
1154,1266.03,323.46,0.1,3798.09
1155,1703.15,713.23,0.002,13625.2
1156,1845.72,18.36,0.0,7382.88
1157,637.35,70.08,0.0,637.35
1158,2671.45,133.39,0.4,18700.149999999998
1159,3029.28,1484.16,0.0,24234.24
1160,1121.67,20.15,0.002,7851.6900000000005
1161,521.18,-260.62,0.6,1042.36
1162,511.56,168.72,0.0,3069.36
1163,2186.7,481.05,0.0,10933.5
1164,1458.96,495.84,0.0,11671.68
1165,641.97,38.43,0.0,4493.79
1166,99.98,8.0,0.0,199.96
1167,556.7,-306.22,0.4,1113.4
1168,2300.08,408.88,0.1,9200.32
1169,196.8,31.2,0.0,1968.0
1170,795.6,190.92,0.0,4773.6
1171,757.08,302.73,0.1,3785.4
1172,37.68,16.96,0.0,226.07999999999998
1173,701.47,300.75,0.002,2805.88
1174,467.04,0.0,0.0,3269.28
1175,1953.67,282.13,0.1,25397.71
1176,875.22,166.26,0.0,1750.44
1177,15.01,1.5,0.2,30.02
1178,991.02,416.22,0.0,1982.04
1179,858.64,171.72,0.0,1717.28
1180,996.54,318.84,0.0,1993.08
1181,1836.0,238.68,0.0,7344.0
1182,753.89,103.61,0.2,2261.67
1183,1002.6,451.08,0.0,6015.6
1184,764.93,-306.01,0.4,2294.79
1185,1199.76,479.88,0.0,4799.04
1186,1252.58,-41.8,0.1,3757.74
1187,1285.44,449.88,0.0,5141.76
1188,2076.48,996.6,0.0,12458.880000000001
1189,755.73,243.48,0.1,3778.65
1190,927.72,259.74,0.0,2783.16
1191,861.6,198.15,0.0,4308.0
1192,1976.56,592.81,0.1,17789.04
1193,803.52,369.54,0.0,2410.56
1194,1721.25,19.08,0.1,5163.75
1195,1268.78,14.09,0.1,3806.34
1196,1958.04,509.04,0.0,5874.12
1197,1779.12,711.48,0.0,12453.84
1198,1168.65,292.11,0.0,8180.550000000001
1199,6.33,-9.81,0.8,31.65
1200,1567.44,360.48,0.0,12539.52
1201,652.68,169.68,0.0,652.68
1202,1648.44,-626.52,0.5,13187.52
1203,1532.1,444.3,0.0,7660.5
1204,581.4,273.24,0.0,6976.799999999999
1205,1447.81,596.05,0.15,10134.67
1206,523.76,-192.05,0.4,1571.28
1207,1275.0,140.22,0.0,2550.0
1208,1535.81,-409.63,0.4,10750.67
1209,571.83,34.23,0.0,4002.8100000000004
1210,561.3,33.66,0.0,1122.6
1211,954.09,219.42,0.0,2862.27
1212,523.8,34.92,0.4,3142.7999999999997
1213,179.89,-2.57,0.3,179.89
1214,85.2,20.24,0.2,511.20000000000005
1215,843.32,-56.32,0.1,11806.480000000001
1216,798.75,311.49,0.0,2396.25
1217,846.6,50.76,0.0,5079.6
1218,14.88,3.72,0.0,29.76
1219,239.97,86.39,0.0,719.91
1220,632.15,252.8,0.15,3160.75
1221,1002.91,-329.81,0.27,3008.73
1222,527.31,194.94,0.0,4745.789999999999
1223,830.7,107.85,0.0,4153.5
1224,1830.78,768.88,0.0,12815.46
1225,1895.39,570.83,0.17,7581.56
1226,452.09,-25.15,0.1,1808.36
1227,2452.28,190.58,0.1,17165.960000000003
1228,115.96,-64.94,0.5,463.84
1229,1216.53,304.08,0.0,8515.71
1230,1353.6,541.44,0.0,10828.8
1231,79.47,22.25,0.0,238.41
1232,1536.84,614.7,0.0,9221.039999999999
1233,1266.96,278.64,0.0,5067.84
1234,15.36,7.68,0.0,30.72
1235,37.22,3.72,0.2,111.66
1236,1358.28,203.7,0.0,9507.96
1237,2172.08,628.04,0.17,8688.32
1238,1892.25,170.25,0.0,9461.25
1239,1795.92,843.99,0.0,12571.44
1240,2129.5,938.8,0.07,12777.0
1241,1052.31,105.21,0.0,7366.17
1242,512.76,246.12,0.0,3076.56
1243,1201.1,226.85,0.1,6005.5
1244,2509.36,426.58,0.0,17565.52
1245,1448.16,318.5,0.0,10137.12
1246,1060.44,360.48,0.0,4241.76
1247,1115.37,178.2,0.0,10038.329999999998
1248,23.99,-15.99,0.4,47.98
1249,616.44,265.02,0.0,1232.88
1250,1071.84,310.8,0.0,4287.36
1251,1136.66,-284.26,0.4,6819.960000000001
1252,1081.3,356.14,0.15,2162.6
1253,1308.48,536.46,0.0,2616.96
1254,1375.6,55.0,0.0,6878.0
1255,1622.34,248.04,0.15,4867.0199999999995
1256,2092.5,720.75,0.1,10462.5
1257,1340.34,371.4,0.17,4021.0199999999995
1258,1607.2,124.9,0.1,14464.800000000001
1259,1333.44,146.64,0.0,10667.52
1260,552.5,110.42,0.1,1657.5
1261,1181.03,138.83,0.15,5905.15
1262,788.22,102.42,0.0,2364.66
1263,1900.5,-1672.5,0.5,19005.0
1264,2713.41,27.09,0.0,18993.87
1265,2217.78,775.98,0.0,19960.02
1266,1241.28,434.4,0.0,4965.12
1267,960.0,57.6,0.0,7680.0
1268,4627.37,1439.45,0.1,37018.96
1269,230.28,23.03,0.2,690.84
1270,1524.21,-575.31,0.47,9145.26
1271,918.46,21.52,0.15,8266.14
1272,799.27,9.34,0.15,2397.81
1273,2550.0,714.0,0.0,10200.0
1274,1299.68,-15.52,0.15,10397.44
1275,81.94,20.49,0.0,81.94
1276,1052.16,0.0,0.0,3156.4800000000005
1277,509.16,91.62,0.0,1018.32
1278,766.52,288.44,0.07,1533.04
1279,1836.03,752.64,0.0,12852.21
1280,1460.5,598.8,0.0,7302.5
1281,2544.24,305.28,0.0,10176.96
1282,2068.34,206.69,0.1,10341.7
1283,2220.53,123.35,0.1,13323.18
1284,2583.18,568.26,0.0,15499.079999999998
1285,428.27,137.99,0.1,428.27
1286,395.45,177.45,0.002,1581.8
1287,730.32,175.2,0.0,5842.56
1288,1243.98,534.78,0.0,7463.88
1289,1884.6,791.46,0.0,11307.599999999999
1290,31.08,8.39,0.0,124.32
1291,1795.92,843.99,0.0,12571.44
1292,1182.6,106.32,0.0,4730.4
1293,2830.43,-1981.4,0.5,36795.59
1294,5.96,1.67,0.0,11.92
1295,2885.09,-224.6,0.1,20195.63
1296,2863.35,381.75,0.1,14316.75
1297,3930.07,-786.01,0.2,11790.210000000001
1298,651.71,-695.17,0.7,2606.84
1299,724.8,333.36,0.0,1449.6
1300,1289.57,263.3,0.07,9026.99
1301,1015.92,-24.03,0.15,5079.599999999999
1302,3177.71,-176.77,0.1,28599.39
1303,726.78,319.74,0.0,1453.56
1304,1388.94,208.32,0.0,9722.58
1305,874.68,411.06,0.0,2624.04
1306,1119.36,22.38,0.0,3358.08
1307,829.22,49.7,0.0,5804.54
1308,673.57,252.59,0.2,1347.14
1309,1729.14,483.84,0.0,24207.960000000003
1310,2077.32,394.68,0.0,8309.28
1311,1395.0,237.15,0.0,4185.0
1312,932.99,165.74,0.1,4664.95
1313,362.94,90.74,0.0,1088.82
1314,1587.0,-76.56,0.17,4761.0
1315,1551.6,108.6,0.0,7758.0
1316,26.96,7.01,0.0,53.92
1317,965.05,-68.15,0.15,2895.1499999999996
1318,1274.7,293.16,0.0,3824.1000000000004
1319,1123.08,224.58,0.0,3369.24
1320,1274.7,140.16,0.0,2549.4
1321,2423.54,24.22,0.0,16964.78
1322,474.98,-237.58,0.4,1899.92
1323,2534.02,136.24,0.07,17738.14
1324,1060.8,254.56,0.0,8486.4
1325,1674.45,686.4,0.0,8372.25
1326,1855.68,129.84,0.0,7422.72
1327,967.9,247.3,0.1,1935.8
1328,811.23,153.93,0.0,5678.610000000001
1329,1046.25,-976.5,0.55,5231.25
1330,14.94,7.02,0.0,44.82
1331,1121.94,516.06,0.0,3365.82
1332,1962.0,392.4,0.0,19620.0
1333,709.56,212.76,0.1,2838.24
1334,1111.56,55.56,0.0,4446.24
1335,1161.16,452.76,0.0,8128.120000000001
1336,393.57,-81.72,0.47,1180.71
1337,920.88,395.94,0.0,2762.64
1338,1888.24,-161.96,0.3,11329.44
1339,628.44,-615.96,0.5,2513.76
1340,3547.44,88.44,0.2,35474.4
1341,1762.68,669.72,0.0,7050.72
1342,610.6,238.12,0.0,1221.2
1343,3024.19,86.32,0.3,27217.71
1344,1912.5,210.33,0.0,5737.5
1345,1808.76,155.46,0.07,9043.8
1346,2386.13,381.68,0.25,11930.650000000001
1347,1367.4,396.5,0.0,6837.0
1348,1413.45,502.5,0.1,7067.25
1349,825.12,54.87,0.1,4125.6
1350,167.28,23.42,0.0,2007.3600000000001
1351,578.2,0.0,0.0,2891.0
1352,1578.64,613.84,0.1,6314.56
1353,501.9,215.7,0.0,2509.5
1354,1614.87,-161.55,0.5,9689.22
1355,2672.52,676.17,0.17,13362.6
1356,1699.56,441.72,0.0,20394.72
1357,1286.15,228.59,0.1,9003.050000000001
1358,1961.82,420.3,0.3,11770.92
1359,2016.85,-0.05,0.15,18151.649999999998
1360,497.88,169.2,0.0,4480.92
1361,1564.56,172.08,0.0,6258.24
1362,870.24,347.76,0.0,12183.36
1363,1275.0,357.0,0.0,2550.0
1364,95.84,34.74,0.2,383.36
1365,1054.74,379.68,0.0,2109.48
1366,757.2,249.84,0.0,1514.4
1367,1411.55,251.71,0.002,15527.05
1368,1490.7,104.25,0.0,7453.5
1369,756.6,332.88,0.0,1513.2
1370,783.99,337.14,0.07,3919.95
1371,2472.93,604.35,0.1,14837.579999999998
1372,321.73,-8.11,0.2,1286.92
1373,1181.16,0.0,0.0,4724.64
1374,743.13,230.31,0.0,2229.39
1375,776.41,301.81,0.1,5434.87
1376,12.67,1.43,0.2,114.03
1377,1462.14,321.66,0.0,8772.84
1378,1083.75,165.75,0.15,2167.5
1379,963.9,269.82,0.0,5783.4
1380,464.28,38.22,0.15,1392.84
1381,672.45,75.63,0.2,4707.150000000001
1382,1091.41,-527.55,0.4,7639.870000000001
1383,1305.88,260.98,0.1,11752.920000000002
1384,677.76,94.8,0.0,5422.08
1385,1652.4,33.0,0.0,6609.6
1386,842.76,210.6,0.0,3371.04
1387,1770.6,495.75,0.0,8853.0
1388,2131.25,473.6,0.1,10656.25
1389,1502.78,413.18,0.2,9016.68
1390,477.84,142.68,0.002,1433.52
1391,439.92,197.88,0.0,2639.52
1392,71.28,34.21,0.0,784.08
1393,1652.4,55.08,0.1,6609.6
1394,1776.54,577.3,0.2,12435.779999999999
1395,1630.13,-282.56,0.25,11410.91
1396,1181.67,236.25,0.0,8271.69
1397,331.84,23.2,0.0,1327.36
1398,378.66,185.52,0.0,378.66
1399,1052.16,526.08,0.0,2104.32
1400,1214.72,30.32,0.2,6073.6
1401,1093.41,-20.67,0.47,4373.64
1402,1568.84,184.52,0.15,10981.88
1403,947.22,236.76,0.0,2841.66
1404,1658.88,282.0,0.0,13271.04
1405,1095.8,-421.6,0.35,5479.0
1406,2035.58,-499.3,0.47,16284.64
1407,2679.12,1098.24,0.0,21432.96
1408,1936.62,445.41,0.0,5809.86
1409,454.71,50.01,0.0,454.71
1410,504.36,201.72,0.0,2017.44
1411,404.68,-31.52,0.1,1618.72
1412,1076.58,484.44,0.0,2153.16
1413,14.4,7.06,0.0,72.0
1414,2050.49,-512.71,0.4,12302.939999999999
1415,1798.68,86.64,0.17,7194.72
1416,2276.04,542.64,0.002,20484.36
1417,1470.78,264.6,0.0,8824.68
1418,627.19,269.71,0.07,2508.76
1419,14.43,-10.58,0.7,43.29
1420,1232.1,98.55,0.0,6160.5
1421,636.06,12.72,0.0,1272.12
1422,355.48,-3.98,0.1,710.96
1423,1102.08,198.32,0.0,4408.32
1424,19.76,8.3,0.0,79.04
1425,4.7,0.41,0.2,9.4
1426,1218.24,419.52,0.1,9745.92
1427,2855.16,1313.28,0.0,25696.44
1428,1488.42,-297.68,0.3,10418.94
1429,1487.63,655.73,0.07,7438.150000000001
1430,1625.76,503.76,0.0,13006.08
1431,2277.6,706.05,0.0,11388.0
1432,1792.98,394.38,0.0,12550.86
1433,530.52,26.52,0.0,2122.08
1434,1067.68,91.72,0.07,6406.08
1435,601.32,246.48,0.0,3607.92
1436,1774.22,492.62,0.1,14193.76
1437,239.7,105.47,0.0,1438.1999999999998
1438,967.55,-205.61,0.2,1935.1
1439,143.43,3.59,0.2,143.43
1440,1592.7,652.95,0.0,7963.5
1441,103.12,10.31,0.0,824.96
1442,1607.2,124.9,0.1,14464.800000000001
1443,1032.48,298.08,0.1,8259.84
1444,1314.45,39.42,0.0,3943.3500000000004
1445,2365.61,551.96,0.1,11828.050000000001
1446,1255.5,432.45,0.1,3766.5
1447,1467.36,469.44,0.0,5869.44
1448,417.9,95.76,0.0,5850.599999999999
1449,1037.52,456.48,0.0,2075.04
1450,2129.7,851.8,0.0,10648.5
1451,1086.18,412.74,0.0,2172.36
1452,872.13,252.84,0.0,6104.91
1453,1680.3,285.6,0.0,16803.0
1454,1068.98,391.94,0.1,7482.860000000001
1455,596.28,29.76,0.0,1192.56
1456,565.52,-237.56,0.5,1696.56
1457,868.08,28.92,0.1,6076.56
1458,473.84,28.4,0.0,1895.36
1459,339.12,94.86,0.0,2034.72
1460,1601.73,-1345.5,0.5,20822.49
1461,429.48,-257.76,0.5,2576.88
1462,826.2,16.5,0.0,1652.4
1463,2173.5,260.82,0.0,15214.5
1464,951.6,66.3,0.0,12370.800000000001
1465,1038.49,-311.6,0.3,3115.4700000000003
1466,972.81,36.93,0.002,5836.86
1467,1402.29,411.33,0.25,5609.16
1468,404.73,117.36,0.0,1214.19
1469,696.75,132.3,0.0,3483.75
1470,1429.26,199.92,0.0,10004.82
1471,2571.12,179.88,0.0,10284.48
1472,931.77,214.29,0.0,2795.31
1473,868.95,217.2,0.0,4344.75
1474,899.21,79.91,0.1,1798.42
1475,897.23,-197.51,0.5,6280.610000000001
1476,677.78,73.46,0.17,2711.12
1477,1315.68,328.8,0.0,10525.44
1478,520.8,10.29,0.0,3645.5999999999995
1479,418.46,-188.34,0.6,1673.84
1480,1175.12,58.72,0.0,4700.48
1481,1388.73,680.4,0.0,9721.11
1482,1501.2,89.91,0.0,13510.800000000001
1483,785.61,157.05,0.0,2356.83
1484,852.48,136.26,0.0,5114.88
1485,871.71,43.47,0.0,6101.97
1486,882.75,387.29,0.002,6179.25
1487,499.98,115.0,0.0,999.96
1488,1899.54,227.88,0.0,11397.24
1489,149.97,50.99,0.0,449.90999999999997
1490,1253.07,236.67,0.1,6265.349999999999
1491,1704.87,409.14,0.0,5114.61
1492,116.98,29.25,0.0,233.96
1493,84.96,6.37,0.2,509.76
1494,1658.64,431.04,0.0,13269.12
1495,39.96,18.78,0.0,79.92
1496,2124.5,488.6,0.0,10622.5
1497,760.38,144.42,0.0,1520.76
1498,26.88,11.28,0.0,107.52
1499,1251.94,417.28,0.1,3755.82
1500,648.58,-886.46,0.7,2594.32
1501,1961.04,-147.6,0.07,15688.32
1502,954.36,343.53,0.0,2863.08
1503,482.76,183.33,0.0,4344.84
1504,636.3,139.98,0.0,636.3
1505,2104.74,989.01,0.0,23152.14
1506,504.0,246.96,0.0,3024.0
1507,1940.06,339.44,0.2,13580.42
1508,576.2,242.0,0.0,2881.0
1509,566.23,-363.29,0.47,2264.92
1510,34.27,11.14,0.2,102.81
1511,785.34,86.31,0.0,2356.02
1512,16.77,1.47,0.2,33.54
1513,1068.77,71.09,0.1,8550.16
1514,1206.84,108.6,0.0,4827.36
1515,1232.88,135.6,0.0,4931.52
1516,897.16,-10.04,0.1,5382.96
1517,1078.08,323.4,0.0,2156.16
1518,719.07,273.24,0.0,7909.77
1519,1111.73,135.86,0.1,3335.19
1520,1314.45,341.73,0.0,3943.3500000000004
1521,16.52,5.58,0.2,82.6
1522,543.19,217.27,0.1,1086.38
1523,586.08,87.84,0.0,4688.64
1524,1361.93,49.01,0.17,16343.16
1525,774.18,325.14,0.0,1548.36
1526,1086.18,-369.42,0.5,4344.72
1527,1409.04,436.77,0.0,4227.12
1528,517.81,-118.11,0.202,2071.24
1529,834.9,267.15,0.0,4174.5
1530,1428.8,628.64,0.0,5715.2
1531,635.04,241.2,0.0,5080.32
1532,1180.44,519.3,0.0,7082.64
1533,5.25,0.59,0.2,10.5
1534,840.56,243.74,0.0,5883.92
1535,1269.72,88.74,0.0,7618.32
1536,542.48,126.56,0.1,1084.96
1537,852.48,213.12,0.2,2557.44
1538,1878.72,732.6,0.0,7514.88
1539,1115.37,267.57,0.0,10038.329999999998
1540,1935.1,-411.22,0.2,7740.4
1541,837.24,211.74,0.17,5023.4400000000005
1542,2052.54,410.46,0.1,8210.16
1543,346.92,-152.76,0.5,1387.68
1544,1196.02,478.38,0.0,8372.14
1545,1021.14,387.9,0.0,6126.84
1546,433.92,164.88,0.0,3471.36
1547,1954.17,312.66,0.0,5862.51
1548,636.24,19.08,0.0,636.24
1549,524.28,146.76,0.0,2097.12
1550,1629.91,-802.49,0.35,8149.55
1551,2878.47,431.76,0.0,20149.289999999997
1552,1210.63,376.6,0.1,10895.670000000002
1553,920.4,-575.25,0.6,4602.0
1554,1003.17,354.06,0.15,7022.19
1555,2086.98,145.95,0.0,14608.86
1556,900.07,9.97,0.1,5400.42
1557,1383.12,331.92,0.0,11064.96
1558,729.54,320.94,0.0,4377.24
1559,242.94,4.86,0.0,728.8199999999999
1560,1190.28,583.17,0.0,8331.96
1561,1609.29,273.51,0.0,4827.87
1562,892.27,158.53,0.1,6245.889999999999
1563,2313.83,836.12,0.17,20824.47
1564,1272.3,407.1,0.0,2544.6
1565,1093.92,123.02,0.2,5469.6
1566,3200.73,1216.02,0.0,41609.49
1567,714.72,235.8,0.0,1429.44
1568,731.34,-463.26,0.4,3656.7000000000003
1569,448.02,8.91,0.0,1344.06
1570,696.19,121.83,0.2,1392.38
1571,1422.72,160.02,0.2,7113.6
1572,729.48,218.82,0.0,1458.96
1573,662.78,-212.18,0.5,3313.8999999999996
1574,911.04,282.42,0.0,1822.08
1575,1236.33,383.22,0.0,3708.99
1576,27.46,9.89,0.0,54.92
1577,2052.54,638.46,0.1,12315.24
1578,363.39,159.87,0.0,363.39
1579,556.6,22.2,0.0,2783.0
1580,1282.8,217.95,0.0,6414.0
1581,2549.4,280.32,0.0,10197.6
1582,620.64,43.44,0.0,1241.28
1583,11.56,5.66,0.0,23.12
1584,828.96,113.94,0.2,2486.88
1585,570.5,165.34,0.0,3993.5
1586,1356.72,433.92,0.0,10853.76
1587,15.55,5.44,0.2,46.650000000000006
1588,488.16,112.2,0.0,1952.64
1589,1541.43,445.23,0.1,4624.29
1590,1066.44,223.92,0.0,4265.76
1591,1423.68,355.92,0.0,5694.72
1592,1903.28,95.0,0.4,11419.68
1593,3062.63,-141.67,0.35,33688.93
1594,1292.34,-136.86,0.15,5169.36
1595,1334.64,373.68,0.0,10677.12
1596,1242.54,345.15,0.1,3727.62
1597,1000.26,200.04,0.0,3000.7799999999997
1598,1811.34,0.0,0.0,10868.039999999999
1599,418.32,117.13,0.0,2928.24
1600,516.96,-6.46,0.2,2067.84
1601,1000.91,26.66,0.25,5004.55
1602,717.84,243.84,0.0,5742.72
1603,2194.92,1031.52,0.0,15364.44
1604,758.48,126.32,0.1,3033.92
1605,41.28,19.81,0.0,82.56
1606,698.35,-17.46,0.2,2095.05
1607,837.63,0.0,0.0,2512.89
1608,3217.41,611.1,0.0,22521.87
1609,2011.92,925.44,0.0,8047.68
1610,1863.54,708.12,0.0,11181.24
1611,2076.61,59.17,0.3,12459.66
1612,461.1,132.52,0.2,3227.7000000000003
1613,532.5,207.66,0.0,1065.0
1614,741.89,-102.01,0.2,2225.67
1615,127.92,-15.99,0.2,639.6
1616,860.9,143.33,0.1,6026.3
1617,57.58,21.59,0.2,172.74
1618,1464.12,541.62,0.0,8784.72
1619,478.8,210.66,0.0,957.6
1620,1198.32,0.0,0.0,4793.28
1621,1971.35,-813.61,0.37,15770.8
1622,1908.72,57.24,0.0,5726.16
1623,1995.3,638.46,0.0,11971.8
1624,1685.16,706.56,0.07,8425.800000000001
1625,2290.14,559.74,0.1,9160.56
1626,896.33,22.41,0.2,8066.97
1627,1029.38,-247.13,0.5,5146.900000000001
1628,411.21,78.12,0.0,411.21
1629,33.52,3.35,0.2,67.04
1630,1952.42,759.26,0.1,7809.68
1631,1156.68,-12.96,0.1,10410.12
1632,1513.56,741.6,0.0,6054.24
1633,1075.44,290.34,0.0,2150.88
1634,3.44,-2.53,0.7,3.44
1635,392.93,7.05,0.002,785.86
1636,637.08,261.18,0.0,1274.16
1637,2477.55,1040.55,0.0,12387.75
1638,507.28,174.64,0.1,2029.12
1639,1773.9,124.02,0.0,10643.400000000001
1640,1486.26,698.4,0.0,8917.56
1641,823.86,97.38,0.07,2471.58
1642,698.9,-32.26,0.35,2096.7
1643,11.12,2.89,0.0,44.48
1644,565.02,129.9,0.0,1130.04
1645,991.81,176.81,0.002,4959.049999999999
1646,678.77,-320.23,0.47,3393.85
1647,1717.34,725.09,0.1,8586.699999999999
1648,5.74,-4.59,0.7,17.22
1649,1046.38,-52.34,0.4,4185.52
1650,1264.47,301.47,0.002,6322.35
1651,634.95,279.36,0.0,1904.8500000000001
1652,11.56,5.43,0.0,46.24
1653,613.1,-343.46,0.5,4291.7
1654,1665.62,33.31,0.0,3331.24
1655,1793.98,843.17,0.0,3587.96
1656,742.34,83.51,0.2,5938.72
1657,1236.42,420.3,0.0,3709.26
1658,962.73,-385.11,0.35,2888.19
1659,969.02,302.06,0.07,3876.08
1660,1649.21,36.62,0.1,11544.470000000001
1661,594.96,29.64,0.0,2379.84
1662,1219.96,381.24,0.2,6099.8
1663,1553.76,730.26,0.0,9322.56
1664,1718.1,618.48,0.0,3436.2
1665,492.91,73.93,0.4,1478.73
1666,117.96,24.72,0.0,471.84
1667,52.27,17.64,0.2,574.97
1668,561.54,101.07,0.0,561.54
1669,11.67,-0.73,0.2,11.67
1670,630.36,222.36,0.15,3151.8
1671,625.64,-34.84,0.1,2502.56
1672,967.56,193.44,0.0,3870.24
1673,29.22,9.6,0.0,58.44
1674,1653.12,297.48,0.0,9918.72
1675,16.56,5.8,0.2,33.12
1676,951.72,371.16,0.0,1903.44
1677,347.22,83.16,0.0,2083.32
1678,2321.51,180.41,0.1,30179.630000000005
1679,1236.06,-137.34,0.1,12360.599999999999
1680,490.32,181.32,0.0,1961.28
1681,2123.13,-174.87,0.15,10615.650000000001
1682,527.87,73.79,0.07,2111.48
1683,1179.26,-471.79,0.35,5896.3
1684,1152.65,347.09,0.17,8068.550000000001
1685,1457.28,378.84,0.0,8743.68
1686,1352.4,-437.54,0.32,12171.6
1687,1281.83,105.47,0.15,5127.32
1688,2278.32,751.8,0.0,13669.920000000002
1689,1127.28,225.36,0.0,9018.24
1690,1459.68,-535.32,0.4,14596.800000000001
1691,611.2,183.36,0.0,4889.6
1692,928.2,222.74,0.0,6497.400000000001
1693,334.93,42.93,0.002,1339.72
1694,1115.78,311.9,0.07,4463.12
1695,1451.14,-362.78,0.6,11609.12
1696,1371.42,-1097.28,0.5,8228.52
1697,1287.96,489.42,0.0,2575.92
1698,865.62,51.84,0.0,5193.72
1699,1166.96,-58.44,0.2,5834.8
1700,539.97,134.99,0.0,1619.91
1701,786.96,393.48,0.0,3147.84
1702,1661.5,110.65,0.1,11630.5
1703,798.75,239.58,0.0,2396.25
1704,744.0,269.7,0.2,2232.0
1705,659.18,-0.16,0.1,3955.08
1706,1692.77,166.21,0.002,13542.16
1707,336.24,73.92,0.0,1344.96
1708,71.09,-1.78,0.2,142.18
1709,1232.1,98.55,0.0,6160.5
1710,539.78,-302.36,0.5,1619.34
1711,88.96,10.01,0.2,711.68
1712,756.9,370.86,0.0,1513.8
1713,1264.97,73.47,0.002,6324.85
1714,2722.86,408.24,0.0,19060.02
1715,1011.9,20.1,0.0,10119.0
1716,14.94,6.87,0.0,44.82
1717,822.85,-0.05,0.1,1645.7
1718,808.73,296.33,0.1,5661.110000000001
1719,1846.11,793.8,0.0,12922.769999999999
1720,584.35,160.63,0.2,3506.1000000000004
1721,802.2,120.33,0.0,5615.400000000001
1722,2286.88,228.68,0.2,11434.400000000001
1723,1762.3,475.8,0.0,8811.5
1724,453.44,146.09,0.1,1360.32
1725,1084.68,488.1,0.0,2169.36
1726,1035.84,455.76,0.0,4143.36
1727,2841.66,710.28,0.0,25574.94
1728,1075.23,344.07,0.0,3225.69
1729,655.56,91.53,0.0,5900.039999999999
1730,938.15,-0.2,0.5,12195.949999999999
1731,1397.17,155.17,0.1,4191.51
1732,668.34,267.3,0.0,1336.68
1733,596.7,83.52,0.0,1790.1000000000001
1734,654.24,287.85,0.0,654.24
1735,1621.95,534.21,0.15,4865.85
1736,1249.86,444.3,0.1,8749.019999999999
1737,1298.24,123.59,0.37,6491.2
1738,380.19,72.21,0.0,380.19
1739,878.22,-127.08,0.17,4391.1
1740,327.18,-19.74,0.5,4580.52
1741,921.38,-172.13,0.25,8292.42
1742,1440.84,86.4,0.0,5763.36
1743,1006.06,-165.47,0.27,3018.18
1744,697.58,-209.3,0.4,2790.32
1745,313.35,-12.6,0.5,1566.75
1746,1187.64,213.66,0.0,7125.84
1747,949.1,-105.46,0.1,3796.4
1748,1469.25,616.95,0.0,7346.25
1749,2636.85,580.05,0.0,13184.25
1750,729.48,94.8,0.0,4376.88
1751,636.49,109.09,0.3,636.49
1752,990.95,-878.77,0.47,3963.8
1753,1190.17,212.17,0.002,7141.02
1754,3.59,1.12,0.2,3.59
1755,394.98,15.78,0.0,1184.94
1756,1513.2,665.76,0.0,6052.8
1757,1564.56,782.28,0.0,6258.24
1758,89.97,18.89,0.0,269.90999999999997
1759,1302.96,521.16,0.0,2605.92
1760,58.32,27.99,0.0,524.88
1761,892.44,44.46,0.0,5354.64
1762,26.14,1.96,0.2,78.42
1763,55.19,-10.12,0.4,110.38
1764,850.95,93.6,0.0,4254.75
1765,1666.66,185.08,0.1,9999.960000000001
1766,1630.8,652.2,0.1,8154.0
1767,1380.6,-414.18,0.5,8283.599999999999
1768,1285.56,51.42,0.0,2571.12
1769,10.8,5.18,0.0,54.0
1770,961.8,163.38,0.0,6732.599999999999
1771,649.2,-9.78,0.202,4544.400000000001
1772,802.2,128.31,0.0,5615.400000000001
1773,490.5,156.96,0.0,2943.0
1774,559.71,-121.27,0.4,1679.13
1775,471.0,226.05,0.0,2355.0
1776,309.88,-142.76,0.37,1239.52
1777,949.69,-437.27,0.37,3798.76
1778,2438.67,867.03,0.1,17070.690000000002
1779,626.56,162.88,0.0,1253.12
1780,624.18,43.68,0.0,1248.36
1781,1503.74,-1842.1,0.6,12029.92
1782,2075.04,892.2,0.0,8300.16
1783,2070.0,82.8,0.0,16560.0
1784,1636.96,472.84,0.1,6547.84
1785,481.18,-120.29,0.4,962.36
1786,871.98,322.62,0.0,1743.96
1787,583.48,93.32,0.0,1166.96
1788,1076.25,227.1,0.1,9686.25
1789,985.68,78.84,0.0,3942.72
1790,1054.02,337.26,0.0,2108.04
1791,788.4,291.6,0.0,3153.6
1792,1751.63,38.93,0.1,8758.150000000001
1793,1053.19,145.59,0.002,5265.950000000001
1794,452.55,-77.25,0.402,1357.65
1795,1611.0,64.44,0.0,9666.0
1796,565.11,-31.44,0.1,2825.55
1797,1363.91,-1864.1,0.7,6819.55
1798,666.84,133.36,0.0,1333.68
1799,1198.32,179.64,0.0,4793.28
1800,739.44,125.64,0.0,6654.960000000001
1801,276.1,110.41,0.1,276.1
1802,1049.62,-314.9,0.4,4198.48
1803,666.72,133.2,0.0,4000.32
1804,760.38,144.42,0.0,1520.76
1805,178.38,22.3,0.2,356.76
1806,513.81,92.43,0.0,1541.4299999999998
1807,318.68,-312.38,0.5,1593.4
1808,358.02,71.58,0.1,716.04
1809,46.62,21.45,0.0,419.58
1810,1122.17,24.89,0.1,6733.02
1811,2756.94,275.58,0.1,19298.58
1812,1652.4,679.32,0.1,6609.6
1813,655.52,170.4,0.0,5244.16
1814,795.6,190.92,0.0,4773.6
1815,513.12,215.46,0.0,1026.24
1816,347.36,-69.47,0.3,2431.52
1817,1451.4,130.56,0.0,5805.6
1818,1629.45,-153.36,0.15,4888.35
1819,1109.56,143.56,0.15,2219.12
1820,767.52,45.9,0.0,4605.12
1821,2135.28,21.12,0.0,17082.24
1822,192.22,69.2,0.0,2691.08
1823,1026.24,174.36,0.0,4104.96
1824,892.08,106.92,0.0,5352.4800000000005
1825,1590.66,47.7,0.0,9543.960000000001
1826,541.52,165.62,0.15,1083.04
1827,746.39,132.59,0.1,2985.56
1828,1023.29,320.45,0.17,4093.16
1829,1208.0,144.9,0.0,6040.0
1830,2069.88,413.88,0.0,8279.52
1831,378.4,-71.0,0.2,1892.0
1832,2280.4,228.0,0.2,11402.0
1833,771.97,67.49,0.2,3087.88
1834,1377.0,179.01,0.0,4131.0
1835,578.5,-38.57,0.1,578.5
1836,1718.0,372.56,0.17,6872.0
1837,785.79,369.27,0.0,2357.37
1838,1314.24,13.12,0.0,10513.92
1839,105.58,9.24,0.2,211.16
1840,845.46,92.88,0.0,5072.76
1841,950.22,208.98,0.0,2850.66
1842,1162.89,11.61,0.0,3488.67
1843,1414.61,235.52,0.1,15560.71
1844,698.54,38.78,0.1,2794.16
1845,1177.17,405.42,0.1,3531.51
1846,59.71,5.97,0.2,358.26
1847,596.16,-39.84,0.1,2980.7999999999997
1848,1928.34,77.13,0.0,5785.0199999999995
1849,42.66,5.1,0.0,42.66
1850,503.66,138.4,0.2,3525.6200000000003
1851,747.36,-93.42,0.2,2242.08
1852,1571.22,785.52,0.0,9427.32
1853,592.56,-52.02,0.2,5333.039999999999
1854,1703.76,681.44,0.0,6815.04
1855,825.1,297.0,0.0,4125.5
1856,1926.72,712.8,0.0,15413.76
1857,1759.51,624.31,0.07,8797.55
1858,2320.64,-203.06,0.2,11603.199999999999
1859,1001.76,50.06,0.4,5008.8
1860,394.27,-256.29,0.4,1577.08
1861,678.8,202.64,0.002,4072.7999999999997
1862,616.82,-382.46,0.5,1850.46
1863,1226.34,118.59,0.07,6131.7
1864,1842.66,884.46,0.0,3685.32
1865,1058.28,-2.12,0.002,5291.4
1866,1513.56,741.6,0.0,6054.24
1867,9.27,4.05,0.0,9.27
1868,1031.1,133.98,0.0,7217.699999999999
1869,620.16,-314.85,0.35,1860.48
1870,1285.56,527.04,0.0,3856.68
1871,866.1,121.2,0.0,4330.5
1872,990.12,356.4,0.0,3960.48
1873,1085.55,-155.1,0.3,3256.6499999999996
1874,950.4,132.96,0.0,3801.6
1875,1026.24,0.0,0.0,6157.4400000000005
1876,355.73,41.81,0.15,1067.19
1877,1271.97,368.82,0.0,11447.73
1878,445.62,218.34,0.0,445.62
1879,1270.17,404.61,0.002,7621.02
1880,1519.14,561.96,0.0,21267.960000000003
1881,1542.24,200.34,0.0,13880.16
1882,2131.92,532.8,0.0,17055.36
1883,1277.82,-0.08,0.4,6389.099999999999
1884,1040.55,208.11,0.0,7283.849999999999
1885,1431.54,413.49,0.1,7157.7
1886,2571.12,102.84,0.0,10284.48
1887,1573.92,786.96,0.0,12591.36
1888,1587.17,218.21,0.2,9523.02
1889,1235.25,469.35,0.0,3705.75
1890,705.07,-411.33,0.4,2820.28
1891,846.29,56.36,0.1,2538.87
1892,1319.65,-222.77,0.17,7917.900000000001
1893,537.4,145.0,0.0,2687.0
1894,19.3,6.03,0.2,57.900000000000006
1895,576.0,270.72,0.0,4608.0
1896,985.28,142.25,0.1,2955.84
1897,266.58,87.84,0.0,1599.48
1898,239.95,-35.99,0.2,1439.6999999999998
1899,792.36,118.8,0.0,3169.44
1900,1516.28,680.6,0.002,9097.68
1901,727.5,121.2,0.4,3637.5
1902,1057.8,338.46,0.0,2115.6
1903,587.16,146.76,0.0,2348.64
1904,659.54,151.62,0.0,4616.78
1905,1134.21,249.48,0.0,7939.47
1906,911.04,118.38,0.0,1822.08
1907,848.32,-996.78,0.6,4241.6
1908,17.09,1.07,0.2,34.18
1909,645.14,157.7,0.1,1290.28
1910,14.48,-23.89,0.8,72.4
1911,417.34,208.56,0.0,4590.74
1912,1054.02,337.26,0.0,2108.04
1913,1027.2,287.52,0.0,8217.6
1914,873.29,168.29,0.17,1746.58
1915,561.12,84.0,0.0,7855.68
1916,724.12,21.72,0.0,1448.24
1917,9.24,4.44,0.0,27.72
1918,612.68,-296.14,0.4,3676.08
1919,546.0,60.0,0.0,2184.0
1920,751.87,56.35,0.2,2255.61
1921,1495.35,164.4,0.0,7476.75
1922,2243.88,246.72,0.0,8975.52
1923,657.84,184.08,0.0,2631.36
1924,578.14,231.22,0.15,2312.56
1925,1057.98,103.88,0.002,5289.9
1926,578.98,-361.94,0.6,2315.92
1927,710.76,341.16,0.0,2843.04
1928,877.38,394.8,0.0,6141.66
1929,666.96,326.76,0.0,9337.44
1930,1282.41,213.74,0.1,6412.05
1931,899.82,359.91,0.0,2699.46
1932,815.8,-95.99,0.15,2447.3999999999996
1933,1070.16,321.0,0.0,2140.32
1934,529.8,116.52,0.0,1059.6
1935,1058.1,73.95,0.0,5290.5
1936,1101.33,319.14,0.0,9911.97
1937,667.54,-31.49,0.15,2002.62
1938,633.48,139.32,0.0,1266.96
1939,2478.6,1018.98,0.1,14871.599999999999
1940,628.11,213.36,0.0,4396.77
1941,848.07,310.95,0.1,2544.21
1942,1970.5,49.22,0.2,7882.0
1943,1616.06,113.96,0.15,8080.299999999999
1944,527.01,168.63,0.0,527.01
1945,867.96,86.76,0.4,3471.84
1946,1497.9,0.0,0.0,7489.5
1947,2068.34,206.69,0.1,10341.7
1948,690.48,41.4,0.0,2761.92
1949,433.98,-166.47,0.4,2169.9
1950,1128.72,485.28,0.0,9029.76
1951,1955.12,608.24,0.1,7820.48
1952,1184.39,-182.35,0.35,7106.34
1953,1743.96,714.96,0.0,6975.84
1954,1487.72,-488.92,0.3,5950.88
1955,587.7,-340.98,0.5,2350.8
1956,566.61,28.32,0.0,566.61
1957,1285.44,449.88,0.0,5141.76
1958,899.55,-1109.55,0.7,8995.5
1959,1345.33,328.78,0.1,4035.99
1960,1117.7,206.3,0.35,2235.4
1961,874.96,-68.06,0.1,5249.76
1962,1838.1,533.04,0.0,5514.299999999999
1963,1436.52,587.16,0.002,8619.119999999999
1964,1272.48,534.42,0.0,2544.96
1965,1000.26,90.0,0.0,2000.52
1966,738.29,-166.15,0.2,2214.87
1967,972.57,194.43,0.1,2917.71
1968,607.9,79.0,0.0,3039.5
1969,398.88,143.52,0.0,1595.52
1970,1006.59,-110.4,0.27,3019.77
1971,290.7,93.0,0.0,581.4
1972,660.31,242.11,0.1,1320.62
1973,5443.96,2504.22,0.0,21775.84
1974,639.97,215.99,0.2,2559.88
1975,1140.3,433.26,0.0,3420.8999999999996
1976,825.1,297.0,0.0,4125.5
1977,972.81,36.93,0.002,5836.86
1978,723.72,-156.88,0.4,3618.6000000000004
1979,1281.75,499.8,0.0,6408.75
1980,52.96,20.12,0.0,105.92
1981,1839.18,238.98,0.0,12874.26
1982,1272.48,458.04,0.0,5089.92
1983,807.08,304.88,0.1,2421.2400000000002
1984,14.94,7.02,0.0,44.82
1985,1272.6,279.96,0.0,2545.2
1986,891.9,178.38,0.0,5351.4
1987,849.8,-786.1,0.6,4249.0
1988,1590.66,540.72,0.0,9543.960000000001
1989,805.5,32.22,0.0,2416.5
1990,898.38,116.76,0.0,6288.66
1991,27.24,9.53,0.2,136.2
1992,683.06,-865.3,0.7,2732.24
1993,1593.38,-1242.98,0.5,7966.900000000001
1994,1275.12,-1147.65,0.5,8925.84
1995,447.55,-10.13,0.1,3580.4
1996,1102.54,-275.63,0.2,3307.62
1997,496.58,-289.84,0.4,2979.48
1998,591.95,-642.85,0.65,7103.400000000001
1999,896.89,219.19,0.1,1793.78
2000,1294.8,608.55,0.0,6474.0
2001,547.83,153.36,0.0,1643.4900000000002
2002,415.08,58.08,0.0,1660.32
2003,1008.0,433.44,0.0,8064.0
2004,1889.06,482.69,0.1,13223.42
2005,701.54,287.56,0.0,4910.78
2006,17.88,5.59,0.2,53.64
2007,1451.4,522.48,0.0,5805.6
2008,1679.62,-149.36,0.1,15116.579999999998
2009,97.18,6.07,0.2,194.36
2010,66.98,6.7,0.2,468.86
2011,675.54,29.94,0.1,3377.7
2012,689.14,-226.46,0.3,1378.28
2013,33.11,12.91,0.0,231.76999999999998
2014,410.88,-191.84,0.4,3287.04
2015,865.98,268.38,0.0,5195.88
2016,1508.26,-980.54,0.4,12066.08
2017,1482.85,308.95,0.002,10379.949999999999
2018,1724.93,-1293.79,0.6,13799.44
2019,1526.5,595.3,0.0,7632.5
2020,380.07,-77.85,0.17,3420.63
2021,471.18,230.85,0.0,471.18
2022,1838.52,496.32,0.0,7354.08
2023,370.9,86.53,0.1,370.9
2024,736.5,0.0,0.0,3682.5
2025,2142.0,728.28,0.0,14994.0
2026,1192.8,-1580.46,0.6,8349.6
2027,8.02,1.1,0.2,24.06
2028,1854.5,432.65,0.1,9272.5
2029,778.69,119.08,0.15,2336.07
2030,851.57,356.61,0.002,3406.28
2031,1272.6,12.6,0.0,7635.599999999999
2032,541.3,-297.86,0.4,3789.0999999999995
2033,51.75,15.53,0.0,51.75
2034,1761.87,526.09,0.002,12333.09
2035,388.8,167.04,0.0,3110.4
2036,700.65,15.57,0.1,1401.3
2037,716.1,343.65,0.0,3580.5
2038,1758.0,70.32,0.0,7032.0
2039,797.23,-199.33,0.4,3188.92
2040,403.87,98.68,0.1,1211.6100000000001
2041,855.23,-376.34,0.5,2565.69
2042,862.09,114.25,0.17,1724.18
2043,1223.79,-692.94,0.47,11014.11
2044,1499.7,494.85,0.0,7498.5
2045,239.24,23.92,0.2,239.24
2046,383.96,38.4,0.2,1919.8
2047,602.76,0.0,0.0,1205.52
2048,654.6,98.16,0.0,2618.4
2049,842.32,-200.08,0.2,4211.6
2050,1236.96,346.32,0.0,4947.84
2051,550.13,143.09,0.27,4401.04
2052,35.4,13.45,0.0,177.0
2053,2544.96,1068.84,0.0,10179.84
2054,15.98,5.0,0.2,31.96
2055,1553.76,730.26,0.0,9322.56
2056,789.93,229.05,0.0,2369.79
2057,831.79,-0.08,0.1,2495.37
2058,1708.14,512.4,0.0,11956.980000000001
2059,743.7,37.05,0.0,3718.5
2060,1140.75,0.0,0.0,3422.25
2061,1912.5,535.5,0.0,5737.5
2062,831.11,59.99,0.17,4986.66
2063,1060.56,-35.52,0.1,8484.48
2064,665.55,66.42,0.0,5989.95
2065,580.72,40.6,0.0,4065.04
2066,877.92,280.8,0.0,7023.36
2067,989.04,-435.24,0.5,3956.16
2068,1403.24,-678.28,0.4,12629.16
2069,413.64,198.54,0.0,1240.92
2070,1144.89,549.54,0.0,3434.67
2071,1292.1,155.0,0.0,6460.5
2072,1998.24,359.64,0.0,7992.96
2073,1837.56,-114.99,0.2,9187.8
2074,3445.34,-775.38,0.2,48234.76
2075,442.64,152.42,0.1,3098.48
2076,679.67,60.29,0.1,6117.03
2077,5.68,1.92,0.2,11.36
2078,870.24,295.88,0.0,1740.48
2079,583.92,251.04,0.0,3503.5199999999995
2080,832.84,212.83,0.1,2498.52
2081,1533.33,-34.11,0.1,4599.99
2082,1894.42,-111.5,0.15,13260.94
2083,1087.2,119.52,0.0,3261.6000000000004
2084,635.81,62.39,0.002,1907.4299999999998
2085,816.26,362.78,0.1,1632.52
2086,1676.26,206.2,0.35,10057.56
2087,548.64,0.0,0.0,2194.56
2088,1192.56,59.52,0.0,4770.24
2089,532.8,95.88,0.0,2131.2
2090,423.24,-364.08,0.5,1692.96
2091,659.42,-219.86,0.4,2637.68
2092,621.18,236.04,0.0,1242.36
2093,762.08,-8.47,0.1,3810.4
2094,1094.22,328.23,0.0,3282.66
2095,785.91,-18.54,0.15,3929.5499999999997
2096,1017.93,214.86,0.1,3053.79
2097,280.87,-430.73,0.7,2246.96
2098,1287.43,-536.45,0.4,5149.72
2099,911.36,70.73,0.1,6379.52
2100,1543.44,370.32,0.0,12347.52
2101,723.3,7.2,0.0,1446.6
2102,970.05,-36.43,0.2,3880.2
2103,1109.05,86.2,0.1,3327.1499999999996
2104,15.53,4.85,0.2,46.589999999999996
2105,1167.48,431.82,0.0,7004.88
2106,735.05,-32.71,0.1,2940.2
2107,451.6,4.48,0.0,1806.4
2108,1431.14,-127.22,0.1,7155.700000000001
2109,951.04,-646.1,0.47,5706.24
2110,1297.62,64.8,0.0,11678.579999999998
2111,1023.36,184.08,0.0,8186.88
2112,485.86,-81.02,0.4,3886.88
2113,2570.94,856.98,0.1,15425.64
2114,3421.47,874.17,0.1,23950.289999999997
2115,724.25,72.41,0.4,2897.0
2116,1822.54,385.78,0.15,10935.24
2117,863.2,293.4,0.0,4316.0
2118,920.4,-276.12,0.5,3681.6
2119,1022.26,-0.06,0.4,4089.04
2120,440.37,166.17,0.1,4403.7
2121,381.76,87.76,0.0,1527.04
2122,1139.16,284.76,0.0,2278.32
2123,2052.54,638.46,0.1,12315.24
2124,1497.44,299.44,0.0,5989.76
2125,6.37,2.15,0.2,12.74
2126,967.55,-205.61,0.2,1935.1
2127,7.97,2.59,0.2,15.94
2128,612.9,177.6,0.0,3064.5
2129,1250.24,486.05,0.1,8751.68
2130,598.1,166.1,0.1,2392.4
2131,555.6,177.7,0.0,2778.0
2132,1813.5,145.08,0.0,23575.5
2133,500.13,45.0,0.0,500.13
2134,1431.47,-343.6,0.25,4294.41
2135,1269.91,-36.29,0.3,2539.82
2136,1621.93,95.38,0.15,8109.650000000001
2137,898.74,134.73,0.0,2696.2200000000003
2138,1707.26,192.02,0.2,10243.56
2139,4.61,1.67,0.2,9.22
2140,1279.17,225.74,0.15,6395.85
2141,993.25,-3.41,0.402,6952.75
2142,1016.64,406.56,0.0,4066.56
2143,1236.6,98.85,0.0,6183.0
2144,476.28,204.66,0.0,2857.68
2145,2525.18,-294.82,0.4,20201.44
2146,1845.72,535.2,0.0,7382.88
2147,552.2,104.3,0.1,1104.4
2148,1208.25,-80.55,0.1,6041.25
2149,931.77,214.29,0.0,2795.31
2150,1867.14,-93.5,0.2,14937.12
2151,71.96,25.19,0.2,359.79999999999995
2152,378.41,113.51,0.1,1892.0500000000002
2153,1019.9,-408.02,0.4,4079.6
2154,720.42,201.66,0.0,1440.84
2155,147.18,-29.44,0.2,294.36
2156,394.7,-26.38,0.4,2368.2
2157,1354.95,108.3,0.0,6774.75
2158,532.77,111.72,0.0,3729.39
2159,956.16,468.48,0.0,3824.64
2160,1111.56,200.04,0.0,6669.36
2161,846.78,269.74,0.002,3387.12
2162,640.73,-538.28,0.5,3203.65
2163,1725.06,306.66,0.1,5175.18
2164,1019.7,142.74,0.0,6118.200000000001
2165,699.2,104.88,0.0,1398.4
2166,868.96,187.12,0.35,2606.88
2167,700.68,350.28,0.0,2802.72
2168,37.93,6.83,0.0,37.93
2169,1011.74,404.63,0.15,7082.18
2170,486.32,135.05,0.1,1458.96
2171,947.22,274.68,0.0,1894.44
2172,720.48,135.03,0.2,3602.4
2173,1523.66,-50.98,0.1,12189.28
2174,1272.3,623.4,0.0,2544.6
2175,413.37,115.74,0.0,1240.1100000000001
2176,1820.7,436.94,0.0,12744.9
2177,387.4,31.9,0.15,2324.3999999999996
2178,650.72,299.28,0.0,2602.88
2179,639.0,44.73,0.0,639.0
2180,1428.3,314.19,0.0,4284.9
2181,3187.5,350.55,0.0,15937.5
2182,738.36,-424.56,0.6,1476.72
2183,496.83,84.45,0.0,496.83
2184,645.28,75.88,0.15,3226.3999999999996
2185,735.41,82.73,0.2,2206.23
2186,780.42,-535.23,0.65,5462.94
2187,1828.98,566.73,0.0,16460.82
2188,519.66,72.72,0.0,1558.98
2189,1142.06,57.02,0.2,3426.18
2190,1140.3,319.26,0.0,2280.6
2191,314.0,39.86,0.37,942.0
2192,12.77,0.96,0.2,25.54
2193,359.24,11.84,0.1,1796.2
2194,307.15,-30.89,0.1,1842.8999999999999
2195,2080.32,603.24,0.0,8321.28
2196,682.5,197.85,0.0,3412.5
2197,640.08,185.5,0.0,4480.56
2198,1603.31,142.34,0.1,14429.789999999999
2199,911.33,-615.19,0.6,5467.9800000000005
2200,1274.36,314.81,0.15,6371.799999999999
2201,459.52,220.56,0.0,1838.08
2202,1512.21,102.93,0.002,9073.26
2203,1210.86,423.78,0.0,8476.019999999999
2204,1052.43,-81.93,0.1,3157.29
2205,275.0,3.91,0.3,2475.0
2206,269.36,70.03,0.0,1885.52
2207,985.82,-419.08,0.6,5914.92
2208,2408.09,339.89,0.15,12040.45
2209,930.0,158.1,0.0,1860.0
2210,1301.44,598.56,0.0,10411.52
2211,507.84,50.76,0.2,1015.68
2212,918.78,0.0,0.0,1837.56
2213,1549.98,139.32,0.0,9299.880000000001
2214,2180.34,959.22,0.0,13082.04
2215,963.9,231.3,0.0,4819.5
2216,766.8,-421.74,0.4,2300.3999999999996
2217,672.19,240.99,0.002,4705.33
2218,3232.85,-277.16,0.3,16164.25
2219,724.54,-471.02,0.4,2898.16
2220,621.45,192.6,0.0,3107.25
2221,1387.68,242.78,0.2,6938.400000000001
2222,858.96,34.2,0.0,5153.76
2223,613.89,171.81,0.0,1841.67
2224,1239.3,24.75,0.0,3717.8999999999996
2225,743.27,-520.34,0.5,2229.81
2226,13.28,6.37,0.0,26.56
2227,511.62,227.37,0.1,511.62
2228,1218.45,268.05,0.0,6092.25
2229,1393.88,572.93,0.1,6969.400000000001
2230,767.95,-358.49,0.4,3071.8
2231,1058.1,73.95,0.0,5290.5
2232,770.85,-447.15,0.5,3854.25
2233,384.72,34.56,0.0,3077.76
2234,1040.22,405.54,0.0,6241.32
2235,1380.6,55.17,0.0,4141.799999999999
2236,566.52,16.98,0.0,1133.04
2237,1280.08,-208.02,0.2,6400.4
2238,793.56,388.8,0.0,3174.24
2239,1048.56,262.08,0.0,4194.24
2240,265.74,77.04,0.0,531.48
2241,500.7,30.0,0.0,2503.5
2242,2396.27,-317.15,0.32,9585.08
2243,1174.08,222.96,0.0,14088.96
2244,583.44,239.04,0.0,4667.52
2245,342.09,153.93,0.0,2394.6299999999997
2246,659.42,-0.04,0.2,1978.2599999999998
2247,723.12,86.76,0.0,1446.24
2248,2124.72,233.64,0.0,12748.32
2249,315.78,31.58,0.2,2526.24
2250,1236.2,420.28,0.0,8653.4
2251,1180.1,151.7,0.3,5900.5
2252,351.9,28.14,0.0,703.8
2253,244.01,-31.37,0.3,488.02
2254,579.45,225.9,0.0,2897.25
2255,900.23,-10.03,0.1,1800.46
2256,569.07,187.74,0.0,1707.21
2257,361.58,-16.18,0.1,2892.64
2258,826.56,148.74,0.0,1653.12
2259,306.99,-76.75,0.2,2148.9300000000003
2260,657.01,93.85,0.3,1314.02
2261,969.36,348.81,0.0,6785.52
2262,688.74,83.85,0.1,7576.14
2263,1697.25,-232.5,0.27,8486.25
2264,345.24,-24.36,0.402,2071.44
2265,319.98,143.97,0.0,319.98
2266,1459.68,335.64,0.0,5838.72
2267,1322.8,238.0,0.0,13228.0
2268,274.5,49.35,0.0,1372.5
2269,654.1,247.06,0.1,1308.2
2270,1828.71,-56.43,0.35,10972.26
2271,987.96,43.86,0.1,2963.88
2272,1281.75,499.8,0.0,6408.75
2273,292.2,119.76,0.0,1168.8
2274,939.84,-219.36,0.4,4699.2
2275,1051.72,308.5,0.25,3155.16
2276,619.2,108.36,0.2,5572.8
2277,1337.63,311.99,0.1,8025.780000000001
2278,40.29,10.07,0.0,120.87
2279,34.85,6.53,0.2,69.7
2280,785.09,52.31,0.4,1570.18
2281,526.41,188.79,0.002,1579.23
2282,1000.98,9.9,0.0,9008.82
2283,1323.9,383.93,0.0,6619.5
2284,853.93,0.0,0.3,4269.65
2285,884.95,255.43,0.1,7079.6
2286,461.48,66.56,0.1,1845.92
2287,765.0,-153.0,0.4,1530.0
2288,370.02,33.18,0.0,5180.28
2289,583.92,-58.56,0.5,4671.36
2290,1648.44,609.84,0.0,9890.64
2291,1100.16,164.88,0.0,6600.960000000001
2292,630.34,-63.1,0.4,5042.72
2293,1258.78,375.78,0.002,6293.9
2294,271.9,78.85,0.0,543.8
2295,872.55,164.35,0.002,4362.75
2296,527.76,248.04,0.0,4749.84
2297,462.83,190.13,0.1,2776.98
2298,483.2,57.96,0.0,966.4
2299,461.05,61.45,0.1,922.1
2300,402.96,48.24,0.0,3223.68
2301,262.28,101.96,0.1,524.56
2302,113.94,54.69,0.0,683.64
2303,955.5,276.99,0.0,6688.5
2304,735.39,-235.35,0.5,4412.34
2305,785.61,157.05,0.0,2356.83
2306,1000.98,280.26,0.0,6005.88
2307,1010.34,-44.94,0.1,4041.36
2308,1362.72,81.6,0.0,10901.76
2309,870.24,304.56,0.0,870.24
2310,1232.1,431.1,0.0,6160.5
2311,655.35,72.0,0.0,3276.75
2312,757.58,-62.41,0.15,2272.7400000000002
2313,1481.7,711.0,0.0,14817.0
2314,1110.27,111.0,0.1,3330.81
2315,1837.21,183.64,0.3,5511.63
2316,497.64,179.1,0.0,995.28
2317,1422.24,526.2,0.0,5688.96
2318,988.01,-1235.05,0.6,13832.14
2319,1168.83,46.71,0.0,10519.47
2320,769.68,323.19,0.0,2309.04
2321,1860.0,316.2,0.0,7440.0
2322,384.21,110.91,0.1,1921.05
2323,618.56,235.04,0.0,1237.12
2324,1601.46,15.84,0.0,9608.76
2325,1063.97,-2.13,0.002,5319.85
2326,714.2,309.44,0.1,2856.8
2327,474.18,18.9,0.0,3319.26
2328,1051.38,94.62,0.0,3154.1400000000003
2329,826.2,27.54,0.1,1652.4
2330,1318.38,382.2,0.0,9228.66
2331,988.32,126.72,0.002,4941.6
2332,900.9,63.0,0.0,6306.3
2333,609.52,-411.48,0.6,3047.6
2334,1187.64,23.58,0.0,10688.76
2335,2042.54,255.23,0.2,14297.779999999999
2336,1657.08,364.44,0.0,9942.48
2337,1205.54,204.82,0.0,8438.779999999999
2338,1096.33,-657.8,0.4,7674.3099999999995
2339,757.32,371.04,0.0,1514.64
2340,1567.62,208.98,0.4,9405.72
2341,619.02,-544.77,0.5,1857.06
2342,912.46,-319.46,0.4,3649.84
2343,1859.55,18.48,0.0,13016.85
2344,965.58,376.53,0.0,6759.06
2345,535.68,246.36,0.0,1071.36
2346,1414.53,-106.47,0.07,5658.12
2347,799.85,-71.23,0.1,5598.95
2348,828.36,230.1,0.1,1656.72
2349,951.72,-495.0,0.5,3806.88
2350,2346.84,258.12,0.0,14081.04
2351,414.75,8.19,0.0,2903.25
2352,758.86,21.28,0.002,2276.58
2353,1969.6,503.32,0.1,11817.599999999999
2354,590.12,69.74,0.002,1770.3600000000001
2355,756.78,302.7,0.0,1513.56
2356,1649.25,277.53,0.002,11544.75
2357,545.4,60.6,0.1,2181.6
2358,388.8,99.36,0.1,3499.2000000000003
2359,396.84,67.44,0.0,793.68
2360,955.17,429.75,0.0,2865.5099999999998
2361,914.34,356.58,0.0,6400.38
2362,1245.02,62.18,0.4,4980.08
2363,1250.04,12.48,0.0,5000.16
2364,240.0,88.8,0.0,480.0
2365,1112.78,407.99,0.1,3338.34
2366,676.8,162.24,0.0,5414.4
2367,1241.28,434.4,0.0,4965.12
2368,750.06,91.56,0.1,3750.2999999999997
2369,1536.49,170.56,0.1,13828.41
2370,552.24,-331.38,0.4,1104.48
2371,689.22,96.48,0.0,4135.32
2372,332.43,33.18,0.0,2327.01
2373,970.27,215.59,0.1,1940.54
2374,854.28,196.35,0.0,5979.96
2375,1852.88,576.38,0.1,9264.400000000001
2376,762.08,-8.47,0.1,3810.4
2377,724.25,-446.71,0.4,2897.0
2378,1119.58,198.88,0.1,6717.48
2379,1290.6,25.65,0.0,11615.4
2380,967.03,-435.17,0.4,5802.18
2381,1058.25,-24.99,0.15,4233.0
2382,1302.7,-101.42,0.1,5210.8
2383,1220.31,512.4,0.0,8542.17
2384,1417.36,-290.3,0.17,4252.08
2385,1715.91,308.7,0.0,12011.37
2386,1277.82,-357.9,0.5,5111.28
2387,414.66,107.76,0.0,829.32
2388,616.2,36.9,0.0,3081.0
2389,1078.08,323.4,0.0,2156.16
2390,820.67,218.72,0.1,4103.349999999999
2391,1198.32,0.0,0.0,4793.28
2392,514.55,-720.37,0.7,1543.6499999999999
2393,1744.64,17.44,0.0,6978.56
2394,1107.2,420.72,0.0,4428.8
2395,852.48,68.04,0.0,5114.88
2396,664.2,26.4,0.0,6642.0
2397,12.96,6.22,0.0,25.92
2398,632.21,264.77,0.002,1896.63
2399,629.58,264.32,0.0,4407.06
2400,1549.3,-438.98,0.4,6197.2
2401,729.53,-60.28,0.15,5106.71
2402,183.37,-7.86,0.3,366.74
2403,201.58,12.6,0.2,403.16
2404,605.61,-1150.83,0.7,3633.66
2405,494.61,93.11,0.002,2473.05
2406,1134.95,43.09,0.002,7944.650000000001
2407,143.73,-32.34,0.2,287.46
2408,1022.53,332.29,0.2,4090.12
2409,84.78,-20.14,0.2,169.56
2410,1603.07,-0.19,0.1,14427.63
2411,822.96,189.18,0.0,4937.76
2412,773.28,54.0,0.0,4639.68
2413,1057.14,0.0,0.0,6342.84
2414,2171.3,390.8,0.0,10856.5
2415,586.94,168.74,0.2,1173.88
2416,587.16,64.56,0.0,2348.64
2417,757.2,249.84,0.0,1514.4
2418,536.43,91.17,0.0,536.43
2419,677.41,-111.62,0.15,2032.23
2420,35.88,16.15,0.0,215.28000000000003
2421,980.91,210.15,0.3,2942.73
2422,1708.74,563.85,0.0,5126.22
2423,591.95,216.89,0.1,4143.650000000001
2424,62.1,29.81,0.0,372.6
2425,1088.24,333.59,0.25,9794.16
2426,1331.25,-172.29,0.15,7987.5
2427,610.47,208.26,0.15,1831.41
2428,551.04,99.16,0.0,1102.08
2429,395.82,39.54,0.0,791.64
2430,651.48,260.58,0.0,651.48
2431,861.9,405.0,0.0,8619.0
2432,246.48,14.76,0.0,492.96
2433,770.38,232.0,0.17,2311.14
2434,457.76,-82.84,0.17,1831.04
2435,562.08,50.4,0.0,4496.64
2436,17.94,8.79,0.0,53.82000000000001
2437,11.57,2.6,0.2,34.71
2438,305.92,0.0,0.2,1223.68
2439,410.18,150.26,0.1,2461.08
2440,169.12,-26.72,0.17,1352.96
2441,11.76,1.32,0.2,58.8
2442,879.0,35.16,0.0,1758.0
2443,825.36,49.5,0.0,1650.72
2444,414.66,107.76,0.0,829.32
2445,715.86,250.38,0.0,4295.16
2446,656.56,282.32,0.0,2626.24
2447,795.6,190.92,0.0,4773.6
2448,831.24,365.64,0.0,3324.96
2449,913.05,54.75,0.0,4565.25
2450,876.3,14.6,0.4,4381.5
2451,23.04,-4.9,0.2,69.12
2452,812.88,251.88,0.0,3251.52
2453,607.51,128.59,0.15,1215.02
2454,1227.03,73.5,0.0,8589.21
2455,459.63,87.3,0.0,459.63
2456,1112.21,379.43,0.15,2224.42
2457,490.32,-127.68,0.5,3922.56
2458,457.33,76.09,0.1,4115.97
2459,891.53,109.49,0.202,6240.71
2460,487.88,97.56,0.0,975.76
2461,1604.9,481.47,0.0,8024.5
2462,993.06,357.48,0.0,5958.36
2463,1494.6,657.6,0.0,7473.0
2464,362.15,36.17,0.1,1086.4499999999998
2465,607.2,103.2,0.0,3036.0
2466,378.45,34.05,0.0,378.45
2467,871.4,148.14,0.0,3485.6
2468,1193.4,334.08,0.0,7160.400000000001
2469,454.78,-260.12,0.402,1364.34
2470,829.52,398.16,0.0,3318.08
2471,383.76,69.03,0.0,1151.28
2472,900.08,117.01,0.0,3600.32
2473,618.56,235.04,0.0,1237.12
2474,586.76,45.5,0.1,3520.56
2475,1128.74,112.73,0.1,10158.66
2476,1275.0,357.0,0.0,2550.0
2477,2004.16,-0.08,0.1,14029.12
2478,1639.87,382.63,0.1,6559.48
2479,1483.7,395.54,0.1,5934.8
2480,523.86,5.22,0.0,1047.72
2481,425.57,-0.04,0.15,1276.71
2482,1320.0,488.4,0.0,14520.0
2483,795.6,222.72,0.0,3182.4
2484,271.96,67.99,0.0,1087.84
2485,259.52,8.6,0.1,519.04
2486,469.12,220.48,0.0,3752.96
2487,1548.36,650.28,0.0,6193.44
2488,512.7,199.92,0.0,1025.4
2489,759.66,91.14,0.0,1519.32
2490,1219.62,266.36,0.002,8537.34
2491,445.24,-10.73,0.17,445.24
2492,794.74,99.34,0.2,2384.2200000000003
2493,1693.3,220.08,0.0,11853.1
2494,773.4,46.35,0.0,3867.0
2495,1130.76,414.6,0.1,4523.04
2496,366.75,29.34,0.0,1100.25
2497,747.05,-234.85,0.3,1494.1
2498,717.41,224.03,0.2,6456.69
2499,863.2,293.4,0.0,4316.0
2500,2491.2,1046.16,0.0,14947.199999999999
2501,820.44,270.72,0.0,1640.88
2502,49.12,23.09,0.0,196.48
2503,552.96,132.64,0.0,2211.84
2504,1094.22,317.16,0.0,6565.32
2505,13.48,1.89,0.0,13.48
2506,1293.75,51.75,0.0,6468.75
2507,830.88,324.0,0.0,7477.92
2508,992.16,248.04,0.0,1984.32
2509,985.2,78.72,0.0,7881.6
2510,254.85,12.6,0.0,1274.25
2511,517.92,176.04,0.0,1553.7599999999998
2512,541.92,-352.32,0.4,4335.36
2513,997.29,9.87,0.0,6981.03
2514,999.96,268.8,0.07,2999.88
2515,1388.88,154.23,0.1,6944.400000000001
2516,1034.89,-62.39,0.17,6209.34
2517,513.12,-153.98,0.4,2565.6
2518,1195.2,155.25,0.0,5976.0
2519,964.17,-887.04,0.5,2892.5099999999998
2520,759.6,258.15,0.0,3798.0
2521,716.55,252.9,0.15,3582.75
2522,881.69,164.57,0.25,7935.210000000001
2523,425.28,136.08,0.0,3402.24
2524,1242.36,285.72,0.0,4969.44
2525,1589.4,349.56,0.0,9536.400000000001
2526,487.38,107.22,0.0,974.76
2527,391.86,90.12,0.0,783.72
2528,863.13,-32.37,0.2,6041.91
2529,1192.31,57.31,0.002,5961.549999999999
2530,1771.74,0.0,0.0,10630.44
2531,910.98,227.7,0.0,5465.88
2532,457.16,65.93,0.17,4114.4400000000005
2533,2379.62,740.18,0.1,14277.72
2534,252.48,20.16,0.0,2019.84
2535,965.05,-68.15,0.15,2895.1499999999996
2536,772.78,-257.6,0.4,2318.34
2537,657.22,238.24,0.2,1971.66
2538,596.4,101.28,0.0,4771.2
2539,1060.8,254.56,0.0,8486.4
2540,1031.04,72.0,0.0,8248.32
2541,1885.43,658.67,0.17,7541.72
2542,802.07,-1.61,0.002,3208.28
2543,636.15,311.7,0.0,636.15
2544,780.17,320.72,0.1,3900.85
2545,394.56,94.56,0.0,3156.48
2546,946.34,118.29,0.2,6624.38
2547,361.38,27.1,0.2,722.76
2548,1419.66,625.86,0.07,5678.64
2549,654.48,163.56,0.0,2617.92
2550,1268.96,583.68,0.0,5075.84
2551,756.9,68.1,0.0,1513.8
2552,2078.64,852.24,0.0,16629.12
2553,286.8,57.36,0.0,860.4000000000001
2554,613.89,153.45,0.0,1841.67
2555,1053.69,441.29,0.002,5268.450000000001
2556,362.15,36.17,0.1,1086.4499999999998
2557,1286.67,-2380.35,0.8,9006.69
2558,879.6,96.72,0.0,7036.8
2559,116.4,52.38,0.0,931.2
2560,177.68,46.2,0.0,355.36
2561,87.84,23.72,0.0,702.72
2562,1285.56,89.94,0.0,2571.12
2563,70.88,33.31,0.0,141.76
2564,1047.95,-49.33,0.15,4191.8
2565,296.49,-40.71,0.402,1482.45
2566,1825.62,593.76,0.17,12779.34
2567,2171.6,65.1,0.0,10858.0
2568,620.3,20.54,0.1,3721.7999999999997
2569,618.78,259.86,0.0,1237.56
2570,849.75,203.85,0.0,4248.75
2571,661.91,8.69,0.25,3971.46
2572,1105.92,-41.52,0.2,4423.68
2573,1095.66,65.7,0.0,6573.960000000001
2574,1113.26,222.62,0.1,4453.04
2575,704.76,211.32,0.0,2819.04
2576,1285.05,552.24,0.0,16705.649999999998
2577,749.49,307.23,0.0,5246.43
2578,1810.26,162.9,0.0,10861.56
2579,1207.08,36.12,0.0,4828.32
2580,639.84,-25.68,0.5,2559.36
2581,683.58,-24.27,0.15,7519.38
2582,45.57,9.68,0.2,91.14
2583,529.32,264.66,0.0,1587.96
2584,18.69,5.23,0.0,130.83
2585,718.2,315.99,0.0,2154.6000000000004
2586,1074.06,214.74,0.1,6444.36
2587,583.31,77.75,0.1,2333.24
2588,476.36,-0.01,0.1,1429.08
2589,489.96,-416.52,0.6,2939.7599999999998
2590,4.98,2.44,0.0,4.98
2591,27.17,-1.36,0.2,108.68
2592,850.0,119.0,0.0,1700.0
2593,463.18,-216.38,0.4,6484.52
2594,1195.2,585.6,0.0,5976.0
2595,875.61,-227.88,0.5,7880.49
2596,645.95,-150.73,0.4,1937.8500000000001
2597,1232.35,107.8,0.2,3697.0499999999997
2598,770.4,215.64,0.0,4622.4
2599,1243.9,-134.9,0.17,3731.7000000000003
2600,607.14,36.36,0.0,3642.84
2601,638.91,229.98,0.0,638.91
2602,296.34,41.46,0.0,889.02
2603,956.66,201.86,0.1,7653.28
2604,401.98,-140.72,0.6,1205.94
2605,1918.98,633.22,0.0,13432.86
2606,987.56,29.54,0.0,6912.92
2607,1173.42,129.06,0.0,3520.26
2608,606.13,-164.27,0.402,2424.52
2609,2070.9,-621.27,0.5,18638.100000000002
2610,1473.41,-1694.59,0.6,11787.28
2611,494.1,88.83,0.0,4446.900000000001
2612,1557.0,264.6,0.0,6228.0
2613,876.53,-701.35,0.6,10518.36
2614,410.88,12.24,0.0,3287.04
2615,714.2,309.44,0.1,2856.8
2616,2625.12,735.03,0.0,21000.96
2617,1578.64,613.84,0.1,6314.56
2618,624.24,31.2,0.2,1872.72
2619,426.3,4.2,0.0,2131.5
2620,1395.24,150.92,0.002,9766.68
2621,1234.36,-0.02,0.1,8640.519999999999
2622,364.14,171.12,0.0,1092.42
2623,692.73,220.65,0.002,4849.110000000001
2624,245.13,85.77,0.0,245.13
2625,636.3,-152.82,0.5,3817.7999999999997
2626,223.96,11.2,0.2,1119.8
2627,1135.8,90.84,0.0,2271.6
2628,97.16,28.18,0.0,194.32
2629,899.16,395.58,0.0,1798.32
2630,1065.96,266.4,0.0,4263.84
2631,383.84,47.98,0.2,1535.36
2632,1396.92,459.06,0.002,9778.44
2633,259.83,106.53,0.0,259.83
2634,924.21,397.35,0.0,2772.63
2635,895.05,39.75,0.1,4475.25
2636,45.58,16.52,0.2,501.38
2637,1240.12,223.16,0.0,17361.68
2638,705.35,101.87,0.1,2821.4
2639,669.22,7.36,0.1,4015.32
2640,437.58,179.28,0.0,2625.48
2641,1515.24,560.52,0.0,6060.96
2642,768.37,-41.33,0.07,1536.74
2643,984.9,423.45,0.0,4924.5
2644,470.77,-1020.11,0.7,1883.08
2645,292.8,67.32,0.0,1756.8000000000002
2646,1777.8,657.75,0.0,8889.0
2647,1272.6,279.96,0.0,2545.2
2648,250.2,80.04,0.0,750.5999999999999
2649,242.86,-137.66,0.4,971.44
2650,706.81,7.78,0.1,2120.43
2651,507.6,-91.44,0.5,3045.6000000000004
2652,523.6,-890.18,0.7,1570.8000000000002
2653,788.93,-259.39,0.27,4733.58
2654,533.16,-301.8,0.47,1066.32
2655,667.54,-31.49,0.15,2002.62
2656,17.48,8.22,0.0,34.96
2657,741.96,7.38,0.0,2225.88
2658,685.44,280.92,0.0,4112.64
2659,429.92,116.0,0.0,1719.68
2660,1571.72,87.26,0.1,14145.48
2661,1147.23,11.34,0.0,10325.07
2662,412.56,56.7,0.2,1237.68
2663,602.28,228.84,0.0,1806.84
2664,469.29,145.89,0.1,3285.03
2665,338.1,84.42,0.0,2366.7000000000003
2666,914.49,213.24,0.1,4572.45
2667,333.78,83.4,0.0,1001.3399999999999
2668,13.09,-10.04,0.7,52.36
2669,831.24,365.64,0.0,3324.96
2670,973.32,9.72,0.0,3893.28
2671,875.38,-590.9,0.6,5252.28
2672,525.51,262.71,0.0,1576.53
2673,461.6,180.0,0.0,2308.0
2674,690.48,213.96,0.0,2761.92
2675,1621.44,210.78,0.0,4864.32
2676,915.12,137.04,0.0,7320.96
2677,1302.96,39.06,0.0,3908.88
2678,1025.4,399.84,0.0,4101.6
2679,3811.0,-42.5,0.1,53354.0
2680,497.16,168.96,0.0,1988.64
2681,549.93,-235.77,0.65,3299.58
2682,538.44,156.12,0.0,2153.76
2683,287.94,20.1,0.0,575.88
2684,1880.64,300.78,0.0,11283.84
2685,1402.29,0.0,0.0,4206.87
2686,465.24,139.56,0.0,1860.96
2687,724.8,79.68,0.0,1449.6
2688,972.65,-75.67,0.1,5835.9
2689,520.56,135.24,0.0,2082.24
2690,252.18,42.84,0.0,504.36
2691,500.49,35.01,0.0,1501.47
2692,635.09,202.31,0.002,1905.27
2693,1301.25,572.55,0.0,6506.25
2694,888.93,59.22,0.4,6222.509999999999
2695,919.89,303.48,0.0,2759.67
2696,684.16,0.0,0.0,2736.64
2697,2811.45,702.75,0.0,14057.25
2698,727.06,-387.86,0.55,4362.36
2699,24.36,9.72,0.0,24.36
2700,805.71,17.79,0.1,5639.97
2701,773.12,216.32,0.0,6184.96
2702,776.79,129.36,0.1,5437.53
2703,477.54,238.77,0.0,3342.78
2704,651.06,240.84,0.0,3906.3599999999997
2705,1302.78,208.44,0.0,2605.56
2706,1104.48,-690.3,0.6,6626.88
2707,1002.95,168.79,0.002,4011.8
2708,729.14,-56.72,0.1,3645.7
2709,657.78,-65.88,0.2,4604.46
2710,576.6,57.6,0.0,2883.0
2711,526.08,263.04,0.0,526.08
2712,616.14,197.16,0.0,1848.42
2713,747.36,-41.52,0.1,1494.72
2714,453.06,27.0,0.0,4077.54
2715,1877.16,525.6,0.0,7508.64
2716,439.2,78.96,0.0,3513.6
2717,674.24,217.22,0.1,4045.44
2718,527.46,226.8,0.0,1054.92
2719,1121.83,-542.33,0.4,6730.98
2720,723.3,332.7,0.0,1446.6
2721,2503.87,834.55,0.1,15023.22
2722,1420.83,566.55,0.002,8524.98
2723,764.28,183.36,0.0,3057.12
2724,863.31,301.98,0.0,6043.17
2725,768.14,-819.38,0.7,6145.12
2726,1463.64,73.08,0.0,5854.56
2727,575.86,243.1,0.1,1151.72
2728,2906.77,1130.35,0.1,17440.62
2729,481.14,-77.04,0.25,2886.84
2730,439.5,17.58,0.0,439.5
2731,374.85,123.69,0.0,2623.9500000000003
2732,125.76,40.87,0.2,377.28000000000003
2733,616.57,-133.67,0.4,3699.42
2734,1252.58,-41.8,0.1,3757.74
2735,1220.87,462.35,0.002,8546.09
2736,58.41,18.25,0.2,408.87
2737,173.94,13.92,0.0,521.8199999999999
2738,620.64,43.44,0.0,1241.28
2739,961.43,17.27,0.002,5768.58
2740,682.95,116.1,0.0,3414.75
2741,1350.99,111.15,0.15,8105.9400000000005
2742,572.45,-362.56,0.4,1717.3500000000001
2743,697.32,292.8,0.0,2789.28
2744,402.39,193.14,0.0,1207.17
2745,1285.38,-308.58,0.5,5141.52
2746,670.14,111.69,0.1,3350.7
2747,633.48,69.66,0.0,1266.96
2748,865.62,34.56,0.0,5193.72
2749,434.16,73.8,0.0,1302.48
2750,25.63,3.84,0.2,76.89
2751,887.98,246.46,0.1,7103.84
2752,1031.04,72.0,0.0,8248.32
2753,1380.1,648.6,0.0,6900.5
2754,910.35,200.25,0.0,4551.75
2755,537.6,134.4,0.0,1612.8000000000002
2756,526.62,10.5,0.0,1053.24
2757,713.15,-264.85,0.402,4278.9
2758,1519.32,182.28,0.0,6077.28
2759,335.52,83.88,0.0,1342.08
2760,928.8,361.2,0.1,4644.0
2761,671.93,177.98,0.17,3359.6499999999996
2762,435.78,130.68,0.0,3922.0199999999995
2763,417.46,-78.35,0.2,1252.3799999999999
2764,459.24,100.92,0.0,1836.96
2765,147.3,10.29,0.0,147.3
2766,492.96,14.76,0.0,1971.84
2767,2939.93,764.38,0.0,20579.51
2768,323.03,143.57,0.1,969.0899999999999
2769,321.72,25.62,0.0,2252.04
2770,412.8,132.06,0.0,825.6
2771,494.53,-24.77,0.4,1483.59
2772,1428.3,-57.18,0.25,5713.2
2773,468.9,206.32,0.0,2813.3999999999996
2774,362.46,36.12,0.0,2537.22
2775,387.63,3.87,0.0,387.63
2776,364.32,112.92,0.0,728.64
2777,438.84,65.79,0.0,1316.52
2778,405.14,-0.04,0.2,1215.42
2779,454.71,163.68,0.0,454.71
2780,828.31,331.24,0.1,2484.93
2781,680.76,258.6,0.0,2723.04
2782,780.3,117.0,0.0,1560.6
2783,1339.42,223.24,0.1,4018.26
2784,526.58,-52.66,0.3,1053.16
2785,933.21,27.99,0.0,2799.63
2786,736.5,265.05,0.0,3682.5
2787,622.5,80.88,0.0,1245.0
2788,571.46,215.87,0.1,1714.38
2789,990.15,475.23,0.0,6931.05
2790,674.24,217.22,0.1,4045.44
2791,249.75,44.96,0.0,2247.75
2792,427.41,4.23,0.0,1282.23
2793,370.58,115.28,0.1,370.58
2794,266.28,117.12,0.0,1065.12
2795,687.48,185.52,0.0,2749.92
2796,361.96,101.35,0.0,723.92
2797,851.7,51.0,0.0,4258.5
2798,214.61,-220.03,0.6,858.44
2799,167.94,50.38,0.2,1175.58
2800,704.92,190.32,0.0,1409.84
2801,362.88,166.74,0.0,2540.16
2802,299.05,116.29,0.1,1196.2
2803,222.38,16.68,0.2,444.76
2804,1050.48,94.44,0.0,4201.92
2805,516.64,-155.0,0.4,1033.28
2806,769.44,153.72,0.2,5386.08
2807,1246.48,-140.32,0.2,6232.4
2808,771.28,162.7,0.1,4627.68
2809,417.14,-97.36,0.4,2919.98
2810,346.68,69.3,0.1,1040.04
2811,467.57,-0.07,0.15,1402.71
2812,68.95,28.96,0.0,344.75
2813,74.35,23.24,0.2,223.04999999999998
2814,370.93,98.89,0.1,370.93
2815,34.58,14.52,0.0,242.06
2816,739.54,-166.4,0.2,5176.78
2817,622.94,-456.94,0.7,3737.6400000000003
2818,450.68,150.08,0.1,2704.08
2819,712.99,213.85,0.2,2138.9700000000003
2820,585.6,93.6,0.0,4684.8
2821,448.74,44.82,0.0,1346.22
2822,507.82,80.38,0.002,1015.64
2823,449.46,134.82,0.0,1348.3799999999999
2824,20.74,7.26,0.2,82.96
2825,199.76,55.64,0.002,399.52
2826,155.08,9.28,0.0,310.16
2827,194.31,91.32,0.0,194.31
2828,1244.19,-13.92,0.1,8709.33
2829,732.78,278.37,0.0,6595.0199999999995
2830,405.12,52.64,0.0,1620.48
2831,210.58,12.63,0.0,421.16
2832,612.54,36.72,0.0,1837.62
2833,495.34,-35.12,0.15,3467.3799999999997
2834,385.29,161.82,0.0,1155.8700000000001
2835,567.62,-116.26,0.17,2270.48
2836,615.28,225.4,0.1,5537.5199999999995
2837,990.12,118.8,0.0,3960.48
2838,262.93,-30.83,0.4,2366.37
2839,50.4,23.18,0.0,403.2
2840,741.01,-333.56,0.4,5187.07
2841,41.57,2.6,0.2,83.14
2842,64.2,-44.94,0.7,321.0
2843,561.5,-316.61,0.45,2807.5
2844,1008.14,68.62,0.002,4032.56
2845,674.4,316.92,0.0,2697.6
2846,820.44,270.72,0.0,1640.88
2847,340.44,113.46,0.1,1021.3199999999999
2848,855.36,213.84,0.0,6842.88
2849,552.5,110.42,0.1,1657.5
2850,424.35,25.38,0.0,1273.0500000000002
2851,240.12,40.8,0.0,480.24
2852,287.98,7.2,0.2,863.94
2853,311.14,-165.98,0.4,2177.98
2854,95.98,-10.8,0.2,287.94
2855,800.21,-1020.31,0.6,3200.84
2856,88.77,31.07,0.2,177.54
2857,590.22,295.11,0.0,1770.66
2858,99.2,25.79,0.0,496.0
2859,43.92,11.86,0.0,175.68
2860,367.0,40.3,0.0,1835.0
2861,351.68,0.0,0.2,2461.76
2862,15.57,-11.94,0.7,46.71
2863,899.16,395.58,0.0,1798.32
2864,784.78,270.28,0.1,1569.56
2865,22.55,8.79,0.0,112.75
2866,433.95,25.74,0.0,4773.45
2867,986.9,-1011.64,0.6,5921.4
2868,490.31,70.73,0.17,3432.17
2869,12.46,-20.56,0.8,37.38
2870,354.9,99.26,0.0,2484.2999999999997
2871,445.95,80.19,0.0,1337.85
2872,506.64,217.8,0.0,1013.28
2873,33.36,16.68,0.0,133.44
2874,285.8,-6.76,0.15,571.6
2875,879.06,114.24,0.0,6153.42
2876,662.18,264.83,0.1,3310.8999999999996
2877,727.54,-81.86,0.2,1455.08
2878,558.0,-446.4,0.6,6696.0
2879,1430.77,68.77,0.002,8584.619999999999
2880,347.23,-179.49,0.4,2777.84
2881,982.13,87.26,0.1,2946.39
2882,657.4,21.82,0.4,5916.599999999999
2883,662.11,-386.45,0.4,5296.88
2884,765.64,314.56,0.1,5359.48
2885,125.36,58.92,0.0,1002.88
2886,1230.66,24.57,0.0,3691.9800000000005
2887,676.97,120.53,0.27,1353.94
2888,396.41,-125.55,0.4,792.82
2889,508.26,192.5,0.002,2033.04
2890,596.2,-79.52,0.4,1788.6000000000001
2891,870.24,295.88,0.0,1740.48
2892,327.98,34.7,0.15,655.96
2893,346.74,-20.82,0.5,1386.96
2894,963.36,154.08,0.0,3853.44
2895,492.27,154.05,0.17,2953.62
2896,129.32,45.24,0.0,258.64
2897,595.3,-129.02,0.4,1190.6
2898,33.4,16.03,0.0,167.0
2899,954.52,257.6,0.0,13363.279999999999
2900,450.79,150.25,0.1,450.79
2901,491.82,44.1,0.0,3442.74
2902,380.92,-12.74,0.1,761.84
2903,612.84,177.72,0.0,1225.68
2904,439.6,87.92,0.0,3077.2000000000003
2905,881.34,334.86,0.0,1762.68
2906,216.22,-245.06,0.7,864.88
2907,143.4,61.6,0.0,717.0
2908,443.91,163.67,0.002,1775.64
2909,1560.24,421.2,0.0,4680.72
2910,1200.72,132.0,0.0,4802.88
2911,394.98,35.52,0.0,789.96
2912,779.28,216.96,0.002,7013.5199999999995
2913,733.44,227.28,0.0,4400.64
2914,536.14,44.14,0.15,2680.7
2915,737.02,261.82,0.1,6633.18
2916,354.15,173.52,0.0,1062.4499999999998
2917,707.05,78.49,0.1,2121.1499999999996
2918,486.6,209.2,0.0,2433.0
2919,368.27,4.31,0.15,1104.81
2920,744.0,-353.4,0.6,2976.0
2921,11.88,5.35,0.0,23.76
2922,421.38,105.3,0.0,842.76
2923,263.36,-309.6,0.6,2106.88
2924,596.82,5.88,0.0,4177.740000000001
2925,415.2,20.76,0.0,415.2
2926,551.21,97.97,0.1,1653.63
2927,1050.25,-23.36,0.1,3150.75
2928,1533.33,-34.11,0.1,4599.99
2929,559.93,24.85,0.1,1119.86
2930,680.76,74.88,0.0,2723.04
2931,370.17,-0.03,0.4,1850.8500000000001
2932,867.3,251.4,0.0,4336.5
2933,423.3,25.38,0.0,1269.9
2934,554.04,144.0,0.0,6648.48
2935,1220.94,416.52,0.15,7325.64
2936,379.24,25.24,0.1,758.48
2937,363.45,76.71,0.1,1090.35
2938,206.4,92.88,0.0,206.4
2939,1488.24,372.06,0.0,4464.72
2940,360.96,140.64,0.0,2887.68
2941,534.36,-0.06,0.1,1603.08
2942,343.79,-105.8,0.35,343.79
2943,513.21,-90.57,0.15,1026.42
2944,637.08,261.18,0.0,1274.16
2945,553.64,-18.47,0.1,2768.2
2946,338.69,109.01,0.1,2709.52
2947,335.64,63.72,0.0,2013.84
2948,729.48,218.82,0.0,1458.96
2949,154.77,27.72,0.0,1083.39
2950,9.43,3.07,0.2,28.29
2951,528.44,88.04,0.1,2113.76
2952,1021.14,112.32,0.0,6126.84
2953,232.08,95.04,0.0,1856.64
2954,547.11,185.94,0.0,1641.33
2955,952.29,-31.86,0.1,4761.45
2956,5.92,2.84,0.0,23.68
2957,764.8,0.0,0.2,7648.0
2958,36.79,4.14,0.2,36.79
2959,1016.1,314.85,0.0,5080.5
2960,306.07,-0.05,0.1,612.14
2961,706.32,-459.18,0.4,6356.88
2962,22.61,-10.17,0.6,67.83
2963,669.33,289.98,0.1,3346.65
2964,735.05,-32.71,0.1,2940.2
2965,786.29,-563.8,0.47,2358.87
2966,1250.04,12.48,0.0,5000.16
2967,517.35,109.11,0.1,4656.150000000001
2968,529.0,76.45,0.17,2645.0
2969,1057.32,274.86,0.0,6343.92
2970,267.91,-127.31,0.6,535.82
2971,234.9,49.3,0.0,1174.5
2972,560.52,-210.24,0.6,1681.56
2973,880.95,0.0,0.0,4404.75
2974,298.44,71.46,0.0,1790.6399999999999
2975,650.72,299.28,0.0,2602.88
2976,341.73,34.11,0.0,1025.19
2977,397.14,70.53,0.1,1191.42
2978,455.94,205.86,0.07,911.88
2979,214.95,-120.37,0.5,1074.75
2980,318.09,152.67,0.0,318.09
2981,605.25,266.25,0.0,3026.25
2982,800.93,266.87,0.1,4805.58
2983,256.74,0.0,0.0,770.22
2984,1097.28,252.24,0.0,8778.24
2985,357.55,133.99,0.2,3217.9500000000003
2986,102.3,26.6,0.0,1023.0
2987,40.14,19.67,0.0,240.84
2988,558.58,-18.62,0.1,1117.16
2989,259.7,72.66,0.0,1817.8999999999999
2990,679.68,190.26,0.0,6117.12
2991,487.38,82.8,0.0,974.76
2992,307.87,-118.07,0.4,615.74
2993,678.96,129.0,0.0,2715.84
2994,46.36,15.3,0.0,185.44
2995,339.6,57.72,0.0,679.2
2996,372.91,101.83,0.27,4474.92
2997,383.8,-134.36,0.4,767.6
2998,385.4,68.51,0.1,1156.1999999999998
2999,634.97,-1.27,0.002,1904.91
3000,715.89,150.15,0.0,5011.23
3001,576.38,-122.5,0.2,2305.52
3002,1973.3,767.3,0.1,9866.5
3003,288.84,37.5,0.0,577.68
3004,485.73,77.67,0.0,1457.19
3005,612.6,55.05,0.0,3063.0
3006,332.85,59.85,0.0,2329.9500000000003
3007,500.85,125.19,0.0,1502.5500000000002
3008,1075.23,516.06,0.0,3225.69
3009,840.6,319.35,0.0,4203.0
3010,9099.93,2365.98,0.0,63699.51
3011,414.72,99.48,0.0,1244.16
3012,887.1,177.42,0.1,6209.7
3013,369.72,140.4,0.0,2218.32
3014,464.94,18.48,0.0,3254.58
3015,468.77,-459.41,0.5,1406.31
3016,747.05,-234.85,0.3,1494.1
3017,344.91,10.35,0.0,1034.73
3018,369.72,22.14,0.0,1109.16
3019,1812.72,851.97,0.0,12689.04
3020,384.3,69.09,0.0,2690.1
3021,706.16,-117.7,0.4,2118.48
3022,348.34,23.7,0.002,696.68
3023,261.95,63.95,0.1,1571.6999999999998
3024,517.92,227.88,0.0,1035.84
3025,688.95,89.55,0.0,3444.75
3026,382.56,68.64,0.0,3060.48
3027,875.7,420.21,0.0,6129.900000000001
3028,417.0,16.5,0.0,4170.0
3029,288.84,28.86,0.0,866.52
3030,243.3,43.65,0.0,1216.5
3031,684.61,-63.23,0.35,2738.44
3032,830.57,175.31,0.1,1661.14
3033,643.98,166.62,0.15,1287.96
3034,246.15,98.4,0.0,1230.75
3035,476.49,47.46,0.0,3335.4300000000003
3036,960.64,278.56,0.0,7685.12
3037,358.0,110.96,0.0,716.0
3038,285.21,65.13,0.002,855.6299999999999
3039,529.92,21.12,0.0,2119.68
3040,364.59,153.09,0.0,1093.77
3041,413.32,-144.68,0.4,3719.88
3042,827.27,-394.57,0.35,3309.08
3043,507.49,-0.05,0.1,1014.98
3044,1050.96,399.36,0.0,4203.84
3045,623.43,41.43,0.4,3117.1499999999996
3046,955.62,391.77,0.0,2866.86
3047,654.24,268.23,0.0,654.24
3048,868.84,66.76,0.35,3475.36
3049,9.98,2.79,0.0,9.98
3050,394.98,15.78,0.0,1184.94
3051,653.18,-457.25,0.5,1959.54
3052,168.81,64.14,0.0,168.81
3053,816.6,212.28,0.0,3266.4
3054,1116.45,37.05,0.1,11164.5
3055,351.09,84.24,0.0,1053.27
3056,1022.04,40.86,0.0,6132.24
3057,333.48,126.72,0.0,666.96
3058,637.35,70.08,0.0,637.35
3059,14.98,5.43,0.2,134.82
3060,1094.54,270.68,0.07,3283.62
3061,363.85,-89.75,0.27,1091.5500000000002
3062,833.33,92.54,0.1,2499.9900000000002
3063,713.61,342.36,0.0,6422.49
3064,636.3,139.98,0.0,636.3
3065,605.1,266.1,0.0,3025.5
3066,464.78,98.12,0.1,2788.68
3067,7.83,3.6,0.0,23.490000000000002
3068,173.3,-69.34,0.4,346.6
3069,610.6,238.12,0.0,1221.2
3070,290.52,87.12,0.0,1743.12
3071,295.72,-67.07,0.25,887.1600000000001
3072,695.28,201.6,0.0,2781.12
3073,862.46,28.7,0.4,3449.84
3074,769.65,84.63,0.0,5387.55
3075,21.96,6.15,0.0,43.92
3076,795.6,222.72,0.0,3182.4
3077,366.12,84.15,0.0,1098.3600000000001
3078,778.15,149.95,0.17,2334.45
3079,529.01,-0.01,0.1,1587.03
3080,1676.55,309.45,0.35,5029.65
3081,439.02,105.3,0.0,3951.18
3082,729.48,240.72,0.0,1458.96
3083,780.57,164.67,0.1,3902.8500000000004
3084,898.59,89.67,0.0,6290.13
3085,303.96,133.74,0.0,607.92
3086,545.65,-209.21,0.4,1636.9499999999998
3087,1003.99,-177.17,0.15,4015.96
3088,312.09,143.55,0.0,312.09
3089,57.69,23.65,0.0,173.07
3090,12.18,3.9,0.0,85.25999999999999
3091,256.72,46.27,0.17,1283.6000000000001
3092,382.52,-257.14,0.402,1147.56
3093,465.1,206.71,0.1,4185.900000000001
3094,428.04,98.28,0.0,3852.36
3095,756.78,370.8,0.0,1513.56
3096,887.92,-69.26,0.1,6215.44
3097,378.32,165.98,0.002,1134.96
3098,1058.25,-76.53,0.17,2116.5
3099,304.78,43.96,0.17,1828.6799999999998
3100,260.59,-160.71,0.4,260.59
3101,593.82,290.97,0.0,1781.46
3102,412.67,56.97,0.002,2063.35
3103,705.07,-132.23,0.2,2115.21
3104,1349.33,389.78,0.1,6746.65
3105,1378.73,137.69,0.1,11029.84
3106,507.6,203.04,0.0,1522.8000000000002
3107,637.35,-471.69,0.5,1274.7
3108,358.27,-71.73,0.2,1433.08
3109,245.07,14.67,0.0,735.21
3110,485.55,218.4,0.0,6312.150000000001
3111,1180.23,139.47,0.002,7081.38
3112,3059.98,680.0,0.1,6119.96
3113,569.57,7.12,0.2,1139.14
3114,307.01,-322.45,0.6,1842.06
3115,697.2,132.45,0.0,3486.0
3116,1001.14,-233.21,0.27,3003.42
3117,501.25,37.57,0.2,1002.5
3118,724.8,333.36,0.0,1449.6
3119,890.6,-0.11,0.1,4453.0
3120,395.82,39.54,0.0,791.64
3121,311.98,39.0,0.2,935.94
3122,550.4,242.16,0.0,2201.6
3123,506.43,192.42,0.0,1519.29
3124,99.87,23.97,0.0,299.61
3125,702.27,179.43,0.1,1404.54
3126,1120.77,268.92,0.0,10086.93
3127,379.53,159.39,0.0,1138.59
3128,646.3,77.86,0.17,3877.7999999999997
3129,1968.03,262.38,0.1,9840.15
3130,503.51,150.31,0.002,1007.02
3131,224.75,-232.27,0.7,1348.5
3132,332.28,43.14,0.0,664.56
3133,498.36,119.52,0.0,1993.44
3134,209.76,-209.76,0.6,209.76
3135,515.52,108.24,0.0,2062.08
3136,537.41,-134.35,0.6,4299.28
3137,931.45,103.45,0.1,1862.9
3138,189.52,-435.92,0.7,568.5600000000001
3139,509.76,234.36,0.0,3058.56
3140,634.8,171.3,0.0,3174.0
3141,537.52,220.84,0.1,3762.64
3142,928.17,389.79,0.0,2784.5099999999998
3143,711.12,263.1,0.0,1422.24
3144,573.21,137.52,0.0,1719.63
3145,735.84,201.6,0.27,10301.76
3146,342.0,80.82,0.07,1026.0
3147,779.22,31.14,0.0,4675.32
3148,1119.89,209.98,0.2,15678.460000000001
3149,716.85,250.8,0.0,3584.25
3150,808.92,177.66,0.0,11324.88
3151,849.6,144.36,0.0,5097.6
3152,1062.81,265.65,0.0,7439.67
3153,1099.96,82.5,0.2,5499.8
3154,513.29,91.53,0.002,2053.16
3155,309.75,0.0,0.0,309.75
3156,6.96,2.23,0.0,27.84
3157,988.86,138.42,0.0,1977.72
3158,373.68,59.76,0.0,2989.44
3159,400.88,164.32,0.0,1603.52
3160,326.55,146.85,0.0,1632.75
3161,1086.18,32.58,0.0,3258.54
3162,343.83,89.43,0.27,1719.1499999999999
3163,976.5,244.02,0.0,6835.5
3164,229.15,-315.17,0.6,916.6
3165,1151.93,25.49,0.1,4607.72
3166,256.17,91.89,0.002,512.34
3167,408.3,16.2,0.0,4083.0
3168,336.36,30.24,0.0,672.72
3169,314.35,-35.36,0.2,943.0500000000001
3170,257.0,-599.68,0.7,771.0
3171,844.2,160.35,0.0,4221.0
3172,41.91,10.9,0.0,125.72999999999999
3173,421.48,176.52,0.002,842.96
3174,1216.65,608.25,0.0,6083.25
3175,214.76,7.16,0.1,429.52
3176,549.36,0.0,0.0,2197.44
3177,185.92,59.48,0.0,371.84
3178,899.98,75.0,0.4,2699.94
3179,906.68,68.0,0.2,4533.4
3180,508.77,101.7,0.0,1526.31
3181,182.38,-76.04,0.4,547.14
3182,477.84,14.31,0.0,477.84
3183,242.94,9.72,0.0,728.8199999999999
3184,338.4,-118.5,0.4,1692.0
3185,590.35,206.62,0.2,3542.1000000000004
3186,203.76,77.4,0.0,2445.12
3187,705.72,70.56,0.0,2822.88
3188,352.98,38.7,0.0,2117.88
3189,823.57,277.72,0.17,4117.85
3190,138.39,34.44,0.0,968.7299999999999
3191,497.76,94.56,0.0,1991.04
3192,672.48,87.36,0.0,2689.92
3193,264.96,10.56,0.0,529.92
3194,207.12,76.56,0.0,828.48
3195,661.3,218.2,0.0,3306.5
3196,397.8,111.36,0.0,795.6
3197,942.36,292.08,0.0,2827.08
3198,574.47,143.55,0.0,1723.41
3199,737.6,228.64,0.0,2950.4
3200,436.05,-48.45,0.1,4360.5
3201,2057.13,-0.12,0.1,10285.650000000001
3202,51.84,24.88,0.0,414.72
3203,1564.56,-0.04,0.4,15645.599999999999
3204,467.32,219.52,0.0,3271.24
3205,634.74,215.76,0.0,1269.48
3206,661.85,286.73,0.1,1985.5500000000002
3207,182.76,29.16,0.0,731.04
3208,62.82,29.53,0.0,565.38
3209,1256.88,12.48,0.0,5027.52
3210,760.38,144.42,0.0,1520.76
3211,195.44,-195.46,0.7,195.44
3212,827.55,397.2,0.0,4137.75
3213,418.72,-132.62,0.4,2512.32
3214,449.64,58.44,0.0,1798.56
3215,640.66,234.88,0.1,1281.32
3216,227.75,-141.26,0.5,683.25
3217,211.92,-50.43,0.2,1059.6
3218,273.18,46.44,0.0,546.36
3219,800.64,144.0,0.0,6405.12
3220,644.45,64.43,0.2,4511.150000000001
3221,522.48,-78.42,0.2,2612.4
3222,207.65,-197.35,0.6,830.6
3223,375.17,65.03,0.25,1125.51
3224,590.22,259.65,0.0,1770.66
3225,512.91,0.0,0.0,1538.73
3226,695.88,-167.04,0.25,1391.76
3227,519.94,217.72,0.002,1559.8200000000002
3228,304.92,109.62,0.0,2134.44
3229,331.45,88.18,0.1,2983.0499999999997
3230,548.28,180.92,0.0,1096.56
3231,648.0,265.6,0.0,5184.0
3232,466.77,52.51,0.2,933.54
3233,927.84,64.92,0.0,1855.68
3234,469.22,67.82,0.17,1876.88
3235,674.4,303.48,0.0,2697.6
3236,1072.86,182.34,0.0,2145.72
3237,582.0,218.22,0.2,1746.0
3238,269.28,123.84,0.0,2423.5199999999995
3239,292.44,-81.96,0.5,2339.52
3240,385.02,126.99,0.0,1155.06
3241,238.48,-24.82,0.402,1192.3999999999999
3242,157.84,-0.06,0.2,789.2
3243,447.74,178.54,0.002,1790.96
3244,1154.96,417.44,0.17,9239.68
3245,434.04,160.56,0.0,1736.16
3246,324.9,38.99,0.0,1624.5
3247,1039.32,301.32,0.0,4157.28
3248,142.98,48.21,0.17,428.93999999999994
3249,945.95,-351.41,0.3,4729.75
3250,361.38,27.1,0.2,722.76
3251,1199.76,479.88,0.0,4799.04
3252,287.94,0.0,0.0,575.88
3253,525.42,-258.63,0.37,2627.1
3254,604.08,-335.44,0.402,2416.32
3255,533.25,206.37,0.07,1599.75
3256,575.96,120.82,0.0,4031.7200000000003
3257,174.17,11.85,0.002,174.17
3258,238.29,80.34,0.17,1191.45
3259,337.68,64.14,0.0,1013.04
3260,465.0,27.9,0.0,2325.0
3261,601.89,52.53,0.2,4213.23
3262,638.29,-31.91,0.2,4468.03
3263,544.95,119.85,0.0,2724.75
3264,363.92,0.0,0.2,1819.6000000000001
3265,274.49,-228.74,0.7,823.47
3266,298.08,23.76,0.0,1192.32
3267,636.3,139.98,0.0,636.3
3268,308.72,-370.6,0.7,1852.3200000000002
3269,787.92,338.76,0.0,3151.68
3270,258.28,-70.1,0.3,774.8399999999999
3271,364.08,9.1,0.2,728.16
3272,381.63,76.32,0.0,381.63
3273,523.86,5.22,0.0,1047.72
3274,803.52,313.2,0.0,4821.12
3275,866.06,232.56,0.002,4330.299999999999
3276,667.92,-110.04,0.15,2003.7599999999998
3277,414.9,66.3,0.0,2074.5
3278,255.74,-5.74,0.1,511.48
3279,1289.76,618.96,0.0,10318.08
3280,732.72,174.0,0.2,2198.16
3281,722.47,68.71,0.37,4334.82
3282,647.76,291.36,0.0,5182.08
3283,255.84,46.02,0.0,511.68
3284,619.97,82.49,0.1,3719.82
3285,424.89,110.43,0.0,1274.67
3286,339.48,27.12,0.0,678.96
3287,315.43,-7.94,0.2,946.29
3288,137.79,17.91,0.0,137.79
3289,245.86,-49.25,0.4,737.58
3290,307.46,12.26,0.25,1537.3
3291,652.68,169.68,0.0,652.68
3292,447.74,-425.38,0.6,895.48
3293,626.8,-916.72,0.602,5014.4
3294,830.7,373.8,0.0,4153.5
3295,229.2,-38.2,0.4,1146.0
3296,51.71,-32.32,0.6,413.68
3297,1239.46,468.13,0.1,8676.220000000001
3298,269.22,78.06,0.0,538.44
3299,523.23,198.15,0.002,1569.69
3300,859.32,42.84,0.0,5155.92
3301,518.85,72.6,0.0,2594.25
3302,1071.44,285.62,0.1,7500.08
3303,12.06,-10.05,0.7,60.300000000000004
3304,246.69,-125.28,0.35,740.0699999999999
3305,17.01,7.14,0.0,17.01
3306,228.78,36.6,0.0,457.56
3307,636.3,-165.48,0.5,1272.6
3308,600.84,-152.28,0.25,4806.72
3309,1076.0,23.9,0.1,6456.0
3310,541.77,200.43,0.0,541.77
3311,542.34,244.05,0.0,542.34
3312,681.41,42.59,0.2,8176.92
3313,286.46,42.94,0.2,572.92
3314,142.83,41.4,0.0,142.83
3315,437.67,65.61,0.0,1313.01
3316,460.59,132.99,0.1,3224.1299999999997
3317,313.96,86.98,0.17,941.8799999999999
3318,538.38,-506.25,0.5,4845.42
3319,489.0,97.8,0.0,1956.0
3320,551.76,215.16,0.0,2207.04
3321,597.0,184.95,0.0,2985.0
3322,1654.67,165.35,0.1,6618.68
3323,495.42,99.06,0.0,1486.26
3324,593.89,-39.71,0.1,3563.34
3325,311.01,102.48,0.0,2177.0699999999997
3326,762.48,304.92,0.0,2287.44
3327,141.37,-14.14,0.3,282.74
3328,207.9,101.7,0.0,1871.1000000000001
3329,530.52,26.52,0.0,2122.08
3330,304.71,2.94,0.0,2132.97
3331,718.02,-314.68,0.402,3590.1
3332,642.0,179.7,0.0,3210.0
3333,734.4,247.86,0.2,1468.8
3334,517.86,160.47,0.0,1553.58
3335,101.12,37.41,0.0,808.96
3336,149.22,35.73,0.0,447.65999999999997
3337,388.61,-330.35,0.6,1554.44
3338,455.52,59.19,0.0,455.52
3339,1582.11,-443.07,0.5,9492.66
3340,486.32,135.05,0.1,1458.96
3341,191.08,-38.22,0.3,573.24
3342,91.36,29.69,0.2,456.8
3343,957.18,191.31,0.0,6700.259999999999
3344,575.4,22.96,0.0,4027.7999999999997
3345,799.95,-608.1,0.5,3999.75
3346,246.48,68.88,0.0,1971.84
3347,214.2,70.56,0.15,428.4
3348,481.82,176.57,0.1,2409.1
3349,316.76,-654.7,0.7,633.52
3350,185.01,16.59,0.0,1295.07
3351,131.57,-32.89,0.2,394.71
3352,900.23,260.03,0.1,1800.46
3353,271.05,56.85,0.0,1355.25
3354,455.52,59.19,0.0,455.52
3355,566.79,17.43,0.35,1133.58
3356,393.84,157.44,0.0,3150.72
3357,328.14,127.8,0.0,2953.2599999999998
3358,1733.6,728.1,0.0,8668.0
3359,206.6,-120.64,0.4,1859.3999999999999
3360,12.62,3.95,0.2,25.24
3361,1106.91,121.76,0.0,9962.19
3362,447.88,129.34,0.1,895.76
3363,258.58,19.39,0.2,517.16
3364,672.12,188.16,0.0,4032.7200000000003
3365,2544.96,1068.84,0.0,10179.84
3366,438.51,197.31,0.0,438.51
3367,394.92,51.3,0.0,3554.28
3368,848.4,152.7,0.0,4242.0
3369,534.76,-53.48,0.1,1069.52
3370,260.82,-8.73,0.1,782.46
3371,1714.37,647.6,0.1,15429.329999999998
3372,551.56,-101.12,0.4,1654.6799999999998
3373,399.67,-14.99,0.2,2797.69
3374,337.2,80.88,0.0,4046.3999999999996
3375,224.4,17.92,0.0,448.8
3376,257.98,74.81,0.0,515.96
3377,367.2,-36.72,0.4,734.4
3378,593.99,-71.71,0.17,2969.95
3379,190.8,13.2,0.0,1526.4
3380,474.8,137.6,0.0,2374.0
3381,707.0,226.2,0.0,3535.0
3382,540.32,5.96,0.1,1080.64
3383,676.2,168.84,0.0,9466.800000000001
3384,2105.04,715.68,0.0,8420.16
3385,657.22,238.24,0.2,1971.66
3386,395.88,-250.82,0.4,1979.4
3387,770.22,38.22,0.4,7702.200000000001
3388,813.83,95.63,0.15,4069.15
3389,634.97,-1.27,0.002,1904.91
3390,215.59,-48.51,0.2,646.77
3391,351.68,0.0,0.2,2461.76
3392,499.56,89.91,0.0,499.56
3393,747.63,-159.57,0.25,4485.78
3394,462.24,92.4,0.1,1848.96
3395,728.64,225.84,0.0,2914.56
3396,991.44,-297.48,0.4,5948.64
3397,478.48,47.85,0.2,956.96
3398,177.66,62.1,0.0,1065.96
3399,456.19,-25.49,0.1,2737.14
3400,644.44,-60.68,0.15,2577.76
3401,319.98,92.0,0.2,639.96
3402,278.46,75.18,0.0,278.46
3403,551.29,24.43,0.1,1653.87
3404,217.89,-87.21,0.5,1961.0099999999998
3405,587.79,189.39,0.1,2938.95
3406,370.56,96.24,0.0,2964.48
3407,538.76,-146.27,0.3,3771.3199999999997
3408,418.27,-148.29,0.402,1673.08
3409,906.24,235.44,0.0,7249.92
3410,847.53,194.85,0.0,2542.59
3411,1213.76,-216.04,0.202,7282.5599999999995
3412,288.66,89.46,0.0,577.32
3413,483.57,57.78,0.0,4352.13
3414,475.25,-15.34,0.07,1425.75
3415,372.96,167.79,0.0,2610.72
3416,182.07,40.05,0.0,182.07
3417,642.06,154.08,0.0,3852.3599999999997
3418,589.32,93.96,0.0,7071.84
3419,694.8,340.32,0.0,5558.4
3420,104.58,-80.18,0.7,627.48
3421,240.96,45.6,0.0,1927.68
3422,352.8,165.72,0.0,1411.2
3423,1122.6,67.32,0.0,4490.4
3424,871.18,-387.26,0.55,3484.72
3425,65.57,22.95,0.2,131.14
3426,1176.0,0.0,0.0,8232.0
3427,642.0,179.7,0.0,3210.0
3428,484.52,58.12,0.0,969.04
3429,173.1,69.24,0.1,519.3
3430,743.03,-114.49,0.35,5944.24
3431,298.03,111.69,0.2,2086.21
3432,133.82,-75.86,0.4,535.28
3433,483.78,96.72,0.0,967.56
3434,413.78,-16.58,0.5,2068.8999999999996
3435,551.56,-101.12,0.4,1654.6799999999998
3436,946.26,7.54,0.002,3785.04
3437,371.07,33.39,0.0,2597.49
3438,351.54,129.96,0.0,2109.2400000000002
3439,417.0,133.4,0.0,2085.0
3440,239.22,0.0,0.0,2152.98
3441,392.67,-306.36,0.5,1178.01
3442,169.92,50.94,0.0,339.84
3443,424.89,-99.21,0.4,2124.45
3444,168.96,40.5,0.0,506.88
3445,182.76,29.16,0.0,731.04
3446,221.9,-99.88,0.4,443.8
3447,169.09,-81.77,0.4,338.18
3448,1274.7,293.16,0.0,3824.1000000000004
3449,511.58,-225.23,0.5,2557.9
3450,464.76,18.54,0.0,2788.56
3451,277.89,13.89,0.0,277.89
3452,561.34,84.18,0.2,1122.68
3453,356.29,154.39,0.1,712.58
3454,572.52,211.8,0.0,3435.12
3455,195.44,-195.46,0.7,195.44
3456,151.2,-33.24,0.27,604.8
3457,342.0,80.82,0.07,1026.0
3458,425.25,208.32,0.0,2976.75
3459,1136.66,-284.26,0.4,6819.960000000001
3460,775.28,146.33,0.1,5426.96
3461,4.42,-3.39,0.7,13.26
3462,292.76,68.12,0.27,878.28
3463,339.18,108.48,0.0,678.36
3464,251.2,0.0,0.2,1256.0
3465,549.36,0.0,0.0,2197.44
3466,307.55,-635.65,0.7,1230.2
3467,9.58,3.35,0.2,9.58
3468,311.25,40.44,0.0,311.25
3469,406.37,-9.61,0.15,812.74
3470,977.02,271.33,0.1,2931.06
3471,705.72,148.2,0.0,4234.32
3472,291.79,-165.37,0.4,583.58
3473,298.2,116.28,0.0,1192.8
3474,602.28,204.66,0.0,3613.68
3475,340.12,-9.72,0.3,2040.72
3476,635.91,-786.17,0.602,5087.28
3477,410.76,131.44,0.0,821.52
3478,422.93,-162.19,0.4,2537.58
3479,468.79,181.99,0.15,1875.16
3480,37.17,11.15,0.0,334.53000000000003
3481,2460.96,49.12,0.0,19687.68
3482,145.76,-8.1,0.1,291.52
3483,89.97,37.79,0.0,269.90999999999997
3484,504.0,216.72,0.0,2016.0
3485,210.78,86.4,0.0,632.34
3486,565.32,129.96,0.0,3391.92
3487,1001.76,110.16,0.0,2003.52
3488,364.92,62.01,0.0,364.92
3489,669.78,214.32,0.0,1339.56
3490,161.89,-29.69,0.4,323.78
3491,615.72,-69.3,0.2,4310.04
3492,597.96,64.68,0.002,1793.88
3493,720.0,21.6,0.0,8640.0
3494,755.27,225.47,0.002,2265.81
3495,262.14,23.58,0.0,262.14
3496,1057.38,412.32,0.0,2114.76
3497,6.99,0.52,0.2,13.98
3498,327.12,42.48,0.0,1962.72
3499,707.52,297.12,0.0,5660.16
3500,1019.52,264.87,0.0,9175.68
3501,256.86,-251.82,0.5,1027.44
3502,511.68,30.6,0.0,2046.72
3503,990.43,-173.36,0.2,2971.29
3504,1451.51,-256.15,0.15,4354.53
3505,316.44,117.0,0.0,3797.2799999999997
3506,960.64,278.56,0.0,7685.12
3507,148.32,66.72,0.0,148.32
3508,806.34,50.4,0.2,6450.72
3509,379.08,26.52,0.0,758.16
3510,352.51,89.95,0.1,2820.08
3511,484.03,29.71,0.35,2904.18
3512,532.56,85.2,0.0,4260.48
3513,429.48,85.86,0.0,1288.44
3514,688.92,261.72,0.0,2755.68
3515,861.15,327.15,0.0,4305.75
3516,615.24,12.28,0.0,1230.48
3517,431.55,181.2,0.0,2157.75
3518,704.34,21.0,0.0,9860.76
3519,546.94,191.42,0.2,4375.52
3520,369.84,25.86,0.0,1109.52
3521,261.63,-29.07,0.1,1569.78
3522,1024.38,92.16,0.0,6146.280000000001
3523,541.18,53.98,0.2,3788.2599999999998
3524,626.63,91.88,0.25,3133.15
3525,677.4,33.8,0.0,3387.0
3526,573.48,126.12,0.0,2293.92
3527,414.36,66.24,0.0,1657.44
3528,2109.36,527.28,0.0,16874.88
3529,790.42,378.52,0.002,3952.1
3530,693.84,0.0,0.0,4163.04
3531,533.76,0.0,0.0,4270.08
3532,363.38,-98.65,0.3,363.38
3533,322.2,0.0,0.0,1933.1999999999998
3534,277.08,5.52,0.0,554.16
3535,976.56,97.44,0.0,7812.48
3536,297.18,56.46,0.0,594.36
3537,1649.75,544.42,0.0,8248.75
3538,788.4,291.6,0.0,3153.6
3539,348.93,104.67,0.0,1046.79
3540,731.82,146.34,0.0,2195.46
3541,729.84,167.82,0.0,1459.68
3542,1431.81,509.01,0.1,7159.049999999999
3543,952.2,380.88,0.0,1904.4
3544,268.58,90.64,0.2,1074.32
3545,378.39,151.35,0.0,378.39
3546,30.35,10.62,0.2,60.7
3547,985.25,24.61,0.2,1970.5
3548,3085.34,-4088.38,0.6,37024.08
3549,165.88,79.6,0.0,331.76
3550,473.61,137.34,0.0,473.61
3551,509.85,71.37,0.0,1529.5500000000002
3552,149.58,55.08,0.0,1346.22
3553,1023.12,122.64,0.0,8184.96
3554,61.12,22.16,0.2,305.59999999999997
3555,459.51,30.57,0.1,1378.53
3556,861.84,-95.76,0.1,3447.36
3557,244.74,70.92,0.0,489.48
3558,251.64,88.07,0.2,754.92
3559,434.04,160.56,0.0,1736.16
3560,324.82,34.36,0.15,649.64
3561,296.64,133.44,0.0,593.28
3562,489.09,164.85,0.17,6847.259999999999
3563,632.07,-158.13,0.4,3160.3500000000004
3564,764.93,-306.01,0.4,2294.79
3565,495.18,79.2,0.25,2971.08
3566,859.65,-0.03,0.1,2578.95
3567,12.96,6.35,0.0,25.92
3568,576.0,270.72,0.0,4608.0
3569,273.56,103.34,0.1,547.12
3570,354.12,14.16,0.0,1416.48
3571,613.71,211.26,0.1,3068.55
3572,632.07,101.07,0.0,1896.21
3573,263.11,-122.78,0.4,263.11
3574,780.57,164.67,0.1,3902.8500000000004
3575,789.94,197.44,0.2,2369.82
3576,195.78,76.32,0.0,391.56
3577,776.16,186.24,0.0,3104.64
3578,1233.84,407.16,0.0,4935.36
3579,483.55,-152.45,0.27,2417.75
3580,993.62,-397.64,0.5,6955.34
3581,384.91,12.79,0.1,1539.64
3582,437.61,210.03,0.0,437.61
3583,427.64,80.78,0.1,5986.96
3584,773.65,99.09,0.002,6189.2
3585,885.17,-88.75,0.1,7081.36
3586,751.87,56.35,0.2,2255.61
3587,455.04,4.32,0.0,3640.32
3588,209.01,-7.71,0.402,418.02
3589,453.12,117.72,0.0,1812.48
3590,604.92,217.74,0.0,1209.84
3591,380.97,143.91,0.1,761.94
3592,513.52,77.0,0.0,3594.64
3593,489.2,92.9,0.0,2446.0
3594,328.53,-59.43,0.17,657.06
3595,740.46,21.12,0.3,1480.92
3596,652.37,129.41,0.002,2609.48
3597,284.37,22.17,0.002,853.11
3598,493.8,64.08,0.0,2962.8
3599,241.79,5.24,0.1,1208.95
3600,676.37,-76.21,0.2,4058.2200000000003
3601,594.16,-28.64,0.17,3564.96
3602,554.85,92.4,0.1,2774.25
3603,485.0,242.48,0.0,970.0
3604,1127.52,304.32,0.0,9020.16
3605,624.96,93.6,0.0,4999.68
3606,412.02,-274.68,0.4,2060.1
3607,764.8,-178.58,0.4,6883.2
3608,293.58,88.02,0.0,1761.48
3609,634.79,62.33,0.002,1904.37
3610,472.99,-47.33,0.2,945.98
3611,459.39,0.0,0.0,459.39
3612,344.03,126.11,0.1,688.06
3613,517.08,149.94,0.0,1034.16
3614,198.05,-15.44,0.1,594.1500000000001
3615,663.11,111.51,0.002,4641.77
3616,1487.04,148.7,0.2,7435.2
3617,622.14,18.66,0.0,1244.28
3618,299.52,149.76,0.0,1797.12
3619,549.48,-316.02,0.6,2747.4
3620,1100.61,316.37,0.2,4402.44
3621,219.28,0.0,0.0,877.12
3622,1816.95,799.35,0.0,9084.75
3623,239.97,26.4,0.0,719.91
3624,495.06,178.2,0.0,1485.18
3625,195.42,-312.69,0.7,195.42
3626,124.75,57.39,0.0,623.75
3627,143.37,31.53,0.0,143.37
3628,369.14,-535.3,0.6,1107.42
3629,159.48,52.62,0.0,318.96
3630,691.12,-142.64,0.37,2073.36
3631,364.32,142.08,0.0,728.64
3632,557.28,216.72,0.1,1671.84
3633,568.62,45.45,0.0,1705.8600000000001
3634,350.09,-385.15,0.6,1050.27
3635,274.95,-0.03,0.07,274.95
3636,871.98,357.48,0.0,1743.96
3637,793.21,8.77,0.1,1586.42
3638,895.18,152.02,0.0,9846.98
3639,976.08,361.08,0.0,3904.32
3640,6.08,2.07,0.0,12.16
3641,636.36,267.24,0.0,1272.72
3642,535.88,12.53,0.15,2679.4
3643,76.86,26.9,0.2,153.72
3644,557.28,216.72,0.1,1671.84
3645,369.12,110.61,0.1,2583.84
3646,133.35,5.25,0.0,666.75
3647,410.35,155.02,0.1,1231.0500000000002
3648,660.31,-836.57,0.7,3961.8599999999997
3649,567.14,-510.44,0.5,5104.26
3650,334.8,78.0,0.1,1674.0
3651,879.0,-556.7,0.4,4395.0
3652,555.14,-1924.54,0.85,2220.56
3653,810.54,-63.06,0.1,4052.7
3654,513.12,215.46,0.0,1026.24
3655,8159.95,-1359.99,0.4,65279.6
3656,698.04,131.48,0.002,2792.16
3657,182.94,3.66,0.0,548.8199999999999
3658,504.9,237.24,0.0,1514.6999999999998
3659,336.36,36.96,0.0,1009.08
3660,339.36,61.08,0.0,678.72
3661,597.84,263.04,0.0,1195.68
3662,966.34,51.79,0.07,6764.38
3663,332.0,23.2,0.0,1660.0
3664,356.79,99.9,0.0,2497.53
3665,195.12,46.8,0.0,780.48
3666,827.33,156.23,0.1,1654.66
3667,178.25,-368.41,0.7,356.5
3668,413.39,182.18,0.07,1240.17
3669,761.83,-444.53,0.4,4570.9800000000005
3670,279.75,-120.97,0.602,1119.0
3671,876.3,227.82,0.0,1752.6
3672,460.97,-5.14,0.1,1382.91
3673,1600.96,368.16,0.0,12807.68
3674,1234.28,370.28,0.1,3702.84
3675,560.6,61.6,0.0,2803.0
3676,328.8,147.8,0.0,3288.0
3677,954.72,-413.76,0.4,7637.76
3678,289.92,-135.32,0.4,579.84
3679,243.75,-6.69,0.27,487.5
3680,1582.38,680.4,0.0,9494.28
3681,508.32,203.28,0.0,1016.64
3682,448.2,40.23,0.0,4033.7999999999997
3683,953.82,-1557.99,0.7,6676.740000000001
3684,852.81,-170.58,0.35,2558.43
3685,606.64,28.84,0.202,1819.92
3686,398.61,15.93,0.0,1195.83
3687,876.3,359.28,0.0,2628.8999999999996
3688,710.96,-7.96,0.1,2843.84
3689,12.18,-18.87,0.8,48.72
3690,220.51,39.79,0.17,882.04
3691,220.56,110.28,0.0,882.24
3692,195.66,68.4,0.0,586.98
3693,900.21,149.88,0.1,6301.47
3694,503.59,104.95,0.002,1007.18
3695,415.44,66.24,0.0,3323.52
3696,191.82,74.81,0.0,575.46
3697,599.4,53.25,0.1,2997.0
3698,395.89,-110.9,0.25,1187.67
3699,624.42,124.86,0.0,1248.84
3700,17.12,4.96,0.0,68.48
3701,13.9,5.56,0.0,69.5
3702,613.56,165.66,0.0,1227.12
3703,355.46,78.86,0.1,1777.3
3704,846.48,25.32,0.0,5078.88
3705,1033.32,175.56,0.0,6199.92
3706,460.2,161.07,0.0,460.2
3707,845.86,9.4,0.1,1691.72
3708,457.14,45.69,0.0,457.14
3709,504.0,115.92,0.0,1008.0
3710,367.74,128.7,0.0,2206.44
3711,170.64,69.96,0.0,1023.8399999999999
3712,1121.57,0.0,0.2,2243.14
3713,2567.84,770.35,0.0,20542.72
3714,492.84,-14.08,0.3,2464.2
3715,182.55,23.7,0.0,912.75
3716,690.48,213.96,0.0,2761.92
3717,183.95,-21.25,0.202,367.9
3718,337.2,111.12,0.0,2697.6
3719,244.74,70.92,0.0,489.48
3720,646.57,-55.43,0.3,646.57
3721,691.47,28.41,0.27,1382.94
3722,669.06,289.86,0.1,3345.2999999999997
3723,687.36,261.12,0.0,5498.88
3724,599.16,0.0,0.0,1198.32
3725,1291.45,-39.83,0.35,5165.8
3726,607.72,189.04,0.1,2430.88
3727,353.57,-44.2,0.2,707.14
3728,643.98,193.17,0.0,643.98
3729,531.52,47.2,0.1,1063.04
3730,700.18,-35.06,0.2,2100.54
3731,769.18,299.02,0.1,4615.08
3732,247.32,19.77,0.0,247.32
3733,589.68,200.34,0.0,3538.08
3734,876.3,359.28,0.0,2628.8999999999996
3735,512.76,194.76,0.0,2051.04
3736,473.62,61.72,0.402,2368.1
3737,215.98,-2.7,0.2,647.9399999999999
3738,764.78,118.88,0.1,3823.8999999999996
3739,1140.3,-638.58,0.5,4561.2
3740,1017.94,-814.46,0.6,4071.76
3741,1409.04,436.77,0.0,4227.12
3742,493.32,138.12,0.0,1973.28
3743,672.51,221.52,0.15,2017.53
3744,512.19,46.08,0.0,1536.5700000000002
3745,190.89,32.34,0.0,1336.23
3746,384.35,-162.01,0.402,1153.0500000000002
3747,1582.95,332.4,0.0,7914.75
3748,397.8,111.36,0.0,795.6
3749,561.54,101.07,0.0,561.54
3750,336.06,77.28,0.0,672.12
3751,145.26,43.56,0.0,435.78
3752,573.7,229.48,0.1,573.7
3753,283.61,43.37,0.15,567.22
3754,380.97,143.91,0.1,761.94
3755,265.3,39.76,0.0,1857.1000000000001
3756,339.6,50.94,0.0,1018.8000000000001
3757,303.3,33.3,0.0,1819.8000000000002
3758,262.43,101.57,0.07,524.86
3759,356.24,-0.04,0.1,712.48
3760,589.2,212.04,0.0,2356.8
3761,975.19,119.17,0.1,1950.38
3762,700.4,-80.8,0.202,3502.0
3763,498.96,74.79,0.0,4490.639999999999
3764,229.52,3.62,0.37,688.5600000000001
3765,1145.28,228.96,0.0,9162.24
3766,511.44,-191.88,0.6,2045.76
3767,369.45,84.96,0.0,1108.35
3768,15.55,5.44,0.2,46.650000000000006
3769,16.4,4.76,0.0,82.0
3770,334.61,148.67,0.1,1003.83
3771,1631.92,-504.5,0.45,9791.52
3772,666.23,-80.03,0.5,3331.15
3773,1119.58,198.88,0.1,6717.48
3774,826.2,181.74,0.0,2478.6000000000004
3775,312.03,43.68,0.0,936.0899999999999
3776,489.0,97.8,0.0,1956.0
3777,963.9,231.3,0.0,4819.5
3778,483.66,232.11,0.0,1450.98
3779,563.76,16.8,0.0,2255.04
3780,272.76,13.62,0.0,818.28
3781,309.12,27.82,0.0,309.12
3782,989.04,-435.24,0.5,3956.16
3783,239.98,24.0,0.2,479.96
3784,307.86,67.62,0.0,2155.02
3785,1085.58,379.89,0.0,3256.74
3786,750.2,233.3,0.1,3751.0
3787,437.61,210.03,0.0,437.61
3788,291.96,102.19,0.0,1167.84
3789,805.71,-62.85,0.1,5639.97
3790,464.04,83.52,0.0,1392.1200000000001
3791,838.59,121.11,0.1,2515.77
3792,445.99,108.85,0.1,2675.94
3793,378.81,140.13,0.0,378.81
3794,211.73,-52.93,0.6,635.1899999999999
3795,469.85,-31.33,0.1,939.7
3796,39.96,17.98,0.0,159.84
3797,701.66,177.68,0.25,2104.98
3798,72.29,-98.8,0.7,72.29
3799,333.92,106.72,0.0,2671.36
3800,593.53,111.73,0.002,3561.18
3801,14.67,6.75,0.0,44.01
3802,1283.52,205.17,0.0,8984.64
3803,756.6,332.88,0.0,1513.2
3804,366.84,21.96,0.0,1467.36
3805,656.46,-765.94,0.7,4595.22
3806,281.82,56.34,0.0,563.64
3807,502.95,221.13,0.0,3520.65
3808,500.88,55.08,0.0,500.88
3809,566.61,28.32,0.0,566.61
3810,848.54,-21.21,0.2,3394.16
3811,230.74,33.28,0.1,461.48
3812,295.45,14.77,0.4,886.3499999999999
3813,163.98,11.34,0.0,1475.82
3814,128.85,3.87,0.0,386.54999999999995
3815,182.3,-54.7,0.4,729.2
3816,837.0,288.3,0.1,1674.0
3817,1130.83,-169.73,0.4,6784.98
3818,286.26,19.98,0.0,572.52
3819,799.83,167.94,0.0,2399.4900000000002
3820,228.15,86.67,0.0,684.45
3821,804.17,-89.35,0.1,4825.0199999999995
3822,896.76,161.28,0.0,5380.5599999999995
3823,342.72,5.62,0.4,1713.6000000000001
3824,981.36,-176.67,0.5,2944.08
3825,218.52,30.51,0.0,655.5600000000001
3826,1317.33,297.45,0.07,5269.32
3827,469.92,79.84,0.0,1879.68
3828,508.38,172.8,0.0,1016.76
3829,701.62,-35.12,0.2,2104.86
3830,1012.62,171.99,0.0,7088.34
3831,1415.88,0.0,0.1,4247.64
3832,370.01,-727.75,0.7,1480.04
3833,170.64,73.32,0.0,511.91999999999996
3834,692.94,173.24,0.0,2078.82
3835,417.42,45.9,0.0,2504.52
3836,288.24,138.36,0.0,1729.44
3837,1035.84,455.76,0.0,4143.36
3838,336.39,70.98,0.1,1009.17
3839,714.31,55.51,0.1,2857.24
3840,394.98,35.52,0.0,789.96
3841,603.72,-6.78,0.1,3018.6000000000004
3842,624.24,-702.36,0.6,2496.96
3843,793.68,134.88,0.0,3174.72
3844,853.5,102.3,0.0,4267.5
3845,391.55,-274.1,0.5,1174.65
3846,467.29,-26.0,0.1,4205.610000000001
3847,757.32,371.04,0.0,1514.64
3848,681.15,21.81,0.07,4086.8999999999996
3849,610.6,238.12,0.0,1221.2
3850,457.81,121.93,0.1,4120.29
3851,321.75,-193.05,0.5,1608.75
3852,933.47,269.66,0.1,6534.29
3853,648.54,24.62,0.002,2594.16
3854,874.68,148.68,0.0,1749.36
3855,117.49,41.12,0.2,822.43
3856,714.15,-142.83,0.5,2142.45
3857,528.57,-176.19,0.25,2114.28
3858,307.56,-114.2,0.402,1230.24
3859,577.08,23.04,0.0,2308.32
3860,317.14,70.42,0.1,634.28
3861,681.72,20.4,0.0,4090.32
3862,358.92,179.46,0.0,1076.76
3863,88.78,7.77,0.2,266.34000000000003
3864,731.42,118.82,0.2,2194.2599999999998
3865,354.24,77.92,0.0,2833.92
3866,447.74,178.54,0.002,1790.96
3867,691.98,-15.42,0.1,2075.94
3868,1217.67,351.51,0.1,10959.03
3869,298.68,113.46,0.0,597.36
3870,763.26,366.36,0.0,1526.52
3871,64.75,29.14,0.0,323.75
3872,297.96,77.46,0.0,893.8799999999999
3873,915.12,-98.55,0.35,2745.36
3874,1275.0,178.5,0.0,3825.0
3875,504.12,105.84,0.0,2016.48
3876,530.15,84.05,0.37,2650.75
3877,107.94,26.99,0.0,323.82
3878,311.25,40.44,0.0,311.25
3879,164.77,-71.45,0.4,494.31000000000006
3880,312.51,3.12,0.0,312.51
3881,584.22,233.52,0.0,4089.54
3882,171.88,34.36,0.1,1031.28
3883,533.16,-301.8,0.47,1066.32
3884,238.5,109.7,0.0,1192.5
3885,654.1,-50.9,0.1,1308.2
3886,367.2,-36.72,0.4,734.4
3887,143.52,9.12,0.402,430.56000000000006
3888,252.83,-92.71,0.4,758.49
3889,1318.75,280.15,0.2,7912.5
3890,711.83,-79.09,0.1,2135.4900000000002
3891,1490.69,170.24,0.3,7453.450000000001
3892,1518.18,252.96,0.1,4554.54
3893,459.24,100.92,0.0,1836.96
3894,989.97,395.99,0.0,2969.91
3895,217.35,108.63,0.0,652.05
3896,668.4,300.72,0.0,2673.6
3897,275.24,121.11,0.0,1100.96
3898,685.25,123.77,0.17,2741.0
3899,383.76,22.95,0.0,1151.28
3900,115.56,9.24,0.0,462.24
3901,339.15,-305.55,0.5,4748.099999999999
3902,796.32,69.66,0.2,7166.88
3903,450.36,-20.07,0.1,1351.08
3904,49.12,23.09,0.0,196.48
3905,546.48,213.12,0.0,4371.84
3906,719.48,-143.92,0.55,3597.4
3907,701.62,-54.62,0.1,1403.24
3908,617.9,205.85,0.1,3089.5
3909,1038.34,149.77,0.1,9345.06
3910,333.66,13.32,0.0,1000.98
3911,427.68,37.98,0.1,855.36
3912,56.52,21.48,0.0,508.68
3913,799.83,167.94,0.0,2399.4900000000002
3914,821.52,353.22,0.0,1643.04
3915,561.54,101.07,0.0,561.54
3916,55.62,5.56,0.2,111.24
3917,363.6,-78.84,0.4,2181.6000000000004
3918,651.96,110.7,0.0,3911.76
3919,341.46,30.72,0.0,682.92
3920,644.76,77.04,0.0,7737.12
3921,583.58,-330.74,0.4,2334.32
3922,1022.97,-255.74,0.4,5114.85
3923,350.86,20.38,0.002,701.72
3924,70.98,20.58,0.0,70.98
3925,59.92,27.56,0.0,239.68
3926,679.88,-384.97,0.47,3399.4
3927,558.18,184.17,0.0,3907.2599999999998
3928,971.81,72.77,0.2,5830.86
3929,203.26,-50.9,0.4,1219.56
3930,388.61,29.13,0.2,777.22
3931,565.32,56.52,0.0,2261.28
3932,38.24,-9.56,0.2,152.96
3933,586.09,34.33,0.15,4688.72
3934,316.17,151.41,0.002,632.34
3935,646.38,-71.82,0.1,1939.1399999999999
3936,943.7,-10.54,0.1,3774.8
3937,638.56,318.64,0.002,1915.6799999999998
3938,46.35,21.78,0.0,231.75
3939,1199.8,323.95,0.0,4799.2
3940,269.98,67.5,0.0,539.96
3941,583.87,-21.95,0.2,1167.74
3942,81.98,40.17,0.0,163.96
3943,145.98,65.67,0.0,145.98
3944,618.08,27.44,0.1,2472.32
3945,418.03,-15.41,0.402,1672.12
3946,369.18,140.22,0.0,1107.54
3947,469.23,78.18,0.1,1407.69
3948,385.86,92.58,0.0,771.72
3949,438.96,140.4,0.0,1755.84
3950,768.5,275.66,0.002,4611.0
3951,378.88,151.52,0.0,1515.52
3952,196.08,44.88,0.0,1568.64
3953,642.72,44.94,0.0,1285.44
3954,177.82,37.78,0.2,355.64
3955,456.66,77.58,0.0,4109.9400000000005
3956,437.72,165.32,0.1,1750.88
3957,49.57,15.49,0.2,99.14
3958,54.48,15.25,0.0,54.48
3959,695.88,-167.04,0.25,1391.76
3960,633.53,-316.81,0.4,1900.59
3961,191.5,43.74,0.002,383.0
3962,382.73,165.8,0.1,2679.11
3963,25.9,12.69,0.0,129.5
3964,705.72,91.68,0.0,2822.88
3965,706.32,156.96,0.1,2825.28
3966,538.44,156.12,0.0,2153.76
3967,491.64,132.72,0.0,1966.56
3968,623.17,225.85,0.2,4362.19
3969,566.92,-0.08,0.15,2267.68
3970,1022.04,61.2,0.0,6132.24
3971,764.82,7.56,0.0,4588.92
3972,428.76,57.06,0.1,4287.6
3973,412.56,-392.04,0.6,1650.24
3974,861.6,275.7,0.0,4308.0
3975,256.17,86.73,0.002,768.51
3976,618.72,37.08,0.0,2474.88
3977,38.38,13.43,0.2,115.14000000000001
3978,749.72,22.48,0.0,1499.44
3979,744.0,186.0,0.2,2232.0
3980,602.38,114.7,0.37,2409.52
3981,460.44,64.44,0.0,460.44
3982,533.68,-73.28,0.402,4803.12
3983,998.1,419.13,0.0,2994.3
3984,840.9,75.6,0.0,4204.5
3985,1028.92,-221.63,0.35,5144.6
3986,381.76,87.76,0.0,1527.04
3987,18.84,7.91,0.0,56.519999999999996
3988,159.84,-58.62,0.4,319.68
3989,1236.47,302.18,0.1,3709.41
3990,616.4,43.1,0.0,3082.0
3991,423.3,186.24,0.0,846.6
3992,1026.24,430.92,0.0,4104.96
3993,492.26,54.62,0.1,1969.04
3994,6.48,3.11,0.0,6.48
3995,641.85,275.85,0.0,3209.25
3996,527.01,-189.75,0.5,1054.02
3997,1145.34,356.22,0.1,6872.039999999999
3998,963.63,395.01,0.0,8672.67
3999,657.77,-65.83,0.5,1973.31
4000,894.42,62.55,0.0,2683.2599999999998
4001,361.56,28.08,0.1,2530.92
4002,556.92,150.36,0.0,1113.84
4003,169.44,84.72,0.0,169.44
4004,335.64,164.4,0.0,1342.56
4005,330.94,27.19,0.15,992.8199999999999
4006,203.39,83.75,0.15,406.78
4007,944.2,217.1,0.0,4721.0
4008,356.62,-124.82,0.4,1426.48
4009,692.33,-1315.55,0.7,4846.31
4010,672.1,-429.42,0.402,4704.7
4011,891.11,257.39,0.1,3564.44
4012,190.56,93.36,0.0,762.24
4013,217.44,-427.68,0.7,434.88
4014,680.28,231.24,0.0,2721.12
4015,285.78,71.4,0.0,571.56
4016,493.05,-21.93,0.1,1479.15
4017,426.25,89.98,0.1,426.25
4018,276.49,32.65,0.07,552.98
4019,758.96,7.56,0.0,1517.92
4020,211.84,76.26,0.0,1694.72
4021,1014.74,-499.6,0.35,3044.2200000000003
4022,398.66,77.09,0.07,1195.98
4023,196.8,-66.96,0.5,1574.4
4024,413.04,70.08,0.0,3304.32
4025,20.94,7.07,0.2,20.94
4026,3172.14,1236.96,0.0,19032.84
4027,490.08,19.56,0.0,1960.32
4028,568.86,37.86,0.1,1706.58
4029,825.36,338.34,0.0,1650.72
4030,799.6,335.76,0.0,3198.4
4031,448.8,188.4,0.0,1795.2
4032,136.7,-1.72,0.17,820.1999999999999
4033,438.15,113.91,0.0,438.15
4034,626.18,257.42,0.1,2504.72
4035,195.26,19.52,0.2,390.52
4036,166.84,18.77,0.2,834.2
4037,845.86,18.76,0.1,1691.72
4038,563.52,68.61,0.1,5071.68
4039,747.3,283.95,0.0,3736.5
4040,479.12,149.0,0.1,3353.84
4041,510.31,-24.05,0.15,1020.62
4042,49.62,4.96,0.2,99.24
4043,10.68,2.88,0.0,10.68
4044,12.58,4.09,0.2,50.32
4045,342.3,51.24,0.0,2396.1
4046,575.66,-149.92,0.27,3453.96
4047,526.62,-221.22,0.5,2106.48
4048,156.25,15.58,0.1,468.75
4049,463.32,-121.23,0.35,1389.96
4050,166.56,59.84,0.0,1332.48
4051,355.96,103.23,0.0,711.92
4052,716.96,121.88,0.0,1433.92
4053,30.34,9.48,0.2,121.36
4054,630.59,-140.18,0.55,1891.77
4055,488.04,180.54,0.0,976.08
4056,366.21,36.54,0.0,1098.6299999999999
4057,1071.84,107.1,0.0,7502.879999999999
4058,627.12,106.56,0.0,1254.24
4059,909.0,372.6,0.0,5454.0
4060,1391.04,556.38,0.0,4173.12
4061,5.72,-4.76,0.7,28.599999999999998
4062,308.11,-128.41,0.4,2156.77
4063,1502.78,413.18,0.2,9016.68
4064,663.11,111.51,0.002,4641.77
4065,527.16,0.0,0.0,1054.32
4066,880.42,44.02,0.4,3521.68
4067,808.92,161.7,0.1,5662.44
4068,349.94,-443.3,0.7,699.88
4069,224.4,105.42,0.0,448.8
4070,593.73,-296.97,0.4,2968.65
4071,1011.97,58.77,0.002,4047.88
4072,332.5,-210.62,0.4,1330.0
4073,204.96,-58.1,0.4,1434.72
4074,426.97,-50.36,0.15,2988.79
4075,427.41,132.48,0.0,1282.23
4076,366.84,157.74,0.0,366.84
4077,720.42,43.2,0.0,1440.84
4078,379.74,-36.18,0.37,759.48
4079,14.76,4.28,0.0,29.52
4080,830.57,-83.11,0.1,1661.14
4081,577.9,167.5,0.0,2889.5
4082,238.65,-162.3,0.5,1193.25
4083,590.58,0.0,0.0,1181.16
4084,874.68,192.42,0.0,1749.36
4085,512.19,133.11,0.0,1536.5700000000002
4086,1077.07,-61.13,0.47,10770.699999999999
4087,254.16,40.65,0.0,254.16
4088,616.01,142.16,0.35,1848.03
4089,1102.86,55.14,0.4,2205.72
4090,2616.96,1151.4,0.0,10467.84
4091,730.01,-38.95,0.25,6570.09
4092,151.76,75.84,0.0,607.04
4093,455.52,59.19,0.0,455.52
4094,1035.84,352.08,0.0,6215.039999999999
4095,289.92,69.54,0.0,579.84
4096,759.66,311.46,0.0,1519.32
4097,755.09,-419.31,0.402,3775.4500000000003
4098,1010.16,60.48,0.0,9091.44
4099,551.61,165.36,0.1,2758.05
4100,513.12,0.0,0.0,1539.3600000000001
4101,8.16,-5.71,0.7,40.8
4102,485.43,198.99,0.0,5339.7300000000005
4103,537.28,-26.88,0.2,1074.56
4104,633.92,-39.62,0.2,4437.44
4105,414.72,70.5,0.0,829.44
4106,612.84,177.72,0.0,1225.68
4107,1184.94,130.32,0.0,7109.64
4108,4.61,1.5,0.2,9.22
4109,447.2,147.5,0.0,2236.0
4110,534.36,-0.06,0.1,1603.08
4111,842.94,160.16,0.0,2528.82
4112,639.66,121.5,0.0,1279.32
4113,686.32,223.05,0.2,1372.64
4114,180.59,-240.78,0.7,361.18
4115,1192.74,-183.6,0.35,8349.18
4116,846.6,372.48,0.0,3386.4
4117,709.56,212.76,0.1,2838.24
4118,535.68,16.02,0.0,1071.36
4119,867.5,173.5,0.0,4337.5
4120,295.92,32.4,0.0,1775.52
4121,680.5,74.8,0.0,3402.5
4122,788.67,-61.35,0.1,1577.34
4123,1039.08,93.48,0.0,4156.32
4124,254.16,101.64,0.0,254.16
4125,459.0,215.73,0.0,459.0
4126,761.6,114.24,0.0,6092.8
4127,246.48,68.88,0.0,1971.84
4128,7.23,-5.78,0.7,36.150000000000006
4129,1267.76,221.76,0.2,6338.8
4130,17.94,4.49,0.0,53.82000000000001
4131,207.36,35.25,0.0,207.36
4132,596.4,101.28,0.0,4771.2
4133,11.12,2.89,0.0,44.48
4134,480.52,-28.28,0.15,1922.08
4135,549.24,76.8,0.0,3295.44
4136,709.03,-100.22,0.15,3545.1499999999996
4137,267.36,117.6,0.0,534.72
4138,276.6,30.42,0.0,276.6
4139,9.08,4.09,0.0,18.16
4140,723.17,-80.35,0.1,6508.53
4141,1016.64,406.56,0.0,4066.56
4142,1206.84,229.2,0.0,7241.039999999999
4143,579.6,179.4,0.0,5796.0
4144,541.44,91.98,0.0,3248.6400000000003
4145,166.72,41.68,0.0,333.44
4146,342.51,171.15,0.0,2397.5699999999997
4147,793.8,357.12,0.0,3175.2
4148,527.01,171.42,0.17,1581.03
4149,914.28,91.38,0.0,1828.56
4150,528.44,88.04,0.1,2113.76
4151,548.69,127.94,0.1,1646.0700000000002
4152,822.85,246.85,0.1,1645.7
4153,334.3,-109.94,0.27,334.3
4154,1745.34,122.16,0.0,3490.68
4155,143.86,48.55,0.2,1294.7400000000002
4156,2114.64,23.49,0.1,10573.199999999999
4157,1707.21,341.28,0.0,15364.89
4158,1695.87,-37.83,0.1,8479.349999999999
4159,627.9,31.35,0.0,3139.5
4160,1168.44,443.94,0.0,8179.08
4161,1260.17,85.77,0.002,6300.85
4162,664.35,26.55,0.0,3321.75
4163,218.16,7.26,0.1,1090.8
4164,1136.94,45.42,0.0,2273.88
4165,477.6,62.04,0.0,1910.4
4166,911.04,282.42,0.0,1822.08
4167,1359.86,-1869.88,0.6,8159.16
4168,13.36,6.41,0.0,26.72
4169,1162.89,81.36,0.0,3488.67
4170,1209.45,241.8,0.0,6047.25
4171,1484.54,-241.3,0.2,5938.16
4172,829.32,215.52,0.0,3317.28
4173,531.36,255.04,0.0,2125.44
4174,478.84,195.72,0.002,957.68
4175,3.52,1.69,0.0,7.04
4176,14.8,6.07,0.0,59.2
4177,853.65,221.85,0.0,4268.25
4178,603.42,54.3,0.0,1206.84
4179,850.95,93.6,0.0,4254.75
4180,951.84,35.82,0.47,6662.88
4181,437.69,-248.05,0.4,1313.07
4182,1123.17,-196.32,0.37,10108.53
4183,743.9,66.08,0.1,1487.8
4184,642.69,244.2,0.0,642.69
4185,888.48,296.13,0.07,4442.4
4186,310.88,23.32,0.2,621.76
4187,891.99,445.83,0.0,9811.89
4188,928.26,-81.22,0.2,1856.52
4189,940.91,-202.72,0.35,2822.73
4190,459.51,142.89,0.1,1378.53
4191,863.82,0.0,0.0,5182.92
4192,591.3,53.16,0.0,1182.6
4193,370.53,40.68,0.0,1111.59
4194,1490.7,74.4,0.0,7453.5
4195,836.64,342.9,0.0,5019.84
4196,153.55,51.82,0.2,460.65000000000003
4197,456.96,187.28,0.0,1827.84
4198,1133.22,532.56,0.0,3399.66
4199,582.0,218.22,0.2,1746.0
4200,1250.04,12.48,0.0,5000.16
4201,223.06,69.71,0.2,2007.54
4202,123.92,33.46,0.0,495.68
4203,1987.32,337.8,0.0,7949.28
4204,755.73,335.88,0.1,3778.65
4205,370.35,151.83,0.0,1111.0500000000002
4206,227.28,34.08,0.0,909.12
4207,1311.55,-306.11,0.4,11803.949999999999
4208,714.42,277.74,0.1,2857.68
4209,355.48,-3.98,0.1,710.96
4210,1480.68,592.2,0.0,17768.16
4211,6.48,3.11,0.0,6.48
4212,458.4,68.76,0.0,1833.6
4213,293.85,61.68,0.0,293.85
4214,373.59,18.63,0.0,1120.77
4215,580.61,-154.95,0.4,4064.27
4216,911.52,309.78,0.0,5469.12
4217,763.92,381.96,0.0,3055.68
4218,432.6,47.52,0.0,1730.4
4219,2190.85,-410.91,0.2,17526.8
4220,637.34,113.24,0.1,3186.7000000000003
4221,575.93,235.37,0.002,3455.58
4222,833.7,316.8,0.0,4168.5
4223,212.76,73.08,0.1,1702.08
4224,468.32,-281.03,0.5,1404.96
4225,233.28,67.44,0.0,1866.24
4226,750.74,175.04,0.1,3753.7
4227,276.28,0.0,0.0,552.56
4228,344.7,38.78,0.2,689.4
4229,881.34,334.86,0.0,1762.68
4230,915.9,357.18,0.0,2747.7
4231,1039.28,279.08,0.002,6235.68
4232,1081.08,43.2,0.0,4324.32
4233,385.76,38.56,0.2,1928.8
4234,526.62,10.5,0.0,1053.24
4235,95.98,6.0,0.2,191.96
4236,1227.72,13.62,0.1,3683.16
4237,95.94,9.59,0.0,287.82
4238,677.82,-813.39,0.65,2033.46
4239,1262.93,-56.18,0.1,6314.650000000001
4240,1255.5,97.65,0.1,3766.5
4241,1579.86,31.5,0.0,9479.16
4242,728.64,36.42,0.0,1457.28
4243,1316.45,-526.72,0.4,9215.15
4244,885.87,159.39,0.0,2657.61
4245,636.36,203.58,0.0,1272.72
4246,381.78,183.12,0.0,2672.46
4247,1035.72,320.94,0.0,6214.32
4248,756.6,332.88,0.0,1513.2
4249,1463.64,73.08,0.0,5854.56
4250,950.4,171.0,0.0,3801.6
4251,578.98,-125.5,0.4,2315.92
4252,780.75,343.53,0.0,2342.25
4253,201.58,12.6,0.2,403.16
4254,820.7,352.9,0.0,4103.5
4255,236.97,-34.83,0.25,947.88
4256,523.6,-890.18,0.7,1570.8000000000002
4257,21.48,-0.27,0.2,64.44
4258,1244.16,211.5,0.0,7464.960000000001
4259,692.7,13.8,0.0,3463.5
4260,468.72,-103.32,0.5,3281.04
4261,673.05,316.2,0.0,3365.25
4262,327.24,156.96,0.0,1963.44
4263,492.12,-41.76,0.17,5905.4400000000005
4264,554.76,0.0,0.0,1664.28
4265,12.88,0.39,0.0,12.88
4266,877.02,394.62,0.0,1754.04
4267,230.74,-104.96,0.402,692.22
4268,400.85,-113.65,0.4,2805.9500000000003
4269,323.82,109.98,0.0,1942.92
4270,1175.4,246.72,0.0,4701.6
4271,1912.32,-204.0,0.25,7649.28
4272,1133.04,294.48,0.0,9064.32
4273,705.35,101.87,0.1,2821.4
4274,893.03,347.18,0.1,4465.15
4275,1744.64,17.44,0.0,6978.56
4276,987.12,335.52,0.0,7896.96
4277,470.48,5.88,0.2,2352.4
4278,112.65,11.26,0.2,112.65
4279,656.53,-809.75,0.7,3939.18
4280,333.84,130.08,0.0,2670.72
4281,533.79,148.23,0.1,3202.74
4282,632.07,-316.17,0.5,3792.42
4283,1785.89,297.65,0.1,7143.56
4284,572.67,178.11,0.1,1718.0099999999998
4285,657.48,-252.96,0.35,1972.44
4286,788.87,-83.59,0.15,4733.22
4287,899.55,323.82,0.0,2698.6499999999996
4288,1080.63,64.8,0.0,3241.8900000000003
4289,392.31,19.59,0.0,392.31
4290,928.2,222.74,0.0,6497.400000000001
4291,456.19,-30.53,0.1,2737.14
4292,634.39,77.47,0.1,2537.56
4293,31.56,9.86,0.2,157.79999999999998
4294,818.25,376.35,0.0,4091.25
4295,1461.29,-110.29,0.47,4383.87
4296,1467.36,630.96,0.0,5869.44
4297,730.44,204.48,0.0,2921.76
4298,751.87,56.35,0.2,2255.61
4299,693.84,194.16,0.0,2775.36
4300,564.76,45.08,0.0,3953.3199999999997
4301,670.14,-128.52,0.27,1340.28
4302,552.96,132.64,0.0,2211.84
4303,975.12,-219.48,0.2,4875.6
4304,696.76,247.72,0.1,1393.52
4305,17.48,1.31,0.2,87.4
4306,799.83,167.94,0.0,2399.4900000000002
4307,5.98,1.55,0.0,5.98
4308,680.6,129.3,0.0,3403.0
4309,659.98,49.5,0.2,1979.94
4310,1272.12,152.64,0.0,2544.24
4311,45.96,13.79,0.0,91.92
4312,1226.52,404.64,0.0,4906.08
4313,1126.3,-1576.82,0.7,9010.4
4314,1758.12,228.48,0.0,24613.68
4315,637.5,178.5,0.0,637.5
4316,55.36,18.68,0.2,221.44
4317,516.0,-392.16,0.5,4128.0
4318,1691.24,-832.67,0.35,8456.2
4319,878.9,-0.22,0.1,7031.2
4320,1272.12,292.56,0.0,5088.48
4321,680.56,83.14,0.1,4083.3599999999997
4322,919.89,303.48,0.0,2759.67
4323,714.42,277.74,0.1,2857.68
4324,637.34,113.24,0.1,3186.7000000000003
4325,504.07,34.31,0.002,1008.14
4326,740.34,296.1,0.0,4442.04
4327,636.3,235.41,0.0,636.3
4328,967.2,251.28,0.0,7737.6
4329,853.34,-42.7,0.4,3413.36
4330,1360.62,-979.65,0.5,4081.8599999999997
4331,1123.08,224.58,0.0,3369.24
4332,493.38,123.3,0.0,1480.1399999999999
4333,1106.46,187.92,0.0,9958.14
4334,1063.97,-2.13,0.002,5319.85
4335,2858.52,171.36,0.0,40019.28
4336,1679.96,126.0,0.2,8399.8
4337,849.92,135.96,0.0,1699.84
4338,338.7,30.48,0.0,677.4
4339,496.53,152.25,0.25,1986.12
4340,494.46,148.22,0.2,3955.68
4341,496.53,178.74,0.0,1489.59
4342,740.78,-88.93,0.5,5185.46
4343,720.76,187.4,0.0,2883.04
4344,720.42,43.2,0.0,1440.84
4345,1409.04,436.77,0.0,4227.12
4346,1048.19,-284.53,0.3,6289.14
4347,2615.94,575.46,0.0,23543.46
4348,636.06,273.48,0.0,636.06
4349,330.7,-388.58,0.6,1984.1999999999998
4350,353.76,141.48,0.0,1415.04
4351,307.62,40.98,0.4,922.86
4352,1383.36,-224.84,0.2,6916.799999999999
4353,304.71,2.94,0.0,2132.97
4354,568.47,284.22,0.0,568.47
4355,687.6,103.14,0.0,4125.6
4356,861.21,60.27,0.0,6028.47
4357,342.08,0.0,0.0,684.16
4358,593.57,-875.59,0.6,3561.42
4359,831.46,145.48,0.2,2494.38
4360,773.55,170.1,0.0,2320.6499999999996
4361,636.52,132.62,0.002,3182.6
4362,575.64,51.09,0.1,2878.2
4363,763.92,-416.7,0.45,5347.44
4364,1362.83,-327.11,0.5,4088.49
4365,999.12,179.82,0.0,2997.36
4366,1200.89,-147.85,0.35,2401.78
4367,357.12,21.36,0.0,1428.48
4368,11.85,3.79,0.0,35.55
4369,1470.78,514.62,0.0,8824.68
4370,963.2,423.78,0.0,6742.400000000001
4371,415.62,8.28,0.0,1246.8600000000001
4372,580.6,238.04,0.0,1161.2
4373,538.2,-19.02,0.15,1076.4
4374,677.64,211.26,0.07,1355.28
4375,653.1,215.5,0.0,3265.5
4376,555.55,61.69,0.1,1111.1
4377,302.72,-378.4,0.6,1513.6000000000001
4378,788.4,291.6,0.0,3153.6
4379,246.17,21.54,0.2,738.51
4380,521.82,15.48,0.0,3130.92
4381,435.99,178.74,0.0,435.99
4382,667.32,19.92,0.0,2669.28
4383,413.52,-89.68,0.4,4135.2
4384,332.96,106.48,0.0,1331.84
4385,664.36,166.08,0.0,1328.72
4386,182.2,-45.56,0.4,364.4
4387,340.08,33.96,0.0,680.16
4388,534.8,160.44,0.0,3743.5999999999995
4389,381.38,-4.28,0.1,1906.9
4390,408.3,44.88,0.0,1224.9
4391,575.16,17.16,0.0,2300.64
4392,1599.9,719.85,0.0,7999.5
4393,637.35,70.08,0.0,637.35
4394,764.28,183.36,0.0,3057.12
4395,540.19,141.79,0.2,3241.1400000000003
4396,848.4,322.32,0.0,3393.6
4397,1074.8,290.0,0.0,10748.0
4398,5.94,0.12,0.0,17.82
4399,397.89,19.89,0.0,1193.67
4400,986.9,-115.18,0.4,5921.4
4401,1092.72,305.76,0.0,8741.76
4402,852.5,189.44,0.1,1705.0
4403,634.95,279.36,0.0,1904.8500000000001
4404,874.02,340.83,0.0,6118.139999999999
4405,672.72,60.48,0.0,2690.88
4406,1079.78,275.9,0.1,4319.12
4407,1107.43,-263.09,0.2,3322.29
4408,504.9,80.78,0.0,2524.5
4409,319.97,36.0,0.2,1279.88
4410,1238.55,582.0,0.0,6192.75
4411,372.28,81.88,0.0,744.56
4412,741.96,59.31,0.0,2225.88
4413,961.8,163.38,0.0,6732.599999999999
4414,756.54,128.52,0.0,4539.24
4415,430.85,-59.29,0.2,1292.5500000000002
4416,457.14,169.14,0.0,457.14
4417,246.3,24.6,0.0,1231.5
4418,636.24,19.08,0.0,636.24
4419,534.6,17.64,0.1,4276.8
4420,637.08,191.1,0.0,1274.16
4421,302.4,120.96,0.1,2116.7999999999997
4422,158.13,77.48,0.0,474.39
4423,218.25,19.5,0.0,1091.25
4424,956.12,191.21,0.1,2868.36
4425,916.41,192.39,0.0,10080.51
4426,255.42,119.88,0.0,1532.52
4427,1280.29,298.54,0.1,8962.029999999999
4428,657.15,118.2,0.0,3285.75
4429,597.92,-167.45,0.25,3587.5199999999995
4430,618.24,55.64,0.0,1236.48
4431,824.22,304.92,0.0,2472.66
4432,737.64,125.28,0.0,4425.84
4433,1235.25,469.35,0.0,3705.75
4434,1009.44,343.08,0.0,6056.64
4435,747.41,-269.15,0.5,2242.23
4436,531.18,90.3,0.0,531.18
4437,217.28,47.76,0.0,869.12
4438,1545.08,-546.82,0.35,7725.4
4439,515.18,-386.44,0.6,1030.36
4440,710.96,-7.96,0.1,2843.84
4441,332.01,119.49,0.0,2324.0699999999997
4442,793.48,343.84,0.1,4760.88
4443,14.58,2.37,0.2,29.16
4444,1019.52,79.2,0.1,8156.16
4445,705.72,70.56,0.0,2822.88
4446,1064.27,531.07,0.002,5321.35
4447,859.31,-317.35,0.35,2577.93
4448,807.73,197.35,0.1,4846.38
4449,883.29,132.96,0.07,2649.87
4450,180.08,-90.2,0.5,1260.5600000000002
4451,1713.96,228.48,0.1,6855.84
4452,501.48,84.4,0.002,1002.96
4453,596.7,167.04,0.0,1790.1000000000001
4454,733.44,109.92,0.0,2933.76
4455,497.28,198.72,0.0,3978.24
4456,634.97,-1.27,0.002,1904.91
4457,421.28,58.24,0.002,842.56
4458,509.04,91.62,0.0,1527.1200000000001
4459,620.06,124.01,0.1,3100.2999999999997
4460,1050.73,315.07,0.1,6304.38
4461,557.73,6.97,0.2,2230.92
4462,1047.48,523.68,0.0,4189.92
4463,497.7,104.49,0.0,1493.1
4464,1391.76,97.38,0.0,4175.28
4465,366.79,65.21,0.1,2567.53
4466,709.31,-185.56,0.35,2127.93
4467,956.16,124.2,0.0,3824.64
4468,685.8,157.65,0.0,3429.0
4469,568.47,284.22,0.0,568.47
4470,256.74,110.34,0.0,513.48
4471,463.68,194.73,0.0,463.68
4472,412.7,-313.88,0.5,3714.2999999999997
4473,505.95,30.3,0.0,2529.75
4474,121.54,15.19,0.2,486.16
4475,370.94,6.1,0.4,2596.58
4476,653.13,-7.29,0.1,1306.26
4477,1533.33,-34.11,0.1,4599.99
4478,1700.0,238.0,0.0,6800.0
4479,822.85,-411.5,0.4,2468.55
4480,594.27,89.1,0.0,1782.81
4481,744.07,24.79,0.1,4464.42
4482,347.84,47.54,0.27,2434.8799999999997
4483,712.65,14.25,0.0,3563.25
4484,788.4,291.6,0.0,3153.6
4485,204.91,-122.97,0.4,409.82
4486,683.26,68.24,0.4,4782.82
4487,765.0,-331.5,0.4,2295.0
4488,63.69,-9.1,0.3,63.69
4489,613.56,6.12,0.0,1840.6799999999998
4490,1161.54,-103.41,0.1,10453.86
4491,346.76,-34.75,0.1,1040.28
4492,783.72,31.22,0.0,5486.04
4493,6.37,2.39,0.2,12.74
4494,986.37,108.36,0.0,6904.59
4495,583.87,-540.17,0.6,2335.48
4496,979.7,283.01,0.1,2939.1000000000004
4497,19.44,9.33,0.0,58.32000000000001
4498,498.74,-232.78,0.4,1994.96
4499,465.24,213.96,0.0,2791.44
4500,970.2,145.5,0.0,4851.0
4501,341.55,30.6,0.0,1707.75
4502,967.56,193.44,0.0,3870.24
4503,382.41,-752.13,0.7,764.82
4504,1322.01,-317.43,0.5,7932.0599999999995
4505,696.76,247.72,0.1,1393.52
4506,598.68,196.74,0.002,1796.04
4507,1032.5,340.7,0.0,5162.5
4508,987.45,88.8,0.0,4937.25
4509,520.56,36.36,0.0,2082.24
4510,24.45,8.86,0.2,97.8
4511,772.61,-51.65,0.1,3863.05
4512,327.31,5.35,0.4,1309.24
4513,969.36,38.64,0.0,6785.52
4514,1279.32,-639.72,0.5,10234.56
4515,1106.19,208.89,0.1,11061.900000000001
4516,525.04,46.66,0.1,3675.2799999999997
4517,255.22,99.4,0.0,1786.54
4518,1272.48,458.04,0.0,5089.92
4519,928.26,-81.22,0.2,1856.52
4520,1272.92,216.26,0.0,14002.12
4521,331.8,69.66,0.0,663.6
4522,198.9,55.68,0.0,198.9
4523,352.44,59.88,0.0,1057.32
4524,327.24,156.96,0.0,1963.44
4525,651.35,-50.71,0.1,1302.7
4526,667.54,-31.49,0.15,2002.62
4527,346.11,49.92,0.1,1038.33
4528,666.72,73.32,0.0,2666.88
4529,69.96,8.28,0.0,279.84
4530,570.96,256.92,0.0,2283.84
4531,863.5,-224.87,0.27,7771.5
4532,46.15,12.11,0.2,138.45
4533,316.05,104.16,0.0,2212.35
4534,14.62,6.73,0.0,29.24
4535,601.55,-1.21,0.002,1804.6499999999999
4536,1513.56,741.6,0.0,6054.24
4537,482.48,130.24,0.0,964.96
4538,588.36,29.4,0.0,2353.44
4539,735.39,250.02,0.0,2206.17
4540,967.56,474.0,0.0,3870.24
4541,368.23,44.95,0.1,1104.69
4542,619.42,218.47,0.15,5574.78
4543,558.63,80.73,0.17,2793.15
4544,1098.96,233.46,0.2,5494.8
4545,90.86,26.35,0.0,636.02
4546,1715.06,300.08,0.2,12005.42
4547,520.11,202.77,0.0,1560.33
4548,1291.65,413.25,0.0,6458.25
4549,714.24,-178.56,0.2,7142.4
4550,96.0,31.68,0.0,192.0
4551,389.66,-83.15,0.25,779.32
4552,1567.62,661.86,0.1,6270.48
4553,318.08,98.16,0.002,636.16
4554,1193.4,286.38,0.0,10740.6
4555,64.14,16.68,0.0,192.42000000000002
4556,345.28,117.36,0.0,690.56
4557,643.98,166.62,0.15,1287.96
4558,667.56,153.48,0.0,2670.24
4559,560.92,-743.27,0.6,1682.7599999999998
4560,1781.19,35.37,0.0,16030.710000000001
4561,1268.96,583.68,0.0,5075.84
4562,881.93,130.73,0.002,4409.65
4563,36.63,9.89,0.0,109.89000000000001
4564,1225.65,416.7,0.0,6128.25
4565,262.53,-29.55,0.2,1050.12
4566,736.22,-1030.72,0.7,10307.08
4567,243.69,41.4,0.0,243.69
4568,577.89,-93.91,0.2,1155.78
4569,6.68,3.21,0.0,6.68
4570,536.43,91.17,0.0,536.43
4571,499.56,89.91,0.0,499.56
4572,397.8,55.68,0.0,795.6
4573,589.82,-259.61,0.5,5308.38
4574,1277.82,511.08,0.0,3833.46
4575,287.45,-45.1,0.17,862.3499999999999
4576,764.82,-216.72,0.4,2294.46
4577,17.12,7.7,0.0,68.48
4578,351.34,114.28,0.17,702.68
4579,1247.4,74.76,0.0,4989.6
4580,662.84,172.34,0.0,2651.36
4581,248.82,59.7,0.0,497.64
4582,911.36,202.4,0.1,6379.52
4583,776.0,290.96,0.2,3104.0
4584,533.82,5.28,0.0,1067.64
4585,766.8,-421.74,0.4,2300.3999999999996
4586,1745.34,122.16,0.0,3490.68
4587,1173.05,338.45,0.002,7038.299999999999
4588,370.15,-74.09,0.4,740.3
4589,656.91,-65.88,0.5,5912.19
4590,1428.84,555.48,0.1,11430.72
4591,672.48,87.36,0.0,2689.92
4592,754.76,201.26,0.1,4528.5599999999995
4593,259.2,38.85,0.0,1296.0
4594,706.4,240.16,0.0,2825.6
4595,12.84,3.72,0.0,38.519999999999996
4596,535.73,41.63,0.1,1607.19
4597,569.18,14.22,0.2,1138.36
4598,932.99,314.83,0.2,3731.96
4599,715.86,250.38,0.0,4295.16
4600,413.37,115.74,0.0,1240.1100000000001
4601,1008.06,28.77,0.3,3024.18
4602,769.14,-20.7,0.25,6153.12
4603,677.88,-24.6,0.17,2711.52
4604,323.79,5.83,0.002,647.58
4605,753.72,60.24,0.0,1507.44
4606,1035.0,41.4,0.0,4140.0
4607,952.7,104.72,0.0,6668.900000000001
4608,1003.02,30.06,0.0,2006.04
4609,306.81,64.35,0.0,920.4300000000001
4610,584.35,-102.29,0.2,2337.4
4611,786.62,227.18,0.1,5506.34
4612,451.82,75.26,0.1,2710.92
4613,52.79,4.62,0.2,52.79
4614,552.96,132.64,0.0,2211.84
4615,218.35,-19.11,0.2,655.05
4616,631.51,-63.17,0.4,1263.02
4617,545.37,-298.41,0.47,1090.74
4618,293.04,35.1,0.0,1758.2400000000002
4619,755.39,157.43,0.002,2266.17
4620,712.34,91.82,0.07,2849.36
4621,433.62,8.58,0.0,4769.82
4622,639.6,38.25,0.0,3198.0
4623,231.36,64.68,0.0,925.44
4624,697.08,333.8,0.002,2788.32
4625,826.2,-633.42,0.7,4957.200000000001
4626,252.84,68.25,0.0,1769.88
4627,413.1,8.25,0.0,413.1
4628,42.62,-68.19,0.8,298.34
4629,643.02,102.76,0.0,4501.139999999999
4630,5.18,1.88,0.2,5.18
4631,1079.57,35.87,0.1,7556.99
4632,1262.06,-42.13,0.1,3786.18
4633,113.1,56.55,0.0,339.29999999999995
4634,1034.88,455.2,0.0,8279.04
4635,628.44,6.24,0.0,1256.88
4636,1369.2,670.9,0.0,6846.0
4637,826.56,148.74,0.0,1653.12
4638,634.24,15.84,0.2,5073.92
4639,10.74,5.16,0.0,32.22
4640,956.13,162.54,0.0,6692.91
4641,13.46,-23.55,0.8,13.46
4642,429.48,85.86,0.0,1288.44
4643,566.4,135.84,0.0,2265.6
4644,1393.92,473.76,0.0,11151.36
4645,825.36,338.34,0.0,1650.72
4646,896.76,403.47,0.0,2690.2799999999997
4647,1138.44,364.26,0.0,2276.88
4648,1127.76,112.68,0.0,4511.04
4649,5.89,-4.12,0.7,23.56
4650,397.44,15.84,0.0,1192.32
4651,731.42,118.82,0.2,2194.2599999999998
4652,1486.53,624.33,0.0,4459.59
4653,233.06,-53.27,0.3,699.1800000000001
4654,497.66,61.34,0.27,1990.64
4655,492.3,196.8,0.0,4923.0
4656,826.2,16.5,0.0,1652.4
4657,628.44,276.48,0.0,1256.88
4658,666.84,253.32,0.0,2667.36
4659,379.29,151.68,0.15,1137.8700000000001
4660,551.87,68.95,0.2,1103.74
4661,880.32,70.32,0.0,7042.56
4662,107.94,36.66,0.0,215.88
4663,785.79,91.59,0.4,3928.95
4664,1327.2,318.48,0.0,10617.6
4665,837.0,288.3,0.1,1674.0
4666,864.0,259.2,0.1,6912.0
4667,524.64,241.28,0.0,2098.56
4668,756.0,-58.8,0.1,10584.0
4669,496.64,148.28,0.002,2979.84
4670,367.83,29.34,0.0,1103.49
4671,284.4,122.2,0.0,1422.0
4672,734.4,128.52,0.2,2203.2
4673,1164.38,-201.83,0.25,5821.900000000001
4674,769.18,299.02,0.1,4615.08
4675,460.17,-117.75,0.57,920.34
4676,506.43,192.42,0.0,1519.29
4677,712.58,-451.48,0.4,6413.22
4678,1054.68,263.64,0.0,4218.72
4679,826.9,-91.88,0.1,1653.8
4680,1117.92,55.9,0.0,4471.68
4681,339.96,42.49,0.2,1699.8
4682,413.9,-551.94,0.7,1655.6
4683,379.37,-119.23,0.3,758.74
4684,890.16,131.92,0.002,6231.12
4685,509.4,5.04,0.0,1528.1999999999998
4686,735.16,-0.32,0.1,8821.92
4687,756.81,210.21,0.1,3784.0499999999997
4688,316.74,69.66,0.0,316.74
4689,664.36,166.08,0.0,1328.72
4690,332.64,66.42,0.0,1995.84
4691,1629.22,402.43,0.15,4887.66
4692,838.62,176.04,0.0,5031.72
4693,680.76,258.6,0.0,2723.04
4694,689.41,77.56,0.2,2757.64
4695,234.28,-228.56,0.6,1639.96
4696,1020.61,-48.11,0.15,4082.44
4697,798.75,311.49,0.0,2396.25
4698,565.36,65.77,0.4,3957.52
4699,67.18,6.72,0.2,201.54000000000002
4700,305.39,8.03,0.25,2137.73
4701,32.78,2.46,0.2,32.78
4702,420.86,-631.3,0.6,1262.58
4703,513.12,215.46,0.0,1026.24
4704,5.89,-1.32,0.2,11.78
4705,5.56,1.45,0.0,11.12
4706,563.4,67.61,0.0,2253.6
4707,1421.52,468.96,0.0,11372.16
4708,402.78,92.61,0.0,2819.46
4709,743.13,349.2,0.0,2229.39
4710,681.74,187.4,0.2,4772.18
4711,562.68,5.52,0.0,2250.72
4712,42.76,11.12,0.0,42.76
4713,19.4,9.31,0.0,97.0
4714,607.36,133.6,0.0,1214.72
4715,628.2,263.82,0.0,1256.4
4716,727.5,43.65,0.0,3637.5
4717,993.0,-0.09,0.15,6951.0
4718,1214.72,267.2,0.0,4858.88
4719,536.8,85.8,0.0,5904.799999999999
4720,1731.1,17.3,0.0,8655.5
4721,1421.66,-734.53,0.4,11373.28
4722,492.84,4.92,0.0,1478.52
4723,1737.18,503.78,0.0,10423.08
4724,261.96,23.58,0.0,523.92
4725,1244.16,211.5,0.0,7464.960000000001
4726,432.6,47.52,0.0,1730.4
4727,652.32,7.2,0.1,1304.64
4728,1744.64,17.44,0.0,6978.56
4729,307.78,111.57,0.2,2154.46
4730,1274.7,293.16,0.0,3824.1000000000004
4731,327.12,-39.27,0.5,327.12
4732,625.02,6.24,0.0,1250.04
4733,672.0,329.28,0.0,5376.0
4734,18.99,6.81,0.0,18.99
4735,940.91,-202.72,0.35,2822.73
4736,247.46,30.38,0.35,742.38
4737,72.78,-18.2,0.2,72.78
4738,415.08,58.08,0.0,1660.32
4739,71.97,35.99,0.0,215.91
4740,26.18,-3.27,0.2,52.36
4741,831.24,365.64,0.0,3324.96
4742,377.6,105.7,0.0,1888.0
4743,500.58,31.26,0.2,1001.16
4744,364.42,45.46,0.2,2915.36
4745,1269.84,545.82,0.0,13968.24
4746,555.52,59.8,0.35,3333.12
4747,514.23,192.03,0.17,6170.76
4748,639.06,313.11,0.0,639.06
4749,339.4,101.32,0.002,1018.1999999999999
4750,799.2,207.72,0.0,7192.8
4751,912.6,-889.92,0.6,5475.6
4752,988.63,395.35,0.1,7909.04
4753,457.92,0.0,0.0,4121.28
4754,645.54,148.47,0.0,645.54
4755,244.2,29.25,0.0,1221.0
4756,639.84,307.08,0.0,1279.68
4757,1154.91,205.95,0.002,10394.19
4758,284.1,42.6,0.0,1420.5
4759,29.93,-46.39,0.8,209.51
4760,495.42,232.8,0.0,990.84
4761,535.05,128.4,0.0,2675.25
4762,750.98,36.1,0.002,6007.84
4763,1635.26,-127.25,0.1,8176.3
4764,511.92,4.86,0.0,4607.28
4765,410.76,176.61,0.0,410.76
4766,293.11,-9.83,0.4,1758.66
4767,671.89,-211.73,0.27,1343.78
4768,591.3,53.16,0.0,1182.6
4769,890.05,-41.99,0.15,3560.2
4770,440.88,39.6,0.0,1763.52
4771,1053.69,441.29,0.002,5268.450000000001
4772,11.07,5.2,0.0,33.21
4773,947.7,28.35,0.0,2843.1000000000004
4774,581.67,62.91,0.002,3490.0199999999995
4775,391.98,109.75,0.0,783.96
4776,335.5,-18.74,0.1,2013.0
4777,623.7,37.38,0.0,1247.4
4778,955.17,429.75,0.0,2865.5099999999998
4779,625.02,6.24,0.0,1250.04
4780,831.46,230.38,0.17,1662.92
4781,443.48,-381.47,0.5,1330.44
4782,876.84,375.94,0.002,4384.2
4783,851.57,356.61,0.002,3406.28
4784,871.08,165.48,0.0,6097.56
4785,333.48,49.98,0.0,666.96
4786,51.94,21.3,0.0,51.94
4787,2447.55,228.3,0.25,12237.75
4788,481.52,100.88,0.0,6259.76
4789,1360.56,462.48,0.0,10884.48
4790,1114.97,332.93,0.002,7804.79
4791,829.44,16.56,0.0,3317.76
4792,773.55,170.1,0.0,2320.6499999999996
4793,10.86,5.32,0.0,21.72
4794,1297.62,64.8,0.0,11678.579999999998
4795,625.02,6.24,0.0,1250.04
4796,7.43,-5.7,0.7,44.58
4797,1282.8,602.85,0.0,6414.0
4798,611.75,187.07,0.15,1223.5
4799,805.9,-35.99,0.1,5641.3
4800,619.2,-223.02,0.5,3715.2000000000003
4801,672.45,75.63,0.2,4707.150000000001
4802,631.91,87.35,0.002,1895.73
4803,634.12,-426.28,0.402,3170.6
4804,1474.13,460.61,0.2,4422.39
4805,437.16,29.1,0.1,1311.48
4806,516.66,46.44,0.0,1033.32
4807,1894.05,700.65,0.0,9470.25
4808,369.09,14.76,0.0,1107.27
4809,461.43,4.59,0.0,461.43
4810,637.18,15.9,0.2,5097.44
4811,661.85,183.77,0.1,1985.5500000000002
4812,471.96,167.76,0.1,2359.7999999999997
4813,330.04,118.8,0.0,660.08
4814,941.78,-601.74,0.402,7534.24
4815,607.82,60.74,0.1,2431.28
4816,594.54,-59.58,0.1,3567.24
4817,272.76,57.24,0.0,545.52
4818,523.34,203.51,0.1,3663.38
4819,537.4,145.0,0.0,2687.0
4820,967.98,445.26,0.0,1935.96
4821,340.86,10.2,0.0,1022.58
4822,764.28,183.36,0.0,3057.12
4823,1375.85,94.13,0.27,5503.4
4824,7.78,2.02,0.0,15.56
4825,259.74,122.04,0.0,1558.44
4826,513.72,5.04,0.0,2054.88
4827,15.28,7.49,0.0,30.56
4828,166.28,-69.98,0.5,831.4
4829,1101.57,139.65,0.37,13218.84
4830,1447.56,564.48,0.0,4342.68
4831,769.66,170.98,0.1,4617.96
4832,350.94,125.86,0.002,701.88
4833,557.2,139.3,0.0,3900.4000000000005
4834,354.56,39.38,0.1,709.12
4835,376.13,-275.83,0.7,2256.7799999999997
4836,954.36,95.4,0.0,2863.08
4837,493.56,197.4,0.0,1974.24
4838,231.13,-16.43,0.15,924.52
4839,712.8,128.25,0.0,2138.3999999999996
4840,659.52,230.76,0.0,7914.24
4841,262.14,5.22,0.0,786.42
4842,460.08,0.0,0.0,1840.32
4843,4.93,1.72,0.2,9.86
4844,357.36,117.9,0.0,357.36
4845,484.18,-137.32,0.4,5325.9800000000005
4846,415.44,149.49,0.0,1246.32
4847,622.62,192.96,0.0,5603.58
4848,1035.91,22.87,0.1,9323.19
4849,911.52,54.54,0.0,5469.12
4850,437.72,165.32,0.1,1750.88
4851,23.69,7.7,0.2,213.21
4852,1200.31,373.27,0.1,9602.48
4853,2120.8,275.7,0.0,10604.0
4854,985.11,-225.24,0.3,4925.55
4855,1285.44,89.88,0.0,5141.76
4856,21.36,7.21,0.2,106.8
4857,22.72,10.22,0.0,90.88
4858,872.32,8.72,0.0,1744.64
4859,704.88,119.76,0.0,4229.28
4860,955.87,229.27,0.25,6691.09
4861,768.51,169.02,0.0,2305.5299999999997
4862,931.77,242.13,0.0,6522.389999999999
4863,449.04,-164.72,0.4,1796.16
4864,271.76,-69.07,0.37,815.28
4865,368.53,-55.73,0.47,2211.18
4866,12.54,4.7,0.2,25.08
4867,1081.3,101.74,0.15,4325.2
4868,319.56,-25.62,0.5,639.12
4869,828.06,405.72,0.0,1656.12
4870,745.69,182.23,0.1,1491.38
4871,332.28,149.52,0.0,664.56
4872,1292.1,155.0,0.0,6460.5
4873,651.48,260.58,0.0,651.48
4874,1194.17,210.74,0.15,5970.85
4875,1285.56,89.94,0.0,2571.12
4876,1609.29,241.38,0.0,4827.87
4877,1579.92,142.08,0.0,12639.36
4878,264.38,-23.56,0.1,528.76
4879,709.03,-100.22,0.15,3545.1499999999996
4880,767.95,287.98,0.2,4607.700000000001
4881,1059.12,307.14,0.0,4236.48
4882,692.44,6.92,0.0,1384.88
4883,1094.22,328.23,0.0,3282.66
4884,191.47,40.69,0.2,1148.82
4885,968.4,406.56,0.0,7747.2
4886,44.38,15.53,0.2,44.38
4887,228.74,10.13,0.1,686.22
4888,543.46,70.15,0.15,4891.14
4889,857.1,171.3,0.0,8571.0
4890,730.62,102.06,0.07,2191.86
4891,666.08,119.88,0.0,1332.16
4892,612.45,159.15,0.0,3062.25
4893,428.48,10.07,0.15,1285.44
4894,1085.94,369.09,0.0,9773.460000000001
4895,1056.11,-127.27,0.17,2112.22
4896,1171.53,195.18,0.1,5857.65
4897,275.68,-227.52,0.6,2756.8
4898,308.75,-20.66,0.1,1543.75
4899,349.97,-216.98,0.5,2449.79
4900,287.94,77.74,0.0,863.8199999999999
4901,63.92,-46.88,0.7,447.44
4902,1725.46,747.61,0.1,5176.38
4903,924.97,61.66,0.1,6474.79
4904,292.76,68.12,0.27,878.28
4905,580.56,-261.28,0.4,2322.24
4906,343.95,10.2,0.0,1719.75
4907,915.9,-15.3,0.4,4579.5
4908,360.39,-21.21,0.15,1081.17
4909,515.86,-395.54,0.7,1031.72
4910,427.68,106.92,0.0,1710.72
4911,333.6,40.02,0.0,667.2
4912,382.14,91.68,0.0,764.28
4913,666.0,119.85,0.0,3330.0
4914,379.89,52.92,0.0,3419.0099999999998
4915,391.36,74.32,0.0,1565.44
4916,705.07,-132.23,0.2,2115.21
4917,638.73,166.07,0.0,5748.57
4918,680.85,-59.61,0.2,4765.95
4919,604.91,47.03,0.1,2419.64
4920,592.3,35.5,0.0,2961.5
4921,258.9,95.7,0.0,1294.5
4922,403.68,181.66,0.0,2422.08
4923,848.4,322.32,0.0,3393.6
4924,453.48,136.56,0.17,1813.92
4925,332.5,99.7,0.2,665.0
4926,330.16,80.68,0.1,330.16
4927,535.73,41.63,0.1,1607.19
4928,535.68,-267.92,0.4,5356.799999999999
4929,1478.25,132.9,0.0,7391.25
4930,1178.01,12.96,0.1,5890.05
4931,399.58,31.87,0.25,2797.06
4932,798.84,351.36,0.0,9586.08
4933,343.17,11.37,0.1,3431.7000000000003
4934,235.31,-12.67,0.07,470.62
4935,14.67,3.96,0.0,44.01
4936,342.23,140.63,0.1,1711.15
4937,921.98,216.92,0.15,1843.96
4938,1025.4,399.84,0.0,4101.6
4939,1190.3,14.54,0.2,14283.599999999999
4940,324.06,-162.04,0.4,1620.3
4941,249.37,-157.97,0.4,748.11
4942,502.08,-48.42,0.17,1004.16
4943,310.88,23.32,0.2,621.76
4944,1952.42,759.26,0.1,7809.68
4945,1272.12,546.96,0.0,2544.24
4946,1726.65,414.3,0.25,8633.25
4947,509.87,-119.05,0.4,3059.2200000000003
4948,509.88,5.04,0.0,2039.52
4949,370.82,-41.2,0.1,1112.46
4950,1169.36,187.04,0.0,4677.44
4951,1272.42,356.22,0.0,2544.84
4952,446.04,218.52,0.0,1338.1200000000001
4953,821.52,262.88,0.0,3286.08
4954,972.64,58.32,0.0,3890.56
4955,780.84,54.54,0.0,4685.04
4956,639.45,19.05,0.0,3197.25
4957,1181.02,-334.7,0.4,4724.08
4958,109.9,37.37,0.0,549.5
4959,1107.94,47.65,0.07,7755.58
4960,215.46,16.74,0.1,646.38
4961,1058.58,105.84,0.0,6351.48
4962,38.98,-2.44,0.2,116.94
4963,453.12,117.72,0.0,1812.48
4964,1105.96,130.6,0.07,8847.68
4965,449.91,49.86,0.37,2249.55
4966,616.14,61.56,0.0,1232.28
4967,468.64,-134.9,0.27,3280.48
4968,1275.0,140.22,0.0,2550.0
4969,568.29,136.38,0.0,568.29
4970,525.69,162.96,0.0,525.69
4971,830.22,190.02,0.17,1660.44
4972,927.84,352.56,0.0,2783.52
4973,776.88,365.13,0.0,2330.64
4974,1157.22,219.78,0.0,6943.32
4975,1252.48,-187.92,0.2,6262.4
4976,692.03,310.53,0.002,4844.21
4977,1592.7,652.95,0.0,7963.5
4978,301.96,33.22,0.0,603.92
4979,50.0,10.5,0.0,100.0
4980,667.92,-110.04,0.15,2003.7599999999998
4981,337.68,64.14,0.0,675.36
4982,793.21,8.77,0.1,1586.42
4983,627.23,-1087.21,0.7,8781.220000000001
4984,1062.36,180.6,0.0,2124.72
4985,553.92,199.32,0.0,2215.68
4986,1003.02,-942.9,0.5,4012.08
4987,1133.22,305.94,0.0,2266.44
4988,735.41,82.73,0.2,2206.23
4989,288.4,11.52,0.0,1153.6
4990,390.15,58.5,0.0,390.15
4991,947.08,-0.02,0.1,6629.56
4992,1162.64,255.76,0.0,4650.56
4993,886.41,98.46,0.1,4432.05
4994,1233.63,234.36,0.0,3700.8900000000003
4995,292.44,35.04,0.0,1169.76
4996,697.5,-74.4,0.25,1395.0
4997,1127.81,-126.88,0.2,3383.43
4998,728.64,225.84,0.0,2914.56
4999,583.92,216.0,0.0,2335.68
5000,269.82,8.92,0.4,1349.1
5001,287.94,20.1,0.0,575.88
5002,513.12,112.86,0.0,1539.3600000000001
5003,1314.45,-630.99,0.5,7886.700000000001
5004,530.22,-498.42,0.5,2120.88
5005,1035.8,269.31,0.0,4143.2
5006,820.99,20.47,0.2,4925.9400000000005
5007,1031.82,20.58,0.0,2063.64
5008,351.29,-50.83,0.17,702.58
5009,934.19,-915.71,0.5,6539.33
5010,922.86,9.18,0.0,1845.72
5011,293.28,131.92,0.0,1173.12
5012,511.4,160.16,0.17,1022.8
5013,663.0,159.1,0.0,3315.0
5014,959.1,11.98,0.2,3836.4
5015,526.5,231.6,0.0,5265.0
5016,406.29,-89.07,0.27,3250.32
5017,781.22,-599.62,0.57,3124.88
5018,189.6,68.16,0.0,1516.8
5019,887.46,319.2,0.0,12424.44
5020,1656.72,460.2,0.1,6626.88
5021,406.98,138.84,0.15,813.96
5022,575.64,270.48,0.0,2302.56
5023,672.96,228.72,0.0,2691.84
5024,531.36,5.28,0.0,4250.88
5025,341.98,135.97,0.17,1025.94
5026,728.6,234.65,0.1,3643.0
5027,463.68,194.73,0.0,463.68
5028,835.06,-27.86,0.1,1670.12
5029,917.73,-397.71,0.4,8259.57
5030,488.16,136.68,0.0,1952.64
5031,317.16,28.44,0.0,3805.92
5032,517.95,82.8,0.0,2589.75
5033,474.83,20.42,0.07,1424.49
5034,551.36,148.8,0.0,4410.88
5035,612.45,159.21,0.0,1837.3500000000001
5036,825.1,297.0,0.0,4125.5
5037,743.25,133.65,0.0,3716.25
5038,163.91,16.37,0.4,491.73
5039,344.34,58.5,0.0,2066.04
5040,1419.36,110.31,0.1,4258.08
5041,825.36,-495.24,0.4,4126.8
5042,1305.36,443.82,0.0,3916.08
5043,1167.48,431.82,0.0,7004.88
5044,264.22,44.02,0.1,528.44
5045,687.6,109.98,0.0,4125.6
5046,1190.49,404.67,0.0,8333.43
5047,266.94,-177.96,0.7,800.8199999999999
5048,403.83,185.64,0.0,2826.81
5049,822.91,-18.35,0.1,5760.37
5050,444.2,148.04,0.1,1776.8
5051,668.93,74.33,0.1,3344.6499999999996
5052,916.27,81.43,0.1,5497.62
5053,293.58,88.02,0.0,1761.48
5054,1275.12,497.28,0.0,8925.84
5055,669.12,280.8,0.0,5352.96
5056,657.84,164.4,0.0,2631.36
5057,195.76,46.96,0.0,391.52
5058,19.46,3.4,0.2,77.84
5059,196.67,8.66,0.1,590.01
5060,566.21,-197.8,0.37,1698.63
5061,1215.36,413.04,0.0,9722.88
5062,1091.25,196.38,0.0,3273.75
5063,1078.08,366.54,0.0,2156.16
5064,1034.4,227.5,0.0,5172.0
5065,494.04,212.4,0.0,2964.2400000000002
5066,756.14,16.79,0.1,3780.7
5067,2610.72,678.72,0.0,10442.88
5068,966.4,-96.7,0.2,4832.0
5069,741.85,271.99,0.1,1483.7
5070,9.34,1.87,0.2,18.68
5071,839.89,37.27,0.1,2519.67
5072,45.28,15.4,0.0,181.12
5073,216.89,-3.75,0.4,1518.23
5074,449.15,8.98,0.0,2245.75
5075,727.5,79.98,0.0,1455.0
5076,708.15,184.05,0.0,3540.75
5077,293.09,45.59,0.1,1465.4499999999998
5078,834.75,208.65,0.0,4173.75
5079,785.79,369.27,0.0,2357.37
5080,726.14,117.98,0.2,5809.12
5081,414.72,99.48,0.0,1244.16
5082,821.52,353.22,0.0,1643.04
5083,914.28,91.38,0.0,1828.56
5084,686.7,343.35,0.0,3433.5
5085,437.48,58.31,0.1,1312.44
5086,923.58,9.1,0.0,6465.06
5087,426.6,34.05,0.0,2133.0
5088,985.25,-936.03,0.6,3941.0
5089,662.83,99.37,0.2,1325.66
5090,294.37,-58.87,0.2,1177.48
5091,525.78,-771.18,0.7,2103.12
5092,453.68,65.51,0.1,1361.04
5093,591.3,218.7,0.0,1773.8999999999999
5094,370.64,74.09,0.15,1111.92
5095,811.1,-20.38,0.2,4866.6
5096,316.3,-210.86,0.4,632.6
5097,690.0,124.16,0.0,2760.0
5098,547.13,206.69,0.1,2188.52
5099,509.88,5.04,0.0,2039.52
5100,467.43,219.69,0.0,467.43
5101,406.44,-264.24,0.4,2438.64
5102,962.47,335.59,0.002,3849.88
5103,824.04,0.0,0.0,4944.24
5104,755.2,7.52,0.0,6041.6
5105,1227.2,527.68,0.0,4908.8
5106,599.16,0.0,0.0,1198.32
5107,1378.56,441.12,0.0,11028.48
5108,763.26,152.64,0.0,1526.52
5109,2544.24,992.16,0.0,15265.439999999999
5110,782.03,225.63,0.002,3128.12
5111,1314.45,39.42,0.0,3943.3500000000004
5112,861.9,172.2,0.0,8619.0
5113,322.0,83.7,0.0,1610.0
5114,511.62,227.37,0.1,511.62
5115,1048.8,209.76,0.0,2097.6
5116,1238.69,61.85,0.2,7432.14
5117,439.74,153.9,0.0,3957.66
5118,680.01,176.8,0.0,2040.03
5119,732.06,219.6,0.0,2196.18
5120,883.8,114.84,0.0,5302.799999999999
5121,1422.24,526.2,0.0,5688.96
5122,388.92,0.0,0.0,2722.44
5123,874.68,148.68,0.0,1749.36
5124,1330.29,292.59,0.0,3990.87
5125,463.84,46.34,0.2,2319.2
5126,637.08,261.18,0.0,1274.16
5127,1175.4,493.56,0.0,4701.6
5128,1023.36,184.08,0.0,12280.32
5129,1243.98,597.06,0.0,11195.82
5130,716.4,242.46,0.002,6447.599999999999
5131,411.33,-4.84,0.15,1645.32
5132,910.6,118.2,0.0,9106.0
5133,793.58,-8.98,0.1,6348.64
5134,643.82,-8.14,0.2,3862.92
5135,587.79,264.33,0.0,5290.11
5136,1239.0,0.0,0.0,4956.0
5137,907.2,110.88,0.1,7257.6
5138,122.94,30.74,0.0,368.82
5139,743.4,89.1,0.0,3717.0
5140,444.42,153.06,0.1,1777.68
5141,339.19,-62.21,0.4,1356.76
5142,409.8,73.7,0.0,2049.0
5143,10.64,2.77,0.0,42.56
5144,520.11,202.77,0.0,1560.33
5145,793.68,134.88,0.0,3174.72
5146,1181.55,498.81,0.1,3544.6499999999996
5147,429.6,176.0,0.0,3436.8
5148,856.44,385.38,0.0,5138.64
5149,328.28,141.16,0.0,656.56
5150,610.08,-65.7,0.35,1220.16
5151,826.56,41.28,0.0,1653.12
5152,1175.58,117.54,0.0,7053.48
5153,923.76,249.39,0.0,923.76
5154,633.18,132.96,0.0,1266.36
5155,637.2,49.5,0.1,3186.0
5156,639.66,159.9,0.0,1279.32
5157,1386.88,582.48,0.0,5547.52
5158,1124.58,281.1,0.0,2249.16
5159,811.13,-36.13,0.1,7300.17
5160,934.86,439.38,0.0,1869.72
5161,661.91,-36.8,0.1,3309.5499999999997
5162,22.24,2.5,0.2,44.48
5163,312.91,-78.23,0.6,625.82
5164,587.16,146.76,0.0,2348.64
5165,1.8,-2.88,0.8,9.0
5166,753.72,60.24,0.0,1507.44
5167,280.26,128.88,0.0,1681.56
5168,562.68,22.44,0.0,3376.08
5169,324.74,-77.13,0.2,974.22
5170,695.76,34.68,0.0,2783.04
5171,711.86,293.12,0.15,4983.02
5172,591.02,194.12,0.002,4137.139999999999
5173,870.24,295.88,0.0,1740.48
5174,333.96,-200.44,0.4,1669.8
5175,4.99,1.68,0.2,14.97
5176,348.81,34.86,0.0,2441.67
5177,1715.16,-1629.54,0.6,8575.800000000001
5178,542.1,64.74,0.0,7047.3
5179,848.12,367.46,0.1,1696.24
5180,333.84,130.08,0.0,2670.72
5181,743.58,118.8,0.0,4461.4800000000005
5182,476.98,39.67,0.4,1430.94
5183,1519.32,182.28,0.0,6077.28
5184,1893.89,-221.11,0.4,11363.34
5185,779.58,202.68,0.0,1559.16
5186,749.07,179.76,0.0,5243.490000000001
5187,910.8,355.2,0.0,4554.0
5188,1188.36,95.04,0.0,4753.44
5189,554.16,-124.74,0.2,2770.7999999999997
5190,573.48,200.64,0.0,2293.92
5191,437.72,26.36,0.17,437.72
5192,406.44,125.94,0.0,812.88
5193,815.8,-95.99,0.15,2447.3999999999996
5194,2348.4,727.95,0.0,11742.0
5195,461.9,101.6,0.0,2309.5
5196,866.06,232.56,0.002,4330.299999999999
5197,396.72,70.72,0.002,793.44
5198,301.41,92.16,0.15,904.23
5199,803.25,224.85,0.0,4016.25
5200,249.15,17.4,0.0,1245.75
5201,177.55,47.94,0.0,887.75
5202,662.45,223.55,0.2,1987.3500000000001
5203,395.88,71.22,0.0,791.76
5204,1015.98,-278.4,0.27,3047.94
5205,2120.79,169.47,0.0,14845.529999999999
5206,1334.55,360.3,0.0,6672.75
5207,870.24,304.56,0.0,870.24
5208,288.54,11.52,0.0,577.08
5209,1053.41,58.46,0.1,3160.2300000000005
5210,692.85,228.6,0.0,3464.25
5211,637.08,261.18,0.0,1274.16
5212,874.68,-577.32,0.5,3498.72
5213,1091.25,196.38,0.0,3273.75
5214,173.24,17.32,0.0,692.96
5215,1119.36,246.24,0.0,2238.72
5216,880.15,68.26,0.1,7921.349999999999
5217,772.78,-25.76,0.4,1545.56
5218,437.94,-113.94,0.5,2627.64
5219,1155.6,231.0,0.1,11556.0
5220,462.35,-46.33,0.1,1849.4
5221,254.52,-271.56,0.7,1018.08
5222,473.98,-244.94,0.4,1895.92
5223,1140.48,-418.32,0.4,9123.84
5224,904.03,101.59,0.2,5424.18
5225,459.24,100.92,0.0,1836.96
5226,583.12,274.04,0.0,1166.24
5227,1285.47,565.38,0.0,11569.23
5228,1158.3,231.66,0.0,10424.699999999999
5229,779.58,-376.82,0.4,3897.9
5230,741.85,197.77,0.1,1483.7
5231,78.3,29.36,0.2,156.6
5232,622.14,87.06,0.0,1244.28
5233,332.18,-22.15,0.1,996.54
5234,751.26,144.75,0.17,2253.7799999999997
5235,869.7,408.75,0.0,4348.5
5236,533.82,5.28,0.0,1067.64
5237,302.46,108.87,0.0,302.46
5238,221.45,-14.77,0.1,442.9
5239,731.82,146.34,0.0,2195.46
5240,916.8,146.64,0.0,7334.4
5241,870.59,367.49,0.1,5223.54
5242,1073.02,201.18,0.2,4292.08
5243,737.59,147.37,0.1,4425.54
5244,342.07,-57.05,0.4,1368.28
5245,487.38,82.8,0.0,974.76
5246,366.84,117.36,0.0,366.84
5247,462.64,11.08,0.17,1850.56
5248,479.97,-364.86,0.5,1439.91
5249,410.22,135.36,0.0,410.22
5250,940.32,141.03,0.0,2820.96
5251,583.12,274.04,0.0,1166.24
5252,540.36,16.2,0.0,1621.08
5253,591.3,218.7,0.0,1773.8999999999999
5254,826.56,-303.14,0.4,4132.799999999999
5255,245.13,44.1,0.0,245.13
5256,364.14,80.1,0.0,728.28
5257,5100.0,1428.0,0.0,40800.0
5258,1272.42,-1094.34,0.5,5089.68
5259,381.63,76.32,0.0,381.63
5260,848.08,330.72,0.0,1696.16
5261,559.06,173.92,0.1,1118.12
5262,758.48,126.32,0.1,3033.92
5263,632.34,56.7,0.0,5691.06
5264,410.8,69.8,0.0,2054.0
5265,816.72,48.96,0.0,3266.88
5266,161.28,12.1,0.2,322.56
5267,1244.16,211.5,0.0,7464.960000000001
5268,760.2,288.84,0.0,1520.4
5269,546.0,60.0,0.0,2184.0
5270,1115.17,334.55,0.0,7806.1900000000005
5271,505.91,14.19,0.002,1011.82
5272,823.86,97.38,0.07,2471.58
5273,458.21,-245.11,0.57,916.42
5274,495.42,232.8,0.0,990.84
5275,1256.45,488.6,0.1,6282.25
5276,454.48,13.6,0.0,1817.92
5277,321.82,-4.06,0.2,643.64
5278,660.8,6.58,0.0,4625.599999999999
5279,930.0,158.1,0.0,1860.0
5280,741.96,59.31,0.0,2225.88
5281,1818.84,654.72,0.0,7275.36
5282,517.5,20.7,0.0,1035.0
5283,587.41,104.41,0.1,587.41
5284,170.07,-12.15,0.3,680.28
5285,108.4,-105.69,0.6,542.0
5286,106.96,31.02,0.0,213.92
5287,745.42,-211.22,0.4,2981.68
5288,657.4,-29.24,0.1,2629.6
5289,595.17,291.6,0.0,1785.5099999999998
5290,585.12,87.72,0.0,2340.48
5291,825.36,338.34,0.0,1650.72
5292,512.7,199.92,0.0,1025.4
5293,872.67,61.08,0.0,872.67
5294,1373.52,54.72,0.0,10988.16
5295,369.11,147.56,0.15,1845.5500000000002
5296,308.56,126.76,0.1,1234.24
5297,378.81,140.13,0.0,378.81
5298,275.7,52.35,0.0,1378.5
5299,907.01,-30.43,0.1,6349.07
5300,266.72,16.0,0.0,2133.76
5301,1931.94,734.13,0.0,5795.82
5302,583.12,274.04,0.0,1166.24
5303,300.18,33.0,0.0,300.18
5304,1270.41,433.41,0.15,6352.05
5305,20.66,6.97,0.2,144.62
5306,254.5,-362.66,0.6,254.5
5307,1116.36,368.34,0.0,15629.039999999999
5308,263.3,3.22,0.2,1053.2
5309,634.68,-84.66,0.4,1269.36
5310,609.66,-231.84,0.5,3657.96
5311,1243.9,-134.9,0.17,3731.7000000000003
5312,561.09,211.89,0.1,1683.27
5313,666.84,246.72,0.0,4001.04
5314,809.7,372.3,0.0,8097.0
5315,577.67,211.67,0.1,2888.35
5316,197.88,31.56,0.0,791.52
5317,264.56,47.6,0.0,529.12
5318,409.24,118.21,0.1,409.24
5319,220.32,56.22,0.1,1101.6
5320,861.6,198.15,0.0,4308.0
5321,570.24,279.36,0.0,6842.88
5322,509.04,114.48,0.2,1527.1200000000001
5323,659.9,217.77,0.0,1319.8
5324,989.04,88.98,0.0,1978.08
5325,672.72,235.44,0.0,2690.88
5326,680.82,129.22,0.0,4765.740000000001
5327,497.64,179.1,0.0,995.28
5328,182.58,16.38,0.0,365.16
5329,149.9,40.47,0.0,749.5
5330,527.46,226.8,0.0,1054.92
5331,400.79,26.66,0.1,1202.3700000000001
5332,42.21,13.72,0.2,84.42
5333,439.02,219.51,0.0,3951.18
5334,1741.8,261.24,0.0,6967.2
5335,972.86,205.34,0.1,1945.72
5336,384.59,-81.73,0.2,769.18
5337,1841.67,368.07,0.1,18416.7
5338,578.79,138.87,0.0,1736.37
5339,1516.28,680.6,0.002,9097.68
5340,1026.9,131.7,0.002,8215.2
5341,643.15,117.55,0.07,2572.6
5342,223.4,89.36,0.1,446.8
5343,365.28,-61.68,0.17,2191.68
5344,347.8,-24.84,0.3,2434.6
5345,32.4,10.37,0.0,162.0
5346,806.68,338.8,0.0,5646.759999999999
5347,1454.83,-54.59,0.2,4364.49
5348,780.3,187.26,0.0,2340.8999999999996
5349,1409.76,169.11,0.0,4229.28
5350,1314.43,377.83,0.2,5257.72
5351,19.44,9.33,0.0,58.32000000000001
5352,955.17,95.49,0.0,2865.5099999999998
5353,6.91,2.51,0.2,20.73
5354,796.48,270.72,0.0,6371.84
5355,503.4,236.52,0.0,2013.6
5356,455.19,-151.77,0.37,1365.57
5357,528.66,-253.8,0.5,3171.96
5358,426.24,68.13,0.0,1278.72
5359,227.34,47.94,0.1,1136.7
5360,659.36,-184.69,0.25,3296.8
5361,1028.16,20.37,0.0,7197.120000000001
5362,1533.33,-34.11,0.1,4599.99
5363,463.84,129.84,0.0,1855.36
5364,523.41,-179.34,0.27,2617.0499999999997
5365,388.08,93.12,0.0,776.16
5366,577.68,75.0,0.0,2310.72
5367,919.26,-168.54,0.4,4596.3
5368,471.33,-461.97,0.5,1413.99
5369,185.52,-6.98,0.2,927.6
5370,646.74,258.7,0.0,3880.44
5371,196.92,78.72,0.0,787.68
5372,85.14,15.3,0.0,170.28
5373,666.72,53.28,0.0,6000.4800000000005
5374,409.82,-245.94,0.4,1639.28
5375,101.75,-169.63,0.7,203.5
5376,397.6,43.74,0.0,1988.0
5377,239.96,115.18,0.0,959.84
5378,64.96,9.74,0.0,259.84
5379,513.12,-342.08,0.4,2565.6
5380,494.07,-11.91,0.17,1482.21
5381,89.7,33.64,0.2,358.8
5382,486.3,92.3,0.0,2431.5
5383,137.12,52.08,0.0,548.48
5384,359.04,107.52,0.0,2872.32
5385,607.32,115.32,0.0,2429.28
5386,549.52,109.88,0.0,1099.04
5387,434.88,-202.98,0.4,1304.6399999999999
5388,408.72,-104.1,0.45,1226.16
5389,207.81,91.41,0.0,207.81
5390,424.06,103.63,0.1,424.06
5391,200.39,11.03,0.1,1202.34
5392,328.14,81.9,0.0,1968.84
5393,387.84,50.4,0.0,3102.72
5394,578.64,98.28,0.0,2314.56
5395,394.98,15.78,0.0,1184.94
5396,212.59,-77.97,0.4,850.36
5397,459.92,-30.67,0.1,1379.76
5398,442.76,59.04,0.1,1771.04
5399,572.19,21.43,0.2,1144.38
5400,211.25,-66.39,0.3,422.5
5401,1107.52,325.72,0.15,2215.04
5402,326.84,143.8,0.0,653.68
5403,152.55,65.55,0.0,762.75
5404,394.82,93.77,0.2,1579.28
5405,244.56,-27.54,0.2,1222.8
5406,168.6,57.24,0.0,674.4
5407,976.08,292.8,0.0,3904.32
5408,176.78,-22.1,0.2,176.78
5409,95.92,25.9,0.0,767.36
5410,144.0,67.68,0.0,288.0
5411,239.28,119.64,0.0,478.56
5412,528.24,-118.86,0.2,2641.2
5413,108.48,45.54,0.0,216.96
5414,553.37,92.12,0.1,2766.85
5415,636.15,203.55,0.0,636.15
5416,860.79,68.67,0.0,6025.53
5417,238.15,89.31,0.2,714.45
5418,496.05,-12.43,0.2,3472.35
5419,457.55,134.57,0.15,457.55
5420,265.68,2.64,0.0,1062.72
5421,239.74,-11.6,0.17,479.48
5422,129.98,62.39,0.0,259.96
5423,253.69,73.24,0.1,761.0699999999999
5424,401.04,176.4,0.0,1203.1200000000001
5425,312.23,-780.64,0.8,936.69
5426,47.36,17.76,0.2,189.44
5427,218.16,7.26,0.1,1090.8
5428,106.26,-156.75,0.6,106.26
5429,45.89,9.18,0.2,183.56
5430,343.1,45.47,0.17,1029.3000000000002
5431,190.92,30.54,0.0,381.84
5432,102.72,19.5,0.0,205.44
5433,167.28,10.02,0.0,501.84000000000003
5434,515.52,36.0,0.0,2062.08
5435,289.25,-347.11,0.6,578.5
5436,604.16,169.12,0.0,4833.28
5437,209.94,54.58,0.0,1259.6399999999999
5438,150.8,56.55,0.2,754.0
5439,435.42,-195.96,0.4,1306.26
5440,332.42,-503.41,0.65,997.26
5441,129.89,12.99,0.2,779.3399999999999
5442,340.86,122.7,0.0,681.72
5443,267.23,-49.19,0.4,3473.9900000000002
5444,363.75,39.99,0.0,363.75
5445,143.98,-28.8,0.4,431.93999999999994
5446,575.64,103.56,0.0,2302.56
5447,345.38,30.65,0.1,1036.1399999999999
5448,462.11,-36.02,0.1,3234.77
5449,259.83,106.53,0.0,259.83
5450,339.89,-24.62,0.17,1019.67
5451,228.06,-486.54,0.7,456.12
5452,142.47,14.22,0.0,427.40999999999997
5453,444.72,208.92,0.0,1778.88
5454,178.32,51.6,0.0,713.28
5455,785.34,94.23,0.0,2356.02
5456,195.84,1.92,0.0,391.68
5457,118.16,-25.11,0.2,236.32
5458,520.2,124.84,0.0,1040.4
5459,491.83,158.47,0.1,3934.64
5460,68.97,19.31,0.0,206.91
5461,557.05,-26.3,0.15,2785.25
5462,868.64,366.74,0.1,6080.48
5463,373.28,28.88,0.1,2612.96
5464,282.18,121.32,0.0,564.36
5465,81.96,22.95,0.0,163.92
5466,379.81,-38.06,0.1,1139.43
5467,285.6,25.68,0.0,571.2
5468,234.82,-82.22,0.4,939.28
5469,12.96,6.22,0.0,25.92
5470,299.04,2.94,0.0,2093.28
5471,212.04,12.72,0.0,1272.24
5472,561.09,211.89,0.1,1683.27
5473,555.66,-208.53,0.6,3889.62
5474,408.3,106.14,0.0,816.6
5475,273.47,95.71,0.2,1093.88
5476,444.62,-466.9,0.6,2667.7200000000003
5477,81.63,8.1,0.0,244.89
5478,137.58,27.48,0.0,412.74
5479,389.99,-72.61,0.57,779.98
5480,804.56,152.8,0.0,3218.24
5481,332.28,96.36,0.0,996.8399999999999
5482,223.92,66.96,0.0,1791.36
5483,171.36,-2.04,0.15,685.44
5484,332.02,55.27,0.1,996.06
5485,173.35,-104.03,0.45,1040.1
5486,277.56,61.56,0.1,1387.8
5487,651.0,-158.1,0.3,1302.0
5488,371.33,13.73,0.2,4455.96
5489,183.72,75.32,0.0,367.44
5490,160.92,40.23,0.0,482.76
5491,295.78,-421.52,0.6,1774.6799999999998
5492,232.62,-43.74,0.2,1628.3400000000001
5493,478.17,42.84,0.0,3347.19
5494,493.68,54.24,0.0,1974.72
5495,249.89,41.54,0.1,1249.4499999999998
5496,236.79,-146.88,0.5,2131.11
5497,46.9,13.13,0.0,234.5
5498,651.39,143.28,0.0,651.39
5499,222.56,109.04,0.0,445.12
5500,139.1,16.6,0.0,695.5
5501,249.89,41.54,0.1,1249.4499999999998
5502,574.41,-251.75,0.402,2297.64
5503,122.76,56.4,0.0,491.04
5504,409.82,-27.46,0.4,3278.56
5505,748.72,149.72,0.0,1497.44
5506,457.46,60.62,0.17,1829.84
5507,135.96,10.86,0.0,407.88
5508,392.85,148.41,0.1,1178.5500000000002
5509,247.53,29.7,0.0,247.53
5510,429.48,17.1,0.0,1288.44
5511,215.06,-120.47,0.5,645.1800000000001
5512,667.84,287.16,0.0,1335.68
5513,246.72,73.92,0.0,986.88
5514,87.96,40.44,0.0,351.84
5515,462.13,-0.11,0.1,1848.52
5516,47.92,11.98,0.2,95.84
5517,435.45,65.31,0.0,435.45
5518,398.61,15.93,0.0,1195.83
5519,434.88,104.31,0.0,1304.6399999999999
5520,199.34,-154.54,0.6,797.36
5521,166.62,34.98,0.0,333.24
5522,268.26,10.68,0.0,804.78
5523,381.68,141.2,0.0,1526.72
5524,474.98,-300.94,0.4,1899.92
5525,127.55,-9.11,0.3,382.65
5526,225.24,78.78,0.0,675.72
5527,244.5,48.9,0.0,489.0
5528,179.74,67.87,0.1,539.22
5529,505.2,-50.52,0.2,1515.6
5530,175.92,15.39,0.2,879.5999999999999
5531,464.61,-32.91,0.15,1858.44
5532,325.92,78.12,0.0,1303.68
5533,636.21,178.11,0.0,636.21
5534,206.4,92.88,0.0,206.4
5535,230.8,71.8,0.1,923.2
5536,345.3,7.62,0.1,1035.9
5537,342.51,61.07,0.002,1370.04
5538,430.7,-33.58,0.1,1722.8
5539,237.07,-102.77,0.4,948.28
5540,53.04,-4.64,0.2,159.12
5541,820.67,218.72,0.1,4103.349999999999
5542,510.12,-10.26,0.5,3060.7200000000003
5543,190.44,36.12,0.0,761.76
5544,24.9,11.7,0.0,124.5
5545,729.48,-492.42,0.6,3647.4
5546,113.28,29.43,0.0,113.28
5547,776.25,-326.1,0.5,3881.25
5548,451.14,-67.67,0.2,1804.56
5549,859.5,266.4,0.0,4297.5
5550,316.48,-126.62,0.4,632.96
5551,679.8,95.16,0.0,2719.2
5552,35.12,13.17,0.2,70.24
5553,207.18,33.12,0.0,414.36
5554,95.69,14.33,0.4,287.07
5555,355.38,170.58,0.0,710.76
5556,544.73,205.73,0.1,2723.65
5557,502.92,110.64,0.0,2011.68
5558,249.18,107.1,0.0,498.36
5559,333.8,156.8,0.0,1669.0
5560,298.14,14.88,0.0,298.14
5561,135.84,57.0,0.0,543.36
5562,654.1,-50.9,0.1,1308.2
5563,486.36,213.96,0.0,1945.44
5564,152.82,39.6,0.0,916.92
5565,508.32,81.3,0.0,1016.64
5566,214.02,29.88,0.0,642.0600000000001
5567,620.06,20.66,0.1,3100.2999999999997
5568,108.66,2.16,0.0,108.66
5569,238.62,83.46,0.0,477.24
5570,554.16,11.04,0.0,2216.64
5571,110.86,-74.84,0.6,221.72
5572,146.68,-99.77,0.47,733.4000000000001
5573,362.0,-120.79,0.4,2534.0
5574,735.66,95.58,0.0,4413.96
5575,183.74,32.66,0.1,183.74
5576,193.68,11.52,0.0,774.72
5577,698.85,146.7,0.0,3494.25
5578,626.18,-34.9,0.1,2504.72
5579,829.32,215.52,0.0,3317.28
5580,995.28,358.2,0.0,3981.12
5581,1164.7,-238.55,0.17,5823.5
5582,135.93,14.88,0.27,407.79
5583,245.82,66.36,0.0,491.64
5584,259.56,-145.44,0.5,1038.24
5585,391.32,90.0,0.0,2347.92
5586,296.34,142.2,0.0,592.68
5587,166.14,13.14,0.0,996.8399999999999
5588,221.11,74.56,0.17,1105.5500000000002
5589,209.76,85.98,0.0,419.52
5590,94.44,1.8,0.0,377.76
5591,428.52,175.68,0.0,428.52
5592,550.08,-66.12,0.25,2200.32
5593,173.34,13.86,0.0,1040.04
5594,118.62,49.68,0.0,711.72
5595,160.02,46.2,0.0,2240.28
5596,98.96,13.84,0.0,395.84
5597,211.92,-312.78,0.6,2119.2
5598,259.5,57.0,0.0,1297.5
5599,1198.3,165.6,0.002,5991.5
5600,391.68,140.88,0.0,3133.44
5601,11.34,5.56,0.0,11.34
5602,290.34,2.88,0.0,1742.04
5603,204.15,53.07,0.0,204.15
5604,258.0,87.72,0.0,774.0
5605,130.44,45.6,0.0,260.88
5606,58.24,15.72,0.0,232.96
5607,565.32,56.52,0.0,2261.28
5608,87.6,42.05,0.0,438.0
5609,1134.9,45.36,0.0,3404.7000000000003
5610,274.8,112.62,0.0,824.4000000000001
5611,270.14,-3.4,0.2,810.42
5612,483.52,-217.58,0.4,1450.56
5613,642.6,70.68,0.0,2570.4
5614,248.5,111.8,0.0,1242.5
5615,352.35,137.4,0.0,1761.75
5616,910.35,391.35,0.0,4551.75
5617,230.04,6.9,0.0,460.08
5618,248.13,24.78,0.1,1240.65
5619,618.24,253.4,0.0,4327.68
5620,214.92,50.1,0.1,429.84
5621,440.64,132.12,0.0,1321.92
5622,360.29,31.97,0.1,1441.16
5623,385.02,57.72,0.0,770.04
5624,364.92,83.91,0.0,364.92
5625,41.4,19.46,0.0,207.0
5626,616.92,203.58,0.0,1233.84
5627,363.45,149.34,0.1,1090.35
5628,114.6,46.8,0.0,1146.0
5629,422.73,147.87,0.0,1268.19
5630,585.55,73.19,0.2,1756.6499999999999
5631,419.94,52.49,0.2,2939.58
5632,258.26,-27.4,0.15,516.52
5633,726.35,140.54,0.07,2179.05
5634,321.08,-314.78,0.5,1605.3999999999999
5635,401.65,55.0,0.27,2008.25
5636,340.92,3.41,0.0,1022.76
5637,260.42,46.22,0.1,1302.1000000000001
5638,278.88,114.3,0.0,557.76
5639,378.66,185.52,0.0,378.66
5640,1301.25,572.55,0.0,6506.25
5641,246.72,73.92,0.0,986.88
5642,539.96,-107.99,0.4,3239.76
5643,333.9,83.46,0.0,667.8
5644,391.61,130.37,0.1,2741.27
5645,631.5,-113.7,0.5,2526.0
5646,294.6,106.02,0.0,589.2
5647,111.38,-91.9,0.6,111.38
5648,117.56,-2.77,0.1,822.9200000000001
5649,375.9,30.03,0.0,2631.2999999999997
5650,11.84,5.68,0.0,94.72
5651,197.88,70.35,0.1,593.64
5652,269.24,-134.68,0.4,807.72
5653,4.16,0.36,0.2,8.32
5654,123.39,49.35,0.0,123.39
5655,273.18,76.44,0.0,546.36
5656,392.4,3.9,0.0,1177.1999999999998
5657,3.33,0.42,0.2,6.66
5658,204.63,57.27,0.0,204.63
5659,131.65,1.61,0.2,263.3
5660,406.6,113.85,0.0,2033.0
5661,186.62,14.51,0.1,186.62
5662,403.27,-60.53,0.4,1613.08
5663,225.54,72.03,0.0,1578.78
5664,1086.16,-12.08,0.1,4344.64
5665,1114.8,211.68,0.0,8918.4
5666,267.73,-156.26,0.4,803.19
5667,361.2,155.19,0.0,2528.4
5668,268.85,-174.75,0.4,1075.4
5669,38.55,0.36,0.0,38.55
5670,691.47,28.41,0.27,1382.94
5671,164.7,29.61,0.0,494.09999999999997
5672,379.38,125.16,0.0,758.76
5673,266.64,-197.34,0.5,2933.04
5674,401.36,35.6,0.1,1204.08
5675,470.45,125.39,0.1,1411.35
5676,200.9,34.02,0.0,1406.3
5677,251.26,111.58,0.1,1507.56
5678,627.17,70.56,0.2,2508.68
5679,262.17,98.97,0.1,1310.8500000000001
5680,369.28,144.0,0.0,1477.12
5681,131.98,35.63,0.0,263.96
5682,312.6,4.26,0.27,2813.4
5683,358.85,57.83,0.07,717.7
5684,147.69,59.04,0.0,443.07
5685,349.7,142.88,0.07,1049.1
5686,399.6,-255.78,0.5,2397.6000000000004
5687,100.76,-45.4,0.4,906.84
5688,179.25,25.05,0.0,896.25
5689,475.44,-198.1,0.4,3328.08
5690,199.2,93.6,0.0,398.4
5691,183.12,21.96,0.0,366.24
5692,325.06,-357.62,0.7,650.12
5693,323.06,-60.61,0.2,2261.42
5694,15.55,5.44,0.2,46.650000000000006
5695,8.32,2.29,0.2,41.6
5696,264.06,95.04,0.0,1584.3600000000001
5697,108.24,25.92,0.0,432.96
5698,369.72,-140.58,0.5,2218.32
5699,592.99,76.03,0.002,1778.97
5700,947.7,66.3,0.0,4738.5
5701,145.84,-24.32,0.4,437.52
5702,392.22,160.74,0.0,2353.32
5703,298.26,65.52,0.0,1789.56
5704,228.91,27.76,0.1,2060.19
5705,349.06,11.62,0.1,2792.48
5706,581.25,46.5,0.0,2906.25
5707,342.06,-478.9,0.7,684.12
5708,284.1,42.6,0.0,1420.5
5709,280.78,-60.84,0.4,842.3399999999999
5710,647.87,48.51,0.2,2591.48
5711,342.72,154.14,0.0,2399.04
5712,352.38,42.24,0.0,1057.1399999999999
5713,829.73,134.75,0.2,4978.38
5714,102.58,6.84,0.1,102.58
5715,480.03,19.2,0.0,480.03
5716,220.44,17.58,0.0,661.3199999999999
5717,299.97,50.82,0.0,3299.67
5718,259.25,-32.41,0.2,777.75
5719,627.7,172.6,0.2,1883.1000000000001
5720,680.76,224.64,0.0,4084.56
5721,570.15,159.63,0.0,570.15
5722,984.18,344.46,0.0,1968.36
5723,585.69,122.85,0.0,4099.83
5724,892.35,267.71,0.0,4461.75
5725,1487.16,743.4,0.0,17845.920000000002
5726,724.08,-135.77,0.2,10137.12
5727,147.04,26.4,0.0,588.16
5728,231.63,-144.39,0.47,1389.78
5729,268.32,88.5,0.0,804.96
5730,285.08,-159.65,0.5,285.08
5731,351.84,147.72,0.0,1407.36
5732,719.7,158.28,0.0,1439.4
5733,333.6,106.72,0.0,1334.4
5734,396.78,-7.98,0.5,1587.12
5735,177.12,10.56,0.0,1416.96
5736,163.43,-39.23,0.5,817.1500000000001
5737,171.16,0.0,0.0,342.32
5738,68.77,12.16,0.1,206.31
5739,515.61,-237.33,0.5,3093.66
5740,371.34,35.46,0.27,3342.06
5741,247.35,56.85,0.0,1236.75
5742,266.22,61.2,0.0,1597.3200000000002
5743,295.29,0.0,0.0,295.29
5744,249.3,0.0,0.0,1246.5
5745,85.06,28.71,0.2,255.18
5746,555.03,-175.05,0.27,4995.2699999999995
5747,59.99,-13.0,0.4,59.99
5748,330.22,108.9,0.0,3632.42
5749,430.11,94.59,0.0,1290.33
5750,370.44,170.31,0.0,2593.08
5751,481.25,5.33,0.1,1925.0
5752,40.88,10.63,0.0,286.16
5753,245.22,19.56,0.0,490.44
5754,393.94,10.78,0.27,1575.76
5755,364.32,142.08,0.0,728.64
5756,834.43,208.59,0.2,3337.72
5757,677.4,33.8,0.0,3387.0
5758,282.6,81.9,0.0,1695.6000000000001
5759,201.24,76.44,0.0,804.96
5760,5.1,1.66,0.2,5.1
5761,289.92,81.12,0.0,869.76
5762,333.63,-56.52,0.35,1000.89
5763,210.54,41.91,0.0,2315.94
5764,171.87,63.57,0.0,171.87
5765,10.78,-7.91,0.7,32.339999999999996
5766,571.46,215.87,0.1,1714.38
5767,151.92,71.4,0.0,455.76
5768,399.0,-263.4,0.5,3990.0
5769,297.84,74.46,0.0,595.68
5770,206.56,48.96,0.2,1032.8
5771,579.45,225.9,0.0,2897.25
5772,319.56,146.97,0.0,319.56
5773,504.72,232.11,0.0,1514.16
5774,414.24,12.24,0.0,3313.92
5775,375.12,-437.68,0.7,1500.48
5776,414.66,107.76,0.0,829.32
5777,473.15,41.99,0.1,1892.6
5778,380.97,143.91,0.1,761.94
5779,339.3,50.86,0.2,678.6
5780,194.77,-95.93,0.35,389.54
5781,358.68,14.28,0.0,1434.72
5782,718.95,21.45,0.0,3594.75
5783,634.86,-349.29,0.4,3174.3
5784,672.57,59.67,0.1,3362.8500000000004
5785,333.36,66.6,0.0,1000.08
5786,197.19,7.77,0.0,1380.33
5787,449.64,13.44,0.0,1798.56
5788,303.0,60.6,0.0,606.0
5789,390.72,109.2,0.0,3125.76
5790,256.74,-109.26,0.6,1283.7
5791,199.08,55.68,0.0,796.32
5792,915.9,357.18,0.0,2747.7
5793,116.28,-77.52,0.4,465.12
5794,41.96,10.91,0.0,83.92
5795,607.14,12.06,0.0,3642.84
5796,345.06,0.0,0.0,1035.18
5797,145.9,-82.68,0.4,145.9
5798,254.52,114.48,0.0,2290.6800000000003
5799,364.32,18.21,0.0,364.32
5800,51.63,8.76,0.0,51.63
5801,429.41,-171.79,0.45,1288.23
5802,314.5,87.28,0.1,2201.5
5803,239.92,23.99,0.0,1919.36
5804,351.22,118.48,0.2,3160.9800000000005
5805,204.95,100.43,0.0,1024.75
5806,249.0,29.85,0.0,1245.0
5807,293.52,55.74,0.0,880.56
5808,329.99,-205.51,0.47,1979.94
5809,566.71,179.83,0.15,4533.68
5810,127.0,55.8,0.0,635.0
5811,762.39,288.75,0.002,4574.34
5812,600.64,156.16,0.0,4805.12
5813,486.12,-77.88,0.5,3888.96
5814,418.39,-198.83,0.6,2510.34
5815,572.62,-0.02,0.1,1145.24
5816,304.24,71.5,0.15,912.72
5817,308.7,-41.22,0.25,2469.6
5818,243.99,-426.99,0.8,975.96
5819,182.61,51.12,0.0,182.61
5820,487.59,59.58,0.1,487.59
5821,283.56,-10.02,0.15,567.12
5822,362.66,140.9,0.1,2901.28
5823,200.1,96.0,0.0,2001.0
5824,377.68,86.84,0.0,755.36
5825,1104.72,27.52,0.2,5523.6
5826,158.76,65.07,0.0,476.28
5827,474.95,142.49,0.0,2374.75
5828,166.32,68.04,0.0,2328.48
5829,440.1,61.56,0.0,2640.6000000000004
5830,677.58,176.17,0.0,2032.7400000000002
5831,533.22,111.96,0.0,1066.44
5832,369.16,32.3,0.2,4060.76
5833,275.62,-0.02,0.1,551.24
5834,816.72,114.24,0.0,3266.88
5835,690.77,-30.85,0.1,4144.62
5836,450.91,118.27,0.2,1803.64
5837,289.35,75.15,0.0,1446.75
5838,221.62,97.44,0.0,1551.3400000000001
5839,115.5,50.8,0.0,577.5
5840,157.98,37.86,0.0,473.93999999999994
5841,273.56,-6.52,0.15,1094.24
5842,248.08,99.12,0.0,1736.5600000000002
5843,346.5,114.24,0.0,2425.5
5844,251.25,42.6,0.0,1256.25
5845,364.58,64.7,0.1,2552.06
5846,179.21,-17.95,0.4,537.63
5847,327.12,114.48,0.0,1308.48
5848,394.98,15.78,0.0,1184.94
5849,176.2,56.74,0.1,352.4
5850,357.1,53.53,0.4,1071.3000000000002
5851,568.47,284.22,0.0,568.47
5852,245.86,49.12,0.1,491.72
5853,445.71,-69.81,0.17,891.42
5854,292.93,-22.03,0.2,1171.72
5855,336.24,100.86,0.0,1008.72
5856,455.44,-425.12,0.7,5465.28
5857,205.44,-127.44,0.5,1643.52
5858,219.79,-126.41,0.6,439.58
5859,381.2,144.38,0.002,1143.6
5860,491.76,83.52,0.0,1967.04
5861,415.2,20.76,0.0,415.2
5862,190.65,51.45,0.0,953.25
5863,157.39,-62.99,0.6,314.78
5864,551.75,195.71,0.07,2207.0
5865,99.85,-83.21,0.7,898.65
5866,1983.02,616.82,0.1,9915.1
5867,198.39,97.2,0.0,198.39
5868,28.23,0.0,0.0,28.23
5869,224.82,29.22,0.0,449.64
5870,1799.64,719.82,0.0,10797.84
5871,155.52,23.31,0.0,466.56000000000006
5872,919.05,-128.67,0.5,1838.1
5873,212.32,59.36,0.0,1698.56
5874,852.5,179.96,0.1,1705.0
5875,438.84,65.79,0.0,1316.52
5876,226.12,97.2,0.0,452.24
5877,69.71,8.71,0.2,139.42
5878,238.27,-7.97,0.4,953.08
5879,483.6,28.92,0.0,1934.4
5880,406.35,203.1,0.0,2031.75
5881,617.1,172.65,0.0,3085.5
5882,417.22,104.3,0.2,834.44
5883,464.13,-742.77,0.7,2784.7799999999997
5884,622.14,18.66,0.0,1244.28
5885,204.67,-214.97,0.6,818.68
5886,224.29,87.22,0.1,672.87
5887,317.99,16.94,0.25,953.97
5888,713.29,327.31,0.002,2139.87
5889,243.7,21.9,0.0,1218.5
5890,357.21,138.87,0.1,714.42
5891,345.6,-69.12,0.2,3110.4
5892,67.9,20.37,0.0,339.5
5893,218.03,79.88,0.1,1090.15
5894,716.0,221.92,0.0,2864.0
5895,409.46,162.86,0.07,1228.3799999999999
5896,555.07,-430.37,0.6,4440.56
5897,29.24,9.87,0.2,146.2
5898,494.22,113.67,0.0,494.22
5899,113.76,1.08,0.0,227.52
5900,201.36,28.08,0.0,1208.16
5901,317.16,41.16,0.0,1268.64
5902,697.86,209.34,0.0,4187.16
5903,280.44,131.76,0.0,1682.6399999999999
5904,751.65,25.05,0.1,5261.55
5905,494.64,39.54,0.0,989.28
5906,17.64,8.11,0.0,70.56
5907,199.74,47.94,0.0,1198.44
5908,247.86,39.6,0.0,495.72
5909,558.9,117.96,0.1,1117.8
5910,340.14,21.26,0.2,2380.98
5911,162.54,81.18,0.0,975.24
5912,473.85,160.92,0.0,4264.650000000001
5913,845.42,197.24,0.1,1690.84
5914,108.58,8.14,0.2,325.74
5915,293.0,-177.4,0.402,1758.0
5916,162.84,76.5,0.0,325.68
5917,210.69,52.65,0.0,210.69
5918,256.68,33.36,0.0,513.36
5919,365.55,43.8,0.0,1827.75
5920,359.65,125.85,0.2,719.3
5921,225.24,78.78,0.0,675.72
5922,322.22,-30.34,0.15,644.44
5923,138.4,4.1,0.0,692.0
5924,342.08,0.0,0.0,684.16
5925,221.44,6.56,0.0,1771.52
5926,215.38,-8.2,0.2,1507.6599999999999
5927,393.39,145.53,0.0,3540.5099999999998
5928,369.09,14.76,0.0,1107.27
5929,589.41,-6.55,0.1,2947.0499999999997
5930,257.25,30.75,0.0,1286.25
5931,430.92,189.56,0.0,6032.88
5932,215.1,77.4,0.0,1075.5
5933,195.84,70.44,0.0,783.36
5934,533.61,170.73,0.0,533.61
5935,446.8,143.92,0.1,1787.2
5936,417.6,-31.56,0.47,1670.4
5937,426.79,123.77,0.0,2987.53
5938,600.48,84.0,0.0,2401.92
5939,437.34,74.34,0.0,437.34
5940,740.34,162.72,0.0,6663.06
5941,278.93,47.03,0.17,557.86
5942,624.74,46.82,0.2,8746.36
5943,8.81,-14.97,0.8,26.43
5944,487.73,66.98,0.2,1463.19
5945,281.34,11.22,0.0,844.02
5946,251.37,27.54,0.0,2262.33
5947,435.99,178.74,0.0,435.99
5948,375.84,52.56,0.0,2255.04
5949,162.06,35.64,0.0,324.12
5950,319.64,-319.72,0.7,1917.84
5951,507.28,174.64,0.1,2029.12
5952,146.56,38.44,0.2,293.12
5953,551.21,97.97,0.1,1653.63
5954,268.32,24.12,0.0,536.64
5955,512.34,112.68,0.0,1024.68
5956,889.92,355.86,0.0,5339.5199999999995
5957,219.62,48.8,0.1,219.62
5958,415.44,16.56,0.0,1246.32
5959,529.98,238.44,0.0,1059.96
5960,588.02,-27.16,0.35,588.02
5961,219.78,59.34,0.0,439.56
5962,303.66,75.9,0.0,607.32
5963,533.8,-144.89,0.3,1601.3999999999999
5964,468.93,173.46,0.0,3282.51
5965,822.42,156.24,0.0,1644.84
5966,319.68,56.73,0.1,1598.4
5967,525.72,94.56,0.0,2102.88
5968,297.92,86.06,0.1,595.84
5969,646.38,57.24,0.1,5817.42
5970,311.4,111.96,0.0,1868.3999999999999
5971,235.05,7.05,0.0,1175.25
5972,261.03,10.44,0.0,261.03
5973,268.8,-181.44,0.6,3763.2000000000003
5974,7.41,1.2,0.2,14.82
5975,465.0,79.05,0.0,465.0
5976,717.12,93.15,0.0,2151.36
5977,388.08,93.12,0.0,776.16
5978,88.8,-2.22,0.2,355.2
5979,25.23,6.03,0.0,25.23
5980,561.54,0.0,0.27,3930.7799999999997
5981,172.2,41.28,0.0,688.8
5982,145.86,59.76,0.0,291.72
5983,295.92,-259.02,0.6,1775.52
5984,512.34,112.68,0.0,1024.68
5985,119.23,1.3,0.1,119.23
5986,821.21,-592.15,0.57,4927.26
5987,167.82,31.86,0.0,503.46
5988,310.75,-31.13,0.4,932.25
5989,181.66,-4.1,0.1,726.64
5990,441.86,24.53,0.1,1325.58
5991,213.81,31.69,0.002,213.81
5992,182.69,50.21,0.2,365.38
5993,231.36,85.56,0.0,925.44
5994,1919.98,216.0,0.2,5759.9400000000005
5995,545.92,72.79,0.4,7642.879999999999
5996,69.9,18.87,0.0,139.8
5997,255.78,30.66,0.0,511.56
5998,637.9,-127.58,0.3,1913.6999999999998
5999,340.38,37.44,0.0,680.76
6000,296.92,52.36,0.15,593.84
6001,115.92,35.88,0.0,231.84
6002,184.32,73.62,0.0,1105.92
6003,230.2,5.08,0.1,460.4
6004,255.84,46.02,0.0,767.52
6005,243.16,72.95,0.0,486.32
6006,243.17,-15.25,0.2,729.51
6007,87.92,0.88,0.0,351.68
6008,183.33,49.35,0.0,1283.3100000000002
6009,484.6,56.38,0.4,2907.6000000000004
6010,1732.71,207.9,0.0,12128.970000000001
6011,205.1,71.78,0.2,615.3
6012,920.4,322.14,0.0,1840.8
6013,507.6,208.08,0.0,1522.8000000000002
6014,11.68,5.26,0.0,46.72
6015,984.18,9.84,0.0,2952.54
6016,392.31,19.59,0.0,392.31
6017,326.84,123.44,0.1,980.52
6018,208.5,24.9,0.0,1042.5
6019,1999.96,899.98,0.0,7999.84
6020,892.22,89.22,0.2,2676.66
6021,508.32,5.04,0.0,4574.88
6022,439.99,165.0,0.2,439.99
6023,141.96,39.75,0.0,283.92
6024,307.27,-20.61,0.4,2150.89
6025,394.98,15.78,0.0,1184.94
6026,197.7,88.95,0.0,988.5
6027,493.83,85.59,0.25,2962.98
6028,15.47,4.18,0.0,108.29
6029,348.81,24.36,0.0,2441.67
6030,494.64,39.54,0.0,989.28
6031,549.75,60.45,0.0,2748.75
6032,246.02,65.6,0.1,492.04
6033,628.24,194.72,0.0,1256.48
6034,7.08,2.48,0.2,21.240000000000002
6035,758.86,21.28,0.002,2276.58
6036,729.99,7.29,0.0,2189.9700000000003
6037,381.96,190.98,0.0,763.92
6038,241.65,9.6,0.0,1208.25
6039,928.8,-92.88,0.5,8359.199999999999
6040,585.99,180.75,0.002,3515.94
6041,528.69,206.16,0.0,528.69
6042,207.24,74.52,0.0,828.96
6043,451.08,27.0,0.0,5412.96
6044,339.18,-122.22,0.5,1356.72
6045,238.2,116.7,0.0,1191.0
6046,265.65,2.64,0.0,265.65
6047,330.08,-7.34,0.1,990.24
6048,489.0,97.8,0.0,1956.0
6049,718.79,101.39,0.15,4312.74
6050,189.94,81.42,0.002,379.88
6051,636.21,178.11,0.0,636.21
6052,146.34,7.29,0.0,439.02
6053,595.99,91.15,0.15,2383.96
6054,382.4,0.0,0.2,1912.0
6055,86.38,-181.46,0.7,172.76
6056,573.9,39.9,0.0,5739.0
6057,84.0,13.44,0.0,336.0
6058,104.85,50.33,0.0,104.85
6059,336.24,43.68,0.0,672.48
6060,441.0,207.15,0.0,2205.0
6061,261.03,10.44,0.0,261.03
6062,514.4,-550.36,0.57,2057.6
6063,264.22,2.92,0.1,528.44
6064,259.77,38.85,0.0,1818.3899999999999
6065,47.52,-2.04,0.3,95.04
6066,379.16,29.56,0.002,1516.64
6067,617.9,205.85,0.1,3089.5
6068,314.78,31.42,0.4,1259.12
6069,97.63,30.37,0.1,195.26
6070,230.16,64.44,0.0,460.32
6071,461.43,161.46,0.0,4152.87
6072,231.42,25.68,0.1,694.26
6073,317.94,155.68,0.0,2225.58
6074,339.36,61.08,0.0,678.72
6075,716.04,143.16,0.1,2864.16
6076,139.92,23.79,0.0,279.84
6077,545.04,-145.38,0.4,1090.08
6078,156.06,62.28,0.0,936.36
6079,98.02,-137.24,0.6,196.04
6080,196.7,-72.18,0.4,786.8
6081,269.03,83.69,0.1,538.06
6082,203.14,89.32,0.0,1421.98
6083,35.97,7.89,0.0,35.97
6084,576.83,-384.55,0.4,4037.8100000000004
6085,226.8,-22.8,0.1,1134.0
6086,329.4,59.22,0.0,1976.3999999999999
6087,199.26,63.72,0.0,597.78
6088,98.38,-37.74,0.4,196.76
6089,207.12,37.2,0.0,828.48
6090,360.24,10.8,0.0,720.48
6091,185.04,55.44,0.0,555.12
6092,257.76,-149.52,0.5,1031.04
6093,414.66,107.76,0.0,829.32
6094,291.79,-196.97,0.6,583.58
6095,314.64,-524.4,0.7,629.28
6096,685.44,6.72,0.0,4798.08
6097,440.53,140.86,0.25,3083.71
6098,364.92,62.01,0.0,364.92
6099,241.38,57.87,0.0,724.14
6100,281.34,104.04,0.0,562.68
6101,407.9,-601.78,0.6,3263.2
6102,24.45,8.86,0.2,97.8
6103,288.08,103.28,0.002,864.24
6104,250.84,44.74,0.002,250.84
6105,879.15,35.1,0.0,4395.75
6106,149.76,53.91,0.0,449.28
6107,551.61,165.36,0.1,2758.05
6108,846.48,25.32,0.0,5078.88
6109,174.96,76.95,0.0,524.88
6110,146.69,-165.07,0.6,293.38
6111,331.92,53.04,0.0,1327.68
6112,447.7,33.58,0.2,895.4
6113,485.73,189.36,0.0,1457.19
6114,667.56,100.08,0.0,2670.24
6115,761.89,101.47,0.1,4571.34
6116,453.48,0.0,0.5,906.96
6117,248.52,104.28,0.0,994.08
6118,175.26,-148.98,0.6,175.26
6119,673.2,235.56,0.0,2692.8
6120,646.38,-71.82,0.1,1939.1399999999999
6121,239.98,18.0,0.2,719.9399999999999
6122,236.52,-44.36,0.402,946.08
6123,152.64,13.68,0.0,915.8399999999999
6124,278.7,52.92,0.0,557.4
6125,67.56,8.44,0.2,202.68
6126,214.75,-2.99,0.27,429.5
6127,640.33,-1024.55,0.7,3841.9800000000005
6128,492.42,13.47,0.27,2462.1
6129,51.52,1.55,0.0,206.08
6130,177.66,-42.26,0.2,710.64
6131,379.24,63.16,0.1,758.48
6132,95.28,30.48,0.0,571.6800000000001
6133,333.66,3.3,0.0,1000.98
6134,235.12,-27.44,0.4,705.36
6135,391.58,74.34,0.0,2741.06
6136,543.2,25.55,0.15,543.2
6137,329.0,95.0,0.1,1645.0
6138,236.09,39.35,0.4,472.18
6139,6.48,3.11,0.0,6.48
6140,204.36,59.16,0.0,817.44
6141,109.32,13.08,0.0,327.96
6142,395.33,50.69,0.002,790.66
6143,371.79,59.4,0.0,1115.3700000000001
6144,191.86,74.58,0.002,383.72
6145,401.76,-44.64,0.1,2008.8
6146,493.2,54.0,0.0,4932.0
6147,105.6,0.0,0.5,844.8
6148,378.92,63.72,0.002,1515.68
6149,623.7,37.38,0.0,1247.4
6150,338.32,3.64,0.07,338.32
6151,375.66,112.68,0.0,2253.96
6152,549.24,76.8,0.0,3295.44
6153,345.96,41.46,0.0,691.92
6154,26.1,6.78,0.0,26.1
6155,870.9,130.62,0.0,1741.8
6156,474.41,15.23,0.07,1423.23
6157,203.76,85.5,0.0,1222.56
6158,307.86,141.54,0.0,4310.04
6159,636.36,203.58,0.0,1272.72
6160,45.68,21.01,0.0,91.36
6161,136.66,-74.78,0.47,136.66
6162,598.23,-49.29,0.15,2392.92
6163,386.39,-64.42,0.4,386.39
6164,729.84,124.02,0.0,1459.68
6165,148.68,32.64,0.0,594.72
6166,291.06,93.06,0.0,1746.3600000000001
6167,548.6,-64.04,0.4,3840.2000000000003
6168,435.36,40.14,0.35,870.72
6169,318.96,149.91,0.0,2870.64
6170,182.99,-320.24,0.8,548.97
6171,148.5,19.26,0.0,297.0
6172,245.56,88.34,0.0,1718.92
6173,1462.14,-17.46,0.15,13159.26
6174,422.82,12.6,0.0,1268.46
6175,509.7,-50.98,0.2,1019.4
6176,664.56,6.6,0.0,3987.3599999999997
6177,468.79,181.99,0.15,1875.16
6178,146.96,11.72,0.0,293.92
6179,169.5,15.24,0.0,339.0
6180,394.7,24.62,0.2,1184.1
6181,568.61,-322.27,0.4,4548.88
6182,454.5,90.9,0.0,1363.5
6183,158.33,-102.95,0.4,316.66
6184,434.16,73.8,0.0,1302.48
6185,197.49,17.76,0.0,197.49
6186,418.5,33.48,0.0,1255.5
6187,550.24,22.0,0.0,1100.48
6188,18.24,8.57,0.0,54.72
6189,358.96,104.08,0.0,1435.84
6190,273.48,24.6,0.0,820.44
6191,607.32,151.8,0.0,2429.28
6192,194.8,-74.7,0.4,1363.6000000000001
6193,166.62,9.21,0.1,499.86
6194,268.81,23.89,0.1,537.62
6195,324.07,24.19,0.2,2268.49
6196,446.4,26.7,0.0,2232.0
6197,396.84,67.44,0.0,793.68
6198,245.97,81.09,0.0,737.91
6199,382.4,67.94,0.1,1147.1999999999998
6200,333.24,79.92,0.0,1332.96
6201,1278.0,460.08,0.0,2556.0
6202,570.29,-216.77,0.5,1710.87
6203,945.83,-392.89,0.35,3783.32
6204,31.74,8.33,0.2,63.48
6205,173.1,69.2,0.0,865.5
6206,551.87,68.95,0.2,1103.74
6207,196.2,-281.28,0.7,784.8
6208,10.56,4.75,0.0,21.12
6209,254.88,19.8,0.1,509.76
6210,1309.61,72.65,0.1,5238.44
6211,238.9,107.5,0.0,1194.5
6212,238.8,31.02,0.0,477.6
6213,223.65,-85.8,0.4,1118.25
6214,234.36,86.64,0.0,937.44
6215,1715.95,193.03,0.2,12011.65
6216,2003.52,-325.57,0.2,12021.119999999999
6217,117.99,-18.99,0.5,707.9399999999999
6218,709.67,141.92,0.15,3548.35
6219,282.51,98.85,0.0,282.51
6220,98.16,9.82,0.0,588.96
6221,378.39,185.4,0.0,378.39
6222,228.75,105.15,0.0,1143.75
6223,264.33,-126.9,0.5,792.99
6224,441.9,0.0,0.0,1325.6999999999998
6225,254.02,76.18,0.1,3048.2400000000002
6226,1242.81,397.62,0.0,3728.43
6227,255.42,40.86,0.0,2298.7799999999997
6228,248.82,39.78,0.0,497.64
6229,681.72,327.12,0.0,2726.88
6230,16.5,4.11,0.0,16.5
6231,266.58,87.84,0.0,1599.48
6232,238.94,-131.5,0.6,955.76
6233,154.44,43.2,0.0,1853.28
6234,158.58,20.58,0.0,317.16
6235,139.68,-81.87,0.47,977.76
6236,415.62,8.28,0.0,1246.8600000000001
6237,203.2,4.0,0.0,2032.0
6238,214.18,61.54,0.2,1285.08
6239,490.44,39.12,0.0,1961.76
6240,364.93,51.01,0.07,729.86
6241,439.34,87.86,0.1,1757.36
6242,222.35,34.55,0.1,1111.75
6243,720.0,43.2,0.0,4320.0
6244,239.18,38.84,0.2,2152.62
6245,343.74,164.94,0.0,1031.22
6246,375.74,-197.32,0.6,751.48
6247,573.95,10.35,0.002,2869.75
6248,24.78,7.75,0.2,24.78
6249,168.48,-29.5,0.2,168.48
6250,207.0,66.24,0.0,1863.0
6251,332.16,-43.14,0.15,1992.96
6252,392.88,137.28,0.0,3143.04
6253,674.55,195.6,0.0,3372.75
6254,119.92,40.72,0.0,479.68
6255,6.9,2.46,0.0,6.9
6256,322.44,-69.96,0.4,1612.2
6257,494.98,-115.5,0.4,1484.94
6258,872.32,244.25,0.0,3489.28
6259,170.07,57.81,0.0,170.07
6260,190.86,-267.24,0.7,190.86
6261,430.92,-373.5,0.7,2585.52
6262,269.82,78.24,0.0,539.64
6263,242.35,-42.41,0.2,727.05
6264,156.88,17.2,0.0,627.52
6265,369.28,87.68,0.2,1846.3999999999999
6266,555.39,-30.51,0.45,4998.51
6267,152.55,-1.71,0.1,305.1
6268,119.95,-36.05,0.4,719.7
6269,248.94,-19.38,0.1,248.94
6270,193.14,73.26,0.0,1158.84
6271,313.96,86.98,0.17,941.8799999999999
6272,28.91,13.3,0.0,202.37
6273,457.06,-40.7,0.1,1828.24
6274,11.76,5.76,0.0,23.52
6275,293.22,99.54,0.0,1759.3200000000002
6276,486.09,-19.47,0.25,1944.36
6277,546.6,27.24,0.0,3279.6000000000004
6278,493.45,-205.61,0.4,986.9
6279,567.42,164.5,0.0,3971.9399999999996
6280,156.2,-270.76,0.7,312.4
6281,361.86,10.83,0.0,361.86
6282,556.1,22.2,0.0,2780.5
6283,334.68,110.4,0.0,1338.72
6284,519.66,213.06,0.0,1039.32
6285,462.35,-46.33,0.1,1849.4
6286,848.4,364.8,0.0,4242.0
6287,475.2,66.48,0.0,950.4
6288,329.99,-77.0,0.4,659.98
6289,222.64,8.88,0.0,445.28
6290,464.53,151.09,0.17,464.53
6291,418.5,32.55,0.1,418.5
6292,426.3,4.2,0.0,2131.5
6293,360.0,72.0,0.0,3240.0
6294,965.05,-68.15,0.15,2895.1499999999996
6295,179.85,39.45,0.0,899.25
6296,23.18,7.65,0.0,46.36
6297,465.24,139.56,0.0,1860.96
6298,5.35,-4.46,0.7,16.049999999999997
6299,250.38,120.15,0.0,751.14
6300,721.01,-126.25,0.2,6489.09
6301,1.74,-0.35,0.2,1.74
6302,248.22,86.82,0.0,744.66
6303,575.15,62.15,0.002,2875.75
6304,263.88,-29.7,0.2,791.64
6305,116.22,20.88,0.0,232.44
6306,155.28,-10.41,0.1,465.84000000000003
6307,522.06,20.88,0.0,1044.12
6308,263.58,65.88,0.0,263.58
6309,159.12,60.39,0.0,477.36
6310,388.61,-14.59,0.2,1554.44
6311,10.95,4.26,0.0,10.95
6312,307.26,81.9,0.1,614.52
6313,428.27,137.99,0.1,428.27
6314,339.84,88.29,0.0,1019.52
6315,408.36,24.48,0.0,816.72
6316,474.55,26.35,0.1,949.1
6317,32.4,15.55,0.0,162.0
6318,135.2,44.6,0.0,676.0
6319,249.06,12.42,0.0,498.12
6320,425.19,-0.06,0.15,1275.57
6321,292.53,14.07,0.17,585.06
6322,147.0,72.0,0.0,735.0
6323,811.72,284.06,0.0,5682.04
6324,272.52,128.04,0.0,1090.08
6325,631.91,87.35,0.002,1895.73
6326,199.39,-37.49,0.2,1196.34
6327,185.76,18.48,0.0,743.04
6328,140.74,-59.9,0.6,562.96
6329,269.97,51.29,0.0,809.9100000000001
6330,435.29,86.99,0.1,1305.8700000000001
6331,262.74,99.84,0.0,262.74
6332,368.17,147.25,0.1,1472.68
6333,340.08,166.62,0.0,680.16
6334,312.55,101.58,0.2,2812.9500000000003
6335,217.6,50.0,0.0,1088.0
6336,207.81,91.41,0.0,207.81
6337,633.48,139.32,0.0,1266.96
6338,298.62,83.52,0.0,1791.72
6339,355.38,21.3,0.0,1066.1399999999999
6340,185.38,-34.76,0.2,370.76
6341,276.72,8.28,0.0,1106.88
6342,382.32,29.7,0.1,1146.96
6343,314.96,102.44,0.17,2204.72
6344,244.65,107.55,0.0,1223.25
6345,407.23,-149.33,0.4,1628.92
6346,520.98,187.5,0.0,1041.96
6347,562.89,129.81,0.35,3377.34
6348,171.56,47.6,0.1,343.12
6349,381.91,79.57,0.002,1145.73
6350,558.42,0.0,0.0,1116.84
6351,683.6,328.08,0.0,2734.4
6352,381.64,-597.92,0.7,1526.56
6353,513.6,61.56,0.0,3081.6000000000004
6354,274.68,-274.68,0.5,1098.72
6355,408.3,106.14,0.0,816.6
6356,1232.28,123.12,0.0,4929.12
6357,513.02,12.83,0.2,1026.04
6358,228.53,-20.35,0.1,457.06
6359,210.05,20.93,0.2,1680.4
6360,577.67,211.67,0.1,2888.35
6361,821.4,8.2,0.0,4107.0
6362,399.92,-115.06,0.27,1199.76
6363,598.2,299.1,0.0,2991.0
6364,322.44,87.0,0.0,967.3199999999999
6365,186.79,-14.54,0.1,560.37
6366,282.66,93.24,0.0,3957.2400000000002
6367,370.37,-86.47,0.4,1111.1100000000001
6368,337.64,-122.8,0.45,1012.92
6369,513.72,-122.13,0.2,2568.6000000000004
6370,196.21,98.11,0.0,1373.47
6371,305.05,57.46,0.1,2135.35
6372,406.44,125.94,0.0,812.88
6373,260.19,-109.35,0.5,780.5699999999999
6374,285.48,-10.71,0.2,1427.4
6375,79.12,13.85,0.2,395.6
6376,330.12,145.17,0.0,990.36
6377,250.2,80.04,0.0,750.5999999999999
6378,9.99,4.5,0.0,9.99
6379,225.54,3.64,0.4,1578.78
6380,315.31,42.01,0.1,630.62
6381,396.9,182.52,0.0,1190.6999999999998
6382,314.99,125.27,0.07,629.98
6383,346.76,-34.75,0.1,1040.28
6384,472.8,193.8,0.0,1891.2
6385,760.5,159.66,0.0,1521.0
6386,419.02,-44.42,0.15,1676.08
6387,636.95,-333.37,0.35,5095.6
6388,195.84,7.8,0.0,783.36
6389,339.9,30.45,0.0,1699.5
6390,267.84,62.4,0.1,1071.36
6391,267.74,20.06,0.2,1606.44
6392,581.55,174.45,0.0,2907.75
6393,206.69,-173.66,0.5,620.0699999999999
6394,348.79,-104.65,0.4,697.58
6395,320.17,-170.78,0.4,320.17
6396,195.6,70.4,0.0,782.4
6397,375.84,107.94,0.2,1879.1999999999998
6398,225.24,112.62,0.0,450.48
6399,313.36,-459.86,0.7,4387.04
6400,246.6,27.0,0.0,1233.0
6401,280.28,72.32,0.07,280.28
6402,102.48,24.57,0.0,102.48
6403,529.47,201.15,0.0,4765.2300000000005
6404,275.76,-110.34,0.4,1378.8
6405,206.4,92.88,0.0,206.4
6406,351.86,74.18,0.1,2814.88
6407,408.3,-196.02,0.5,1633.2
6408,198.9,55.68,0.0,198.9
6409,246.84,51.78,0.0,740.52
6410,264.94,99.7,0.07,529.88
6411,293.29,19.93,0.002,879.8700000000001
6412,191.88,-122.85,0.5,575.64
6413,179.39,-20.21,0.2,358.78
6414,337.25,52.61,0.17,2698.0
6415,643.37,-45.44,0.15,1286.74
6416,24.32,8.27,0.0,194.56
6417,342.79,-30.53,0.1,1028.3700000000001
6418,243.81,121.77,0.0,2194.29
6419,670.41,14.76,0.1,3352.0499999999997
6420,8.64,2.51,0.0,25.92
6421,527.16,131.76,0.0,1054.32
6422,425.7,85.14,0.0,1277.1
6423,493.45,-838.91,0.7,1973.8
6424,349.97,-280.04,0.45,1049.91
6425,185.54,18.54,0.2,371.08
6426,437.52,43.68,0.0,3500.16
6427,208.27,-218.69,0.6,416.54
6428,139.96,-22.74,0.2,699.8000000000001
6429,258.7,64.67,0.2,776.0999999999999
6430,291.65,-22.69,0.1,583.3
6431,639.6,38.25,0.0,3198.0
6432,154.85,-20.67,0.4,1238.8
6433,581.04,220.68,0.0,6972.48
6434,426.06,136.08,0.0,3834.54
6435,365.91,18.27,0.0,365.91
6436,134.27,47.0,0.2,1074.16
6437,398.69,-358.99,0.6,3189.52
6438,244.35,70.8,0.0,1221.75
6439,357.16,27.76,0.1,714.32
6440,1034.16,361.92,0.0,6204.960000000001
6441,401.58,16.02,0.0,2409.48
6442,190.62,66.66,0.0,381.24
6443,585.63,103.98,0.1,2928.15
6444,575.51,12.71,0.1,2877.55
6445,214.26,80.01,0.17,1071.3
6446,100.37,8.21,0.15,301.11
6447,8.1,-5.94,0.7,40.5
6448,346.08,155.68,0.0,1384.32
6449,311.4,-373.68,0.6,622.8
6450,137.88,35.82,0.0,413.64
6451,128.37,55.17,0.0,128.37
6452,176.61,45.78,0.0,1236.27
6453,607.52,97.2,0.0,1215.04
6454,648.18,0.0,0.0,8426.34
6455,526.08,173.58,0.0,526.08
6456,119.94,6.0,0.0,719.64
6457,217.89,77.43,0.1,435.78
6458,667.92,-110.04,0.15,2003.7599999999998
6459,345.06,-20.82,0.5,1380.24
6460,642.96,10.68,0.4,1285.92
6461,438.15,113.91,0.0,438.15
6462,616.14,197.16,0.0,1848.42
6463,445.23,71.01,0.0,4007.07
6464,370.53,40.68,0.0,1111.59
6465,97.8,11.6,0.0,978.0
6466,354.86,-7.93,0.1,1064.58
6467,107.98,9.45,0.2,107.98
6468,277.7,-9.41,0.1,1388.5
6469,257.25,30.75,0.0,1286.25
6470,294.9,14.62,0.2,2064.2999999999997
6471,81.76,13.6,0.4,163.52
6472,393.5,-59.14,0.2,1574.0
6473,10.9,3.41,0.2,32.7
6474,276.86,96.88,0.2,276.86
6475,302.76,-75.72,0.4,1211.04
6476,447.72,-286.65,0.5,3134.04
6477,1399.94,52.5,0.2,9799.58
6478,679.96,220.99,0.2,3399.8
6479,109.92,53.86,0.0,219.84
6480,705.6,331.44,0.0,5644.8
6481,518.11,-570.05,0.6,4144.88
6482,39.81,3.98,0.2,159.24
6483,447.2,147.5,0.0,2236.0
6484,155.34,48.15,0.0,466.02
6485,341.75,-22.12,0.07,1025.25
6486,318.13,-196.19,0.4,636.26
6487,593.46,250.53,0.1,4154.22
6488,445.28,17.76,0.0,1781.12
6489,380.97,143.91,0.1,761.94
6490,1072.08,353.7,0.0,3216.24
6491,418.8,175.88,0.0,837.6
6492,127.9,47.3,0.0,639.5
6493,497.4,119.1,0.0,4974.0
6494,727.54,145.48,0.2,1455.08
6495,725.7,65.28,0.0,1451.4
6496,69.12,-14.69,0.2,622.08
6497,382.43,32.9,0.07,382.43
6498,398.52,191.28,0.0,1195.56
6499,825.06,-389.16,0.402,5775.42
6500,264.96,108.6,0.0,794.8799999999999
6501,299.9,74.98,0.0,599.8
6502,246.72,30.72,0.2,1233.6
6503,1127.98,126.9,0.2,3383.94
6504,292.53,0.0,0.0,2047.7099999999998
6505,491.0,122.7,0.0,2455.0
6506,78.26,-17.61,0.2,156.52
6507,174.12,76.56,0.0,696.48
6508,166.43,58.07,0.17,665.72
6509,286.44,14.28,0.0,859.3199999999999
6510,344.16,-344.16,0.6,3097.44
6511,370.71,88.83,0.0,3336.39
6512,637.5,178.5,0.0,637.5
6513,428.4,132.72,0.0,2998.7999999999997
6514,183.37,-36.67,0.3,366.74
6515,269.78,-317.02,0.6,1618.6799999999998
6516,443.92,8.88,0.0,1775.68
6517,195.93,45.06,0.0,195.93
6518,303.84,-136.76,0.4,1519.1999999999998
6519,175.92,-215.52,0.6,703.68
6520,77.88,3.89,0.0,155.76
6521,222.36,104.46,0.0,444.72
6522,144.6,7.2,0.0,723.0
6523,297.0,38.52,0.0,1188.0
6524,11.35,4.12,0.2,34.05
6525,433.87,-162.71,0.6,867.74
6526,458.36,-211.0,0.37,916.72
6527,238.14,19.8,0.4,476.28
6528,109.32,5.46,0.0,218.64
6529,303.84,39.48,0.0,911.52
6530,582.12,139.68,0.0,1746.3600000000001
6531,496.58,-27.7,0.1,1986.32
6532,155.34,15.48,0.0,466.02
6533,725.67,355.5,0.0,2177.0099999999998
6534,354.86,-7.93,0.1,1064.58
6535,331.73,-282.07,0.6,1326.92
6536,109.53,16.38,0.0,328.59000000000003
6537,26.94,11.31,0.0,80.82000000000001
6538,301.68,5.94,0.0,1810.08
6539,201.26,100.62,0.0,201.26
6540,659.42,-428.74,0.6,2637.68
6541,650.03,-23.71,0.45,3900.18
6542,193.68,11.52,0.0,774.72
6543,485.9,36.38,0.2,1457.6999999999998
6544,203.18,29.3,0.17,812.72
6545,332.16,-11.08,0.4,664.32
6546,498.12,24.84,0.0,1992.48
6547,396.78,194.4,0.0,793.56
6548,243.0,38.88,0.0,1458.0
6549,247.36,96.16,0.002,742.08
6550,128.37,55.17,0.0,128.37
6551,134.95,36.49,0.15,269.9
6552,1219.7,243.9,0.0,6098.5
6553,281.82,118.32,0.0,845.46
6554,105.18,25.2,0.0,210.36
6555,258.9,46.5,0.0,1294.5
6556,293.0,5.86,0.0,293.0
6557,377.57,12.53,0.4,2265.42
6558,276.8,63.52,0.0,2214.4
6559,529.16,78.44,0.002,1587.48
6560,129.13,10.63,0.15,258.26
6561,335.66,111.74,0.1,2013.96
6562,209.7,0.0,0.0,629.0999999999999
6563,416.59,-354.17,0.6,2499.54
6564,323.19,6.39,0.0,969.5699999999999
6565,110.11,12.01,0.27,660.66
6566,466.7,-39.37,0.17,466.7
6567,846.2,-214.2,0.202,4231.0
6568,410.7,201.0,0.0,4107.0
6569,409.95,36.81,0.0,1229.85
6570,1661.05,-255.59,0.35,9966.3
6571,283.68,118.98,0.0,1702.08
6572,266.83,89.98,0.2,800.49
6573,435.4,30.4,0.0,2177.0
6574,698.04,131.48,0.002,2792.16
6575,423.39,134.87,0.002,846.78
6576,322.44,90.24,0.0,644.88
6577,397.17,162.81,0.0,3574.53
6578,372.15,178.56,0.0,1116.4499999999998
6579,239.15,-39.31,0.27,3348.1
6580,242.1,101.64,0.0,484.2
6581,380.55,79.8,0.0,1902.75
6582,576.71,-50.17,0.402,2306.84
6583,153.36,70.55,0.0,1380.2400000000002
6584,294.3,138.3,0.0,588.6
6585,644.88,180.48,0.0,2579.52
6586,77.6,28.13,0.2,388.0
6587,386.3,169.9,0.0,1931.5
6588,911.88,401.22,0.0,5471.28
6589,439.5,17.58,0.0,439.5
6590,520.11,244.44,0.0,1560.33
6591,395.82,3.9,0.0,1187.46
6592,51.84,24.88,0.0,414.72
6593,366.84,157.74,0.0,366.84
6594,19.1,5.73,0.2,57.300000000000004
6595,578.34,277.56,0.0,1735.02
6596,176.49,19.35,0.0,529.47
6597,246.0,81.15,0.0,1230.0
6598,502.02,125.46,0.0,3012.12
6599,86.35,5.4,0.2,259.04999999999995
6600,39.99,7.5,0.2,39.99
6601,39.62,13.87,0.2,118.85999999999999
6602,819.54,139.32,0.0,4917.24
6603,883.8,-397.8,0.4,8838.0
6604,586.52,169.22,0.002,1759.56
6605,251.55,98.1,0.0,1257.75
6606,691.95,297.36,0.0,4843.650000000001
6607,402.39,76.41,0.0,1207.17
6608,260.25,114.51,0.0,260.25
6609,218.16,72.72,0.1,1745.28
6610,1032.75,-165.24,0.25,3098.25
6611,4.77,0.48,0.2,9.54
6612,419.94,52.49,0.2,2939.58
6613,495.36,149.07,0.17,3467.52
6614,256.74,110.34,0.0,513.48
6615,124.43,-177.31,0.6,124.43
6616,260.4,31.08,0.0,1822.7999999999997
6617,414.66,199.02,0.0,1243.98
6618,418.6,179.9,0.0,2093.0
6619,1429.44,471.6,0.0,5717.76
6620,194.32,56.35,0.0,777.28
6621,423.19,41.55,0.002,846.38
6622,359.5,-29.61,0.15,1078.5
6623,444.04,162.7,0.1,2664.2400000000002
6624,322.19,100.69,0.2,4188.47
6625,798.66,383.22,0.0,4791.96
6626,776.88,365.13,0.0,2330.64
6627,532.98,133.2,0.0,1065.96
6628,182.11,25.03,0.2,364.22
6629,740.18,41.12,0.1,1480.36
6630,322.2,25.74,0.0,1933.1999999999998
6631,432.96,140.64,0.17,3030.72
6632,354.48,166.6,0.0,2481.36
6633,31.12,14.63,0.0,124.48
6634,307.44,129.06,0.0,922.3199999999999
6635,776.41,181.06,0.1,5434.87
6636,270.96,62.28,0.0,1083.84
6637,241.43,24.11,0.1,482.86
6638,726.84,-399.78,0.6,1453.68
6639,337.98,101.39,0.0,675.96
6640,61.96,-53.29,0.5,247.84
6641,1031.36,-317.39,0.35,3094.08
6642,660.08,131.98,0.2,3300.4
6643,33.4,12.36,0.0,167.0
6644,20.86,-16.68,0.7,166.88
6645,504.09,85.68,0.0,1512.27
6646,553.92,22.08,0.0,2215.68
6647,719.14,152.68,0.2,6472.26
6648,618.3,178.5,0.1,3091.5
6649,706.16,156.92,0.1,1412.32
6650,296.64,-59.4,0.5,1186.56
6651,318.36,9.45,0.0,2228.52
6652,495.36,41.28,0.4,1981.44
6653,244.65,122.25,0.0,1223.25
6654,490.48,153.61,0.17,1471.44
6655,545.52,114.48,0.0,2182.08
6656,445.41,-136.71,0.25,3117.8700000000003
6657,372.19,120.91,0.2,2233.14
6658,232.62,69.78,0.0,465.24
6659,307.4,99.05,0.1,1537.0
6660,151.83,37.95,0.0,151.83
6661,48.03,15.61,0.2,192.12
6662,311.69,-685.75,0.7,2493.52
6663,350.35,-17.57,0.4,1401.4
6664,1392.38,-121.84,0.2,4177.14
6665,316.66,36.94,0.4,2849.94
6666,529.16,78.44,0.002,1587.48
6667,333.66,3.3,0.0,1000.98
6668,229.28,-7.66,0.4,458.56
6669,214.2,17.64,0.15,642.5999999999999
6670,518.4,63.36,0.1,4147.2
6671,497.59,-116.21,0.4,1990.36
6672,220.95,-220.95,0.5,662.8499999999999
6673,1281.45,102.45,0.0,6407.25
6674,240.64,86.56,0.0,962.56
6675,475.94,95.19,0.2,3331.58
6676,291.06,52.38,0.0,1746.3600000000001
6677,497.76,99.48,0.0,1991.04
6678,614.85,153.6,0.0,3074.25
6679,825.36,33.0,0.0,2476.08
6680,518.07,180.99,0.17,1036.14
6681,352.4,66.56,0.1,1409.6
6682,207.81,91.41,0.0,207.81
6683,260.52,-113.08,0.4,2605.2
6684,381.63,183.18,0.0,381.63
6685,186.3,13.97,0.2,745.2
6686,29.3,2.56,0.2,87.9
6687,559.87,43.54,0.1,1679.6100000000001
6688,369.72,166.32,0.0,1109.16
6689,1084.95,10.8,0.0,3254.8500000000004
6690,636.15,311.7,0.0,636.15
6691,163.13,37.94,0.27,489.39
6692,295.2,126.9,0.0,1771.1999999999998
6693,28.8,0.86,0.0,86.4
6694,378.92,63.72,0.002,1515.68
6695,683.5,-79.76,0.4,2050.5
6696,338.4,118.44,0.0,1353.6
6697,116.34,6.96,0.0,232.68
6698,373.23,-253.89,0.5,2239.38
6699,167.1,75.18,0.0,167.1
6700,375.4,97.6,0.0,1877.0
6701,240.3,67.23,0.0,2162.7000000000003
6702,439.45,117.13,0.1,1757.8
6703,189.96,0.0,0.0,759.84
6704,747.3,-89.7,0.5,3736.5
6705,486.09,106.92,0.0,1458.27
6706,459.0,215.73,0.0,459.0
6707,356.24,-0.04,0.1,712.48
6708,1021.14,112.32,0.0,6126.84
6709,242.9,70.44,0.0,1214.5
6710,272.76,57.24,0.0,545.52
6711,916.11,36.63,0.0,2748.33
6712,415.29,87.66,0.1,415.29
6713,377.35,79.51,0.1,3018.8
6714,398.31,-37.53,0.15,1593.24
6715,343.02,116.58,0.0,686.04
6716,865.62,-727.23,0.5,6059.34
6717,1325.85,238.65,0.0,6629.25
6718,379.31,-128.41,0.35,1517.24
6719,343.92,75.66,0.0,1375.68
6720,235.94,85.53,0.2,707.8199999999999
6721,548.51,-427.91,0.5,1645.53
6722,170.79,0.0,0.3,170.79
6723,669.22,105.86,0.002,5353.76
6724,308.16,58.5,0.0,1848.96
6725,749.49,307.23,0.0,5246.43
6726,196.98,-118.2,0.5,393.96
6727,367.9,73.33,0.1,3311.1
6728,529.99,-34.25,0.07,2119.96
6729,1151.22,287.7,0.0,8058.54
6730,465.0,79.05,0.0,465.0
6731,237.3,35.49,0.0,1661.1000000000001
6732,263.14,-17.58,0.4,1052.56
6733,3.44,0.56,0.2,6.88
6734,465.04,19.99,0.07,1395.1200000000001
6735,281.62,13.54,0.002,844.86
6736,839.99,70.0,0.4,1679.98
6737,253.98,-128.3,0.402,507.96
6738,194.45,24.29,0.2,583.3499999999999
6739,532.5,207.66,0.0,1065.0
6740,264.99,119.22,0.0,264.99
6741,845.49,-12.08,0.3,6763.92
6742,363.49,87.55,0.17,1090.47
6743,483.55,-152.45,0.27,2417.75
6744,816.72,48.96,0.0,3266.88
6745,844.02,8.28,0.0,5064.12
6746,705.88,-506.12,0.47,3529.4
6747,252.0,108.36,0.0,504.0
6748,880.32,387.12,0.0,7042.56
6749,402.96,36.24,0.0,3223.68
6750,331.78,-356.66,0.6,1327.12
6751,674.9,14.48,0.07,1349.8
6752,424.53,17.43,0.27,2122.6499999999996
6753,886.95,79.74,0.0,2660.8500000000004
6754,387.22,38.02,0.002,1548.88
6755,173.46,50.28,0.0,173.46
6756,498.0,44.7,0.0,4980.0
6757,24.0,-2.7,0.2,48.0
6758,877.34,314.64,0.002,4386.7
6759,423.9,-17.01,0.5,3815.1
6760,371.79,59.4,0.0,1115.3700000000001
6761,735.02,-183.76,0.2,1470.04
6762,485.82,223.38,0.0,2914.92
6763,618.48,173.16,0.0,1236.96
6764,244.2,34.05,0.0,1221.0
6765,734.94,130.62,0.1,2939.76
6766,370.98,-311.67,0.5,1112.94
6767,340.08,33.96,0.0,680.16
6768,880.8,70.32,0.0,7046.4
6769,396.4,87.2,0.0,1585.6
6770,294.3,135.36,0.0,588.6
6771,137.24,46.32,0.2,686.2
6772,850.99,317.79,0.202,4254.95
6773,364.74,120.36,0.0,364.74
6774,549.24,252.6,0.0,2196.96
6775,362.4,39.84,0.0,362.4
6776,379.08,26.52,0.0,758.16
6777,445.28,17.76,0.0,1781.12
6778,211.3,105.6,0.0,1056.5
6779,528.66,137.43,0.0,1585.98
6780,348.43,-28.67,0.27,1742.15
6781,380.16,-21.24,0.1,1900.8000000000002
6782,369.45,84.96,0.0,1108.35
6783,523.98,125.73,0.0,1571.94
6784,567.6,0.0,0.2,2838.0
6785,1451.5,595.1,0.0,7257.5
6786,479.36,119.84,0.0,6711.04
6787,152.91,42.81,0.0,458.73
6788,388.62,85.44,0.0,777.24
6789,408.42,32.58,0.0,3675.78
6790,442.88,-57.52,0.15,3543.04
6791,122.76,42.96,0.0,491.04
6792,465.16,-255.86,0.4,930.32
6793,293.85,61.68,0.0,293.85
6794,348.39,97.44,0.0,2438.73
6795,345.1,4.27,0.2,1035.3000000000002
6796,36.26,16.68,0.0,253.82
6797,33.29,7.99,0.0,33.29
6798,474.48,218.16,0.0,5693.76
6799,265.44,23.22,0.2,796.3199999999999
6800,59.52,15.48,0.0,178.56
6801,35.91,9.7,0.0,107.72999999999999
6802,599.28,179.76,0.0,2397.12
6803,491.94,-254.34,0.4,2951.64
6804,587.28,170.28,0.0,2349.12
6805,297.48,145.74,0.0,594.96
6806,166.04,79.68,0.0,332.08
6807,457.14,169.14,0.0,457.14
6808,1057.38,285.48,0.0,3172.1400000000003
6809,597.36,203.04,0.0,3584.16
6810,29.33,3.67,0.2,87.99
6811,349.07,-462.52,0.6,349.07
6812,537.4,145.0,0.0,2687.0
6813,500.58,31.26,0.2,1001.16
6814,179.2,55.4,0.0,1792.0
6815,911.42,68.36,0.2,3645.68
6816,13.36,4.94,0.0,26.72
6817,403.2,-100.8,0.2,1209.6
6818,231.48,30.0,0.0,925.92
6819,576.0,194.4,0.2,5760.0
6820,583.48,93.32,0.0,1166.96
6821,23.08,6.92,0.0,46.16
6822,599.47,-319.73,0.4,1198.94
6823,469.84,56.32,0.0,1879.36
6824,274.7,72.08,0.2,824.0999999999999
6825,2.95,-2.06,0.7,5.9
6826,373.68,-20.76,0.1,373.68
6827,5.9,1.99,0.2,11.8
6828,432.81,25.92,0.0,1298.43
6829,745.69,182.23,0.1,1491.38
6830,308.07,17.01,0.1,2156.49
6831,494.22,217.44,0.0,494.22
6832,630.15,132.3,0.0,3150.75
6833,883.71,353.43,0.1,5302.26
6834,332.28,3.3,0.0,996.8399999999999
6835,480.24,81.6,0.0,1920.96
6836,446.4,44.6,0.0,2232.0
6837,354.15,173.52,0.0,1062.4499999999998
6838,333.6,40.02,0.0,667.2
6839,256.53,48.29,0.002,513.06
6840,1612.87,-143.57,0.1,19354.44
6841,350.48,66.56,0.0,1401.92
6842,161.51,43.01,0.1,323.02
6843,573.48,126.12,0.0,2293.92
6844,511.68,92.04,0.0,2046.72
6845,327.6,62.2,0.0,1638.0
6846,114.9,39.07,0.0,574.5
6847,352.35,17.55,0.0,1761.75
6848,93.78,36.57,0.0,187.56
6849,993.53,198.68,0.15,6954.71
6850,313.44,50.13,0.0,313.44
6851,396.84,67.44,0.0,793.68
6852,756.9,68.1,0.0,1513.8
6853,743.25,133.65,0.0,3716.25
6854,491.64,132.72,0.0,1966.56
6855,649.32,110.32,0.0,9090.480000000001
6856,192.9,40.5,0.0,964.5
6857,1183.63,445.39,0.07,4734.52
6858,524.9,-124.66,0.2,1049.8
6859,671.81,194.0,0.1,2015.4299999999998
6860,662.45,240.11,0.2,1324.9
6861,390.24,195.12,0.0,3121.92
6862,1119.2,255.8,0.3,5596.0
6863,649.35,25.95,0.0,3246.75
6864,225.24,58.56,0.0,675.72
6865,123.24,3.69,0.0,123.24
6866,420.69,-14.04,0.1,420.69
6867,348.04,149.64,0.0,696.08
6868,304.8,21.12,0.0,2438.4
6869,274.99,-158.21,0.6,1099.96
6870,408.42,171.36,0.0,3675.78
6871,1587.12,666.48,0.0,12696.96
6872,736.29,8.04,0.1,3681.45
6873,198.24,23.76,0.0,1585.92
6874,334.3,-109.94,0.27,334.3
6875,595.09,106.09,0.002,1785.27
6876,264.9,58.26,0.0,264.9
6877,120.24,30.0,0.0,480.96
6878,325.98,-260.82,0.5,2933.82
6879,797.94,-57.0,0.3,3191.76
6880,755.09,225.47,0.002,2265.27
6881,320.64,89.78,0.0,1282.56
6882,693.2,254.0,0.1,4159.200000000001
6883,418.67,53.15,0.37,1674.68
6884,479.95,129.59,0.0,2399.75
6885,612.98,100.73,0.27,3064.9
6886,574.56,44.64,0.1,4596.48
6887,771.72,185.16,0.0,3086.88
6888,1310.7,327.6,0.0,6553.5
6889,274.32,0.0,0.0,548.64
6890,632.07,-316.17,0.5,3792.42
6891,454.09,136.21,0.1,2724.54
6892,256.8,30.78,0.0,770.4000000000001
6893,303.27,37.32,0.27,909.81
6894,580.64,-197.51,0.5,1741.92
6895,415.44,149.49,0.0,1246.32
6896,222.98,-0.07,0.17,1114.8999999999999
6897,377.01,82.92,0.0,377.01
6898,339.84,37.35,0.0,1019.52
6899,166.08,53.04,0.0,664.32
6900,445.33,63.61,0.3,890.66
6901,236.4,96.9,0.0,472.8
6902,378.39,185.4,0.0,378.39
6903,510.18,86.68,0.0,5611.9800000000005
6904,501.81,0.0,0.0,1505.43
6905,552.36,121.48,0.0,1104.72
6906,414.18,115.05,0.1,414.18
6907,357.6,103.68,0.0,2860.8
6908,493.45,-57.59,0.4,1480.35
6909,196.98,39.39,0.0,196.98
6910,620.32,285.28,0.0,4962.56
6911,364.42,-109.34,0.4,728.84
6912,635.63,266.13,0.002,3178.15
6913,639.0,44.73,0.0,639.0
6914,892.8,0.0,0.0,8928.0
6915,650.88,32.48,0.0,5207.04
6916,978.48,10.8,0.1,2935.44
6917,594.36,112.92,0.0,2377.44
6918,873.07,-130.97,0.2,2619.21
6919,618.56,235.04,0.0,1237.12
6920,660.31,242.11,0.1,1320.62
6921,607.92,91.08,0.0,3647.5199999999995
6922,244.2,29.25,0.0,1221.0
6923,712.35,7.05,0.0,3561.75
6924,675.88,-43.67,0.07,3379.4
6925,375.9,0.0,0.0,2631.2999999999997
6926,349.6,31.4,0.0,1748.0
6927,272.76,13.62,0.0,818.28
6928,458.64,187.92,0.0,3669.12
6929,253.92,68.52,0.0,507.84
6930,606.9,285.2,0.0,3034.5
6931,535.78,101.78,0.0,3750.46
6932,291.0,-72.78,0.6,873.0
6933,379.08,30.3,0.0,758.16
6934,846.29,47.0,0.1,2538.87
6935,740.7,103.68,0.0,4444.200000000001
6936,555.03,266.28,0.0,3885.21
6937,551.16,154.32,0.0,2204.64
6938,607.82,60.74,0.1,2431.28
6939,621.5,-476.5,0.7,4972.0
6940,688.32,-436.08,0.4,5506.56
6941,406.44,20.28,0.0,1219.32
6942,258.12,92.88,0.0,2323.08
6943,225.07,-45.05,0.2,675.21
6944,256.74,0.0,0.0,770.22
6945,571.32,108.36,0.0,6855.84
6946,775.26,7.74,0.0,1550.52
6947,324.66,32.34,0.0,2272.6200000000003
6948,111.98,7.0,0.2,223.96
6949,646.38,50.22,0.1,5817.42
6950,222.35,34.55,0.1,1111.75
6951,845.46,295.74,0.0,5072.76
6952,397.89,19.89,0.0,1193.67
6953,402.78,145.5,0.17,1611.12
6954,303.12,87.84,0.0,1818.72
6955,544.28,-152.42,0.5,1632.84
6956,482.11,155.23,0.1,1928.44
6957,327.3,42.54,0.0,981.9000000000001
6958,597.84,263.04,0.0,1195.68
6959,349.44,122.22,0.0,2446.08
6960,362.0,170.1,0.0,1810.0
6961,268.03,-230.51,0.5,1876.2099999999998
6962,592.74,160.04,0.0,3556.44
6963,299.52,149.76,0.0,2695.68
6964,63.98,10.4,0.2,127.96
6965,685.76,128.0,0.25,4800.32
6966,586.4,275.6,0.0,5864.0
6967,642.99,-932.57,0.6,9001.86
6968,282.74,62.66,0.1,1979.18
6969,312.34,62.32,0.1,1874.04
6970,177.48,3.52,0.0,354.96
6971,634.5,272.7,0.0,3172.5
6972,265.26,13.26,0.0,530.52
6973,38.88,18.66,0.0,233.28000000000003
6974,457.89,111.84,0.1,1373.67
6975,161.7,38.64,0.0,2263.7999999999997
6976,270.9,27.0,0.0,1354.5
6977,1160.78,489.98,0.1,9286.24
6978,29.04,13.94,0.0,87.12
6979,594.18,47.52,0.0,1188.36
6980,527.76,5.2,0.0,2111.04
6981,336.0,23.52,0.0,2352.0
6982,387.09,127.71,0.0,387.09
6983,659.34,98.82,0.0,5934.06
6984,546.98,100.88,0.35,2734.9
6985,340.86,122.7,0.0,681.72
6986,531.58,244.44,0.0,3721.0600000000004
6987,675.54,285.12,0.1,4053.24
6988,566.61,28.32,0.0,566.61
6989,337.92,16.8,0.0,1351.68
6990,743.04,181.56,0.1,2972.16
6991,307.66,-169.34,0.6,1845.96
6992,856.8,291.24,0.0,5140.799999999999
6993,500.4,140.1,0.0,2502.0
6994,166.62,34.98,0.0,333.24
6995,22.2,10.43,0.0,111.0
6996,230.22,62.1,0.0,2071.98
6997,198.53,-49.63,0.2,1588.24
6998,493.32,172.56,0.0,1973.28
6999,333.09,23.32,0.0,999.27
7000,310.69,108.74,0.2,2174.83
7001,290.64,92.82,0.0,2034.48
7002,569.97,-159.66,0.25,1709.91
7003,302.38,22.68,0.2,907.14
7004,108.58,-25.33,0.4,434.32
7005,301.71,27.15,0.0,301.71
7006,359.48,-338.03,0.5,1797.4
7007,1226.52,232.92,0.0,7359.12
7008,501.67,89.47,0.002,1003.34
7009,173.94,8.67,0.0,173.94
7010,511.56,61.32,0.0,2046.24
7011,781.47,-594.09,0.5,4688.82
7012,379.38,125.16,0.0,758.76
7013,636.06,146.28,0.0,1272.12
7014,370.74,123.51,0.1,1112.22
7015,287.28,48.72,0.0,2010.9599999999998
7016,36.05,-0.9,0.2,108.14999999999999
7017,622.14,298.62,0.0,1866.42
7018,251.64,72.9,0.0,1509.84
7019,347.29,-46.37,0.25,3125.61
7020,525.13,-210.11,0.4,1575.3899999999999
7021,257.08,-141.41,0.6,257.08
7022,341.5,146.44,0.002,1024.5
7023,234.78,35.14,0.0,1643.46
7024,341.52,13.64,0.0,683.04
7025,1269.9,558.72,0.0,7619.400000000001
7026,869.7,191.25,0.0,4348.5
7027,337.2,151.74,0.0,674.4
7028,184.07,-263.83,0.7,368.14
7029,350.86,20.38,0.002,701.72
7030,1015.17,329.89,0.2,4060.68
7031,346.92,97.08,0.0,693.84
7032,664.56,6.6,0.0,3987.3599999999997
7033,347.64,-0.06,0.4,1738.1999999999998
7034,290.2,58.0,0.1,580.4
7035,13.68,3.69,0.0,27.36
7036,15.55,5.44,0.2,46.650000000000006
7037,414.72,62.16,0.0,3317.76
7038,543.11,-7.43,0.25,4887.99
7039,334.44,-17.66,0.202,1672.2
7040,963.14,108.35,0.2,3852.56
7041,216.95,33.65,0.1,1084.75
7042,167.94,82.29,0.0,503.82
7043,149.4,2.88,0.0,597.6
7044,346.11,107.61,0.1,1038.33
7045,271.26,-33.94,0.2,1898.82
7046,286.61,-68.81,0.5,859.83
7047,423.27,181.98,0.0,1269.81
7048,435.67,164.47,0.1,1742.68
7049,417.42,45.9,0.0,2504.52
7050,723.32,-277.4,0.4,5063.240000000001
7051,25.03,7.82,0.2,75.09
7052,221.29,-22.19,0.1,442.58
7053,196.98,39.39,0.0,196.98
7054,467.43,219.69,0.0,467.43
7055,855.75,68.46,0.0,5990.25
7056,827.52,182.0,0.0,3310.08
7057,539.24,-59.92,0.1,1078.48
7058,500.67,75.06,0.0,1502.01
7059,442.48,83.56,0.1,1769.92
7060,877.91,87.68,0.1,6145.37
7061,646.8,284.5,0.0,3234.0
7062,141.12,-51.78,0.4,705.6
7063,5.88,1.71,0.0,11.76
7064,528.93,188.01,0.1,1057.86
7065,385.92,138.88,0.0,1543.68
7066,1004.17,-96.83,0.17,4016.68
7067,348.62,108.38,0.1,2788.96
7068,1037.19,373.38,0.0,7260.33
7069,527.34,131.82,0.0,1054.68
7070,33.57,11.75,0.2,67.14
7071,556.7,-18.58,0.4,1670.1000000000001
7072,169.1,81.1,0.0,845.5
7073,426.4,76.7,0.0,2132.0
7074,560.1,5.6,0.0,2800.5
7075,212.04,86.88,0.0,848.16
7076,194.85,12.18,0.2,779.4
7077,271.68,114.0,0.0,2173.44
7078,339.18,67.8,0.0,678.36
7079,674.4,303.48,0.0,2697.6
7080,409.26,102.3,0.0,818.52
7081,375.61,71.95,0.27,1126.83
7082,273.46,-12.2,0.1,546.92
7083,747.0,-435.84,0.4,2988.0
7084,232.4,78.44,0.2,1162.0
7085,291.0,17.46,0.0,582.0
7086,71.0,27.69,0.0,284.0
7087,395.82,39.54,0.0,791.64
7088,718.72,301.84,0.0,1437.44
7089,91.92,11.49,0.2,459.6
7090,330.84,102.42,0.0,1985.04
7091,377.46,129.96,0.1,2264.7599999999998
7092,517.92,243.42,0.0,1035.84
7093,5.76,1.73,0.0,11.52
7094,753.89,103.61,0.2,2261.67
7095,501.3,126.9,0.25,2506.5
7096,523.23,198.15,0.002,1569.69
7097,32.99,-1.98,0.5,98.97
7098,528.69,206.16,0.0,528.69
7099,247.77,79.2,0.0,743.3100000000001
7100,428.28,137.04,0.0,2569.68
7101,603.3,205.05,0.0,3016.5
7102,773.39,326.45,0.1,4640.34
7103,557.22,47.88,0.07,1114.44
7104,378.4,18.88,0.0,1513.6
7105,1045.44,355.32,0.0,6272.64
7106,684.61,-63.23,0.35,2738.44
7107,409.8,73.7,0.0,2049.0
7108,907.42,110.86,0.1,7259.36
7109,940.96,197.6,0.0,7527.68
7110,792.0,214.29,0.15,2376.0
7111,256.68,33.36,0.0,513.36
7112,288.36,14.4,0.0,576.72
7113,283.26,113.28,0.0,283.26
7114,636.77,212.21,0.1,5094.16
7115,149.28,11.94,0.0,298.56
7116,123.55,-29.34,0.2,370.65
7117,220.56,41.88,0.0,882.24
7118,988.23,-708.57,0.47,6917.610000000001
7119,529.8,68.82,0.0,1059.6
7120,334.8,-29.85,0.1,1674.0
7121,215.38,-231.78,0.6,3015.3199999999997
7122,507.66,-78.15,0.35,1522.98
7123,53.28,26.64,0.0,53.28
7124,345.24,106.98,0.0,690.48
7125,147.71,12.91,0.2,295.42
7126,222.24,17.76,0.0,666.72
7127,448.96,26.88,0.0,1795.84
7128,590.12,69.74,0.002,1770.3600000000001
7129,250.65,-145.65,0.5,2506.5
7130,414.33,202.86,0.0,2900.31
7131,743.58,371.7,0.0,4461.4800000000005
7132,349.2,108.24,0.0,2793.6
7133,889.54,66.72,0.2,7116.32
7134,282.18,62.04,0.0,564.36
7135,335.15,10.25,0.35,1005.4499999999999
7136,319.83,131.04,0.0,2238.81
7137,110.38,-20.24,0.4,441.52
7138,433.62,28.71,0.1,4769.82
7139,159.98,47.99,0.0,319.96
7140,646.43,45.59,0.15,1292.86
7141,216.4,56.26,0.0,865.6
7142,301.77,9.03,0.0,301.77
7143,735.05,-32.71,0.1,2940.2
7144,310.0,-118.88,0.4,930.0
7145,285.7,-35.74,0.2,1142.8
7146,397.74,59.64,0.0,2784.1800000000003
7147,414.9,124.35,0.0,2074.5
7148,556.7,-306.22,0.4,1113.4
7149,326.84,116.15,0.1,980.52
7150,486.6,209.2,0.0,2433.0
7151,423.3,186.24,0.0,846.6
7152,617.9,205.85,0.1,3089.5
7153,311.29,-63.59,0.402,1867.7400000000002
7154,422.93,4.7,0.1,422.93
7155,694.32,180.48,0.0,2777.28
7156,581.55,122.1,0.0,2907.75
7157,541.77,200.43,0.0,541.77
7158,254.19,-245.81,0.7,1270.95
7159,524.18,-24.7,0.15,1048.36
7160,973.35,106.92,0.0,8760.15
7161,560.66,118.31,0.1,2803.2999999999997
7162,1633.14,473.61,0.0,14698.26
7163,304.38,97.38,0.0,1826.28
7164,228.78,11.4,0.0,686.34
7165,620.16,-314.85,0.35,1860.48
7166,480.22,-13.22,0.27,1920.88
7167,303.84,18.18,0.0,607.68
7168,425.91,106.47,0.0,425.91
7169,415.1,199.2,0.0,2075.5
7170,423.67,88.27,0.002,847.34
7171,312.44,104.12,0.1,624.88
7172,384.97,68.65,0.002,1154.91
7173,303.3,60.66,0.0,2729.7000000000003
7174,517.92,243.42,0.0,1035.84
7175,757.32,136.26,0.0,1514.64
7176,399.17,-173.29,0.4,5588.38
7177,675.06,87.76,0.0,2025.1799999999998
7178,294.93,144.52,0.0,884.79
7179,645.97,212.71,0.15,1937.91
7180,445.18,123.61,0.1,4006.62
7181,7.56,0.3,0.0,45.36
7182,500.13,45.0,0.0,500.13
7183,877.14,50.94,0.002,4385.7
7184,346.92,0.0,0.0,1040.76
7185,527.34,131.82,0.0,1054.68
7186,428.18,-51.53,0.25,2140.9
7187,477.12,147.24,0.002,1431.3600000000001
7188,988.08,276.48,0.0,7904.64
7189,209.76,85.98,0.0,419.52
7190,639.0,44.73,0.0,639.0
7191,501.48,84.4,0.002,1002.96
7192,875.02,311.02,0.1,7000.16
7193,248.82,4.92,0.0,497.64
7194,682.45,186.97,0.27,1364.9
7195,717.34,15.94,0.1,2869.36
7196,31.84,10.51,0.0,254.72
7197,567.6,113.52,0.0,2270.4
7198,533.88,-74.79,0.5,1601.6399999999999
7199,430.58,-172.28,0.5,2152.9
7200,791.1,-52.74,0.1,1582.2
7201,169.92,73.02,0.0,339.84
7202,414.27,132.54,0.0,414.27
7203,1159.06,43.46,0.2,10431.539999999999
7204,1461.7,233.8,0.0,7308.5
7205,541.19,156.23,0.1,2164.76
7206,359.57,-221.83,0.4,1438.28
7207,440.88,39.6,0.0,1763.52
7208,249.06,59.76,0.0,498.12
7209,533.22,111.96,0.0,1066.44
7210,619.95,111.59,0.0,3099.75
7211,613.22,-40.9,0.1,2452.88
7212,387.96,147.36,0.0,1551.84
7213,436.0,20.52,0.15,1308.0
7214,454.6,22.7,0.0,2273.0
7215,230.51,9.89,0.07,461.02
7216,459.39,0.0,0.0,459.39
7217,914.97,411.74,0.0,2744.91
7218,771.72,185.16,0.0,3086.88
7219,837.63,376.92,0.0,2512.89
7220,595.92,71.4,0.0,2383.68
7221,447.2,147.5,0.0,2236.0
7222,576.72,28.8,0.0,2306.88
7223,478.56,239.28,0.0,1914.24
7224,633.18,75.96,0.0,1266.36
7225,327.41,-262.03,0.6,1309.64
7226,634.95,279.36,0.0,1904.8500000000001
7227,703.04,351.52,0.0,2812.16
7228,143.73,56.05,0.0,1293.57
7229,615.15,24.6,0.0,3075.75
7230,862.81,277.99,0.1,2588.43
7231,123.96,11.16,0.0,371.88
7232,347.21,8.36,0.17,1041.6299999999999
7233,164.2,26.24,0.0,328.4
7234,486.0,238.08,0.0,3888.0
7235,984.84,374.16,0.0,3939.36
7236,324.27,12.31,0.002,648.54
7237,718.72,301.84,0.0,1437.44
7238,290.52,78.3,0.0,1743.12
7239,802.26,344.91,0.07,4011.3
7240,198.53,-23.23,0.4,2183.83
7241,241.96,33.87,0.0,483.92
7242,142.74,39.96,0.0,428.22
7243,121.2,55.68,0.0,484.8
7244,428.34,137.04,0.0,428.34
7245,551.39,-157.57,0.37,1102.78
7246,246.12,66.42,0.0,492.24
7247,46.72,17.52,0.2,233.6
7248,381.59,-0.01,0.1,1144.77
7249,769.44,269.22,0.0,10772.16
7250,264.96,10.56,0.0,529.92
7251,721.85,251.69,0.002,2165.55
7252,513.48,220.68,0.0,2053.92
7253,216.84,-24.63,0.47,650.52
7254,408.42,32.58,0.0,3675.78
7255,209.66,22.61,0.17,1048.3
7256,360.13,94.53,0.2,1440.52
7257,9.16,-13.73,0.8,27.48
7258,9.26,-13.9,0.8,27.78
7259,237.33,47.25,0.0,2135.9700000000003
7260,859.04,-365.12,0.6,6013.28
7261,195.89,-19.67,0.1,979.4499999999999
7262,101.7,36.54,0.0,610.2
7263,673.65,-186.57,0.35,1347.3
7264,479.98,90.0,0.2,959.96
7265,25.34,9.19,0.2,101.36
7266,540.8,-31.84,0.15,1081.6
7267,645.95,-538.33,0.7,2583.8
7268,349.44,115.29,0.0,2446.08
7269,1158.12,130.29,0.2,5790.599999999999
7270,530.22,15.9,0.0,1060.44
7271,1568.61,329.41,0.0,14117.49
7272,728.64,189.42,0.0,2185.92
7273,1779.9,373.78,0.0,8899.5
7274,212.94,25.55,0.0,638.8199999999999
7275,469.92,51.69,0.0,469.92
7276,241.28,81.92,0.0,1930.24
7277,444.62,-163.06,0.4,1778.48
7278,158.58,44.28,0.0,951.48
7279,391.14,195.57,0.0,391.14
7280,647.76,291.36,0.0,5182.08
7281,758.48,126.32,0.1,3033.92
7282,841.8,227.25,0.0,4209.0
7283,333.78,83.4,0.0,1001.3399999999999
7284,498.42,224.28,0.0,1495.26
7285,157.5,28.14,0.0,2205.0
7286,271.24,-30.14,0.1,271.24
7287,221.92,106.52,0.0,887.68
7288,1054.02,-316.28,0.4,5270.1
7289,108.56,24.96,0.0,434.24
7290,625.39,29.23,0.15,5628.51
7291,161.94,74.46,0.0,323.88
7292,172.62,58.68,0.0,517.86
7293,186.05,9.3,0.2,744.2
7294,135.09,28.77,0.25,540.36
7295,320.54,-5.38,0.4,4487.56
7296,517.47,103.47,0.0,517.47
7297,847.87,222.43,0.2,10174.44
7298,36.27,10.88,0.0,108.81
7299,699.74,81.58,0.4,2798.96
7300,358.0,110.96,0.0,716.0
7301,241.89,48.36,0.0,241.89
7302,485.73,189.36,0.0,1457.19
7303,413.42,-0.04,0.1,1240.26
7304,355.56,14.22,0.0,355.56
7305,488.04,224.46,0.0,1464.1200000000001
7306,354.56,-590.98,0.7,2127.36
7307,534.18,16.02,0.0,1068.36
7308,270.59,-306.85,0.7,1623.54
7309,494.42,-54.94,0.1,1977.68
7310,554.37,40.05,0.17,2217.48
7311,177.12,1.76,0.0,708.48
7312,248.02,-111.62,0.4,744.0600000000001
7313,752.76,35.4,0.15,6022.08
7314,500.99,-75.17,0.2,1001.98
7315,606.93,-418.17,0.55,1820.79
7316,513.11,-85.57,0.4,3078.66
7317,199.37,-129.61,0.4,598.11
7318,9.24,4.44,0.0,27.72
7319,689.96,165.56,0.0,1379.92
7320,248.22,56.07,0.25,1737.54
7321,283.92,17.75,0.2,1419.6000000000001
7322,954.09,219.42,0.0,2862.27
7323,350.81,-140.35,0.4,701.62
7324,504.09,115.92,0.0,1512.27
7325,338.7,30.48,0.0,677.4
7326,278.67,-12.03,0.07,557.34
7327,931.39,279.25,0.2,8382.51
7328,263.49,75.73,0.2,1053.96
7329,648.32,50.36,0.1,3889.92
7330,558.42,0.0,0.0,1116.84
7331,727.56,116.4,0.0,2182.68
7332,623.67,-153.57,0.35,1871.0099999999998
7333,533.38,-0.14,0.2,3200.2799999999997
7334,671.06,-73.6,0.27,1342.12
7335,517.08,180.96,0.0,1551.2400000000002
7336,226.26,-47.04,0.47,1131.3
7337,690.12,0.0,0.0,4140.72
7338,441.9,0.0,0.0,1325.6999999999998
7339,168.04,70.56,0.0,336.08
7340,273.47,95.71,0.2,1093.88
7341,682.99,-96.5,0.15,2048.9700000000003
7342,95.97,1.2,0.2,383.88
7343,408.3,44.88,0.0,1224.9
7344,695.81,-301.63,0.4,5566.48
7345,197.94,96.99,0.0,197.94
7346,735.75,345.75,0.0,3678.75
7347,489.96,127.32,0.0,1959.84
7348,572.48,127.1,0.1,7442.24
7349,1015.68,101.52,0.2,4062.72
7350,221.4,35.4,0.0,885.6
7351,656.99,-65.71,0.1,1970.97
7352,976.78,247.03,0.17,6837.46
7353,471.22,79.3,0.002,942.44
7354,31.87,11.55,0.2,254.96
7355,204.16,79.6,0.0,408.32
7356,228.29,40.49,0.1,1141.45
7357,447.63,-68.49,0.15,895.26
7358,222.56,109.04,0.0,445.12
7359,559.87,43.54,0.1,1679.6100000000001
7360,271.46,10.78,0.0,1900.2199999999998
7361,189.7,94.8,0.0,948.5
7362,512.28,204.9,0.0,1024.56
7363,925.92,101.79,0.0,2777.7599999999998
7364,346.14,17.28,0.0,2076.84
7365,273.24,62.76,0.0,1639.44
7366,259.77,54.54,0.0,259.77
7367,574.02,269.73,0.0,1722.06
7368,283.8,45.36,0.0,567.6
7369,362.5,74.05,0.07,362.5
7370,513.36,66.72,0.0,2053.44
7371,486.37,36.48,0.2,1945.48
7372,135.48,-88.08,0.4,270.96
7373,141.12,21.15,0.0,423.36
7374,567.49,128.14,0.07,2837.45
7375,231.92,64.92,0.0,463.84
7376,339.96,42.49,0.2,1699.8
7377,492.42,211.74,0.0,1477.26
7378,222.56,13.28,0.0,890.24
7379,60.31,5.28,0.2,180.93
7380,342.72,112.98,0.0,2399.04
7381,51.98,15.07,0.0,103.96
7382,687.4,171.78,0.0,4811.8
7383,524.4,104.88,0.0,524.4
7384,173.82,24.33,0.0,173.82
7385,789.6,149.94,0.0,5527.2
7386,518.78,58.3,0.2,4150.24
7387,139.03,-32.45,0.4,278.06
7388,288.0,20.16,0.0,1728.0
7389,64.17,18.61,0.0,192.51
7390,598.32,191.4,0.0,2393.28
7391,642.69,244.2,0.0,642.69
7392,124.5,-146.31,0.6,124.5
7393,272.52,76.14,0.0,1635.12
7394,531.9,-53.25,0.1,2659.5
7395,508.92,-305.36,0.4,1017.84
7396,342.54,61.62,0.0,685.08
7397,315.18,110.16,0.0,2836.62
7398,550.08,82.44,0.0,1650.2400000000002
7399,157.82,-54.14,0.3,789.0999999999999
7400,195.66,72.36,0.0,586.98
7401,527.46,226.8,0.0,1054.92
7402,396.78,194.4,0.0,793.56
7403,447.88,129.34,0.1,895.76
7404,509.8,59.42,0.4,3568.6
7405,329.76,131.88,0.0,659.52
7406,602.76,-229.08,0.5,2411.04
7407,401.36,44.6,0.1,1204.08
7408,24.59,-67.62,0.8,73.77
7409,785.09,-510.31,0.4,2355.27
7410,205.44,-164.4,0.6,821.76
7411,682.08,224.96,0.0,5456.64
7412,530.22,180.24,0.0,1060.44
7413,247.6,61.8,0.0,2476.0
7414,425.91,106.47,0.0,425.91
7415,396.78,194.4,0.0,793.56
7416,364.32,142.08,0.0,728.64
7417,227.16,90.72,0.0,2725.92
7418,204.3,28.6,0.0,1021.5
7419,206.78,-58.6,0.4,413.56
7420,166.68,34.98,0.0,166.68
7421,568.22,-79.61,0.5,1704.66
7422,513.72,-82.2,0.5,4109.76
7423,526.64,81.89,0.1,2633.2
7424,634.79,62.33,0.002,1904.37
7425,275.58,35.82,0.0,551.16
7426,600.48,84.0,0.0,2401.92
7427,250.2,80.04,0.0,750.5999999999999
7428,607.9,79.0,0.0,3039.5
7429,888.14,256.16,0.002,7993.26
7430,218.84,-98.5,0.4,656.52
7431,453.84,45.36,0.0,1815.36
7432,521.82,114.75,0.0,1565.46
7433,17.19,6.51,0.0,17.19
7434,575.64,-25.71,0.1,2878.2
7435,486.09,106.92,0.0,1458.27
7436,408.75,77.55,0.0,2043.75
7437,152.22,25.86,0.0,456.65999999999997
7438,182.88,3.6,0.0,1645.92
7439,10.37,3.63,0.2,20.74
7440,835.06,-27.86,0.1,1670.12
7441,300.24,42.0,0.0,600.48
7442,474.25,227.11,0.002,1422.75
7443,378.39,185.4,0.0,378.39
7444,188.8,60.37,0.25,566.4000000000001
7445,455.52,59.19,0.0,455.52
7446,852.48,136.26,0.0,5114.88
7447,169.65,18.6,0.0,848.25
7448,584.61,175.11,0.0,7599.93
7449,338.31,-7.56,0.1,2368.17
7450,823.5,312.9,0.0,1647.0
7451,1116.99,446.79,0.1,11169.9
7452,10.78,0.81,0.2,10.78
7453,1093.2,98.16,0.0,8745.6
7454,9.91,3.22,0.2,29.73
7455,467.43,32.7,0.0,467.43
7456,637.75,118.36,0.3,1913.25
7457,363.92,-170.02,0.4,4003.1200000000003
7458,636.36,267.24,0.0,1272.72
7459,504.72,232.11,0.0,1514.16
7460,616.92,203.58,0.0,1233.84
7461,779.8,-168.96,0.4,1559.6
7462,17.48,4.54,0.0,69.92
7463,395.12,55.28,0.0,1580.48
7464,823.58,-44.35,0.07,5765.06
7465,3.82,1.19,0.2,3.82
7466,312.48,-312.48,0.5,2187.36
7467,520.38,150.84,0.0,1561.1399999999999
7468,389.48,23.24,0.0,2726.36
7469,343.68,130.56,0.0,1374.72
7470,507.84,50.76,0.2,1015.68
7471,696.76,178.0,0.1,1393.52
7472,696.85,-343.1,0.35,2090.55
7473,520.68,93.72,0.0,1041.36
7474,277.06,-117.86,0.6,1662.3600000000001
7475,213.36,19.11,0.0,1493.52
7476,385.76,38.56,0.2,1928.8
7477,818.28,171.72,0.0,4909.68
7478,623.16,69.21,0.1,3115.7999999999997
7479,891.54,169.38,0.0,5349.24
7480,236.18,85.28,0.17,1180.9
7481,803.04,345.12,0.0,6424.32
7482,368.33,73.61,0.1,736.66
7483,10.56,4.75,0.0,21.12
7484,2596.29,923.01,0.1,18174.03
7485,422.73,173.25,0.0,1268.19
7486,124.68,9.96,0.0,748.08
7487,154.26,13.86,0.0,462.78
7488,301.38,0.0,0.0,301.38
7489,110.96,53.26,0.0,221.92
7490,248.83,-66.41,0.4,746.49
7491,151.96,36.47,0.0,607.84
7492,390.08,-92.72,0.2,1950.3999999999999
7493,422.01,156.06,0.0,1266.03
7494,761.4,327.24,0.0,4568.4
7495,443.7,44.28,0.0,2662.2
7496,2.91,-2.03,0.7,8.73
7497,1.82,-1.4,0.7,1.82
7498,728.83,18.19,0.2,2186.4900000000002
7499,221.94,19.59,0.1,1109.7
7500,339.36,152.7,0.0,1018.08
7501,302.83,121.09,0.1,605.66
7502,1297.37,97.3,0.2,11676.329999999998
7503,216.04,21.6,0.0,432.08
7504,856.35,154.05,0.0,4281.75
7505,176.14,8.11,0.35,176.14
7506,462.35,-46.33,0.1,1849.4
7507,119.52,-14.4,0.17,358.56
7508,415.97,52.0,0.2,1663.88
7509,139.65,15.3,0.0,698.25
7510,309.12,27.82,0.0,309.12
7511,731.82,146.34,0.0,2195.46
7512,355.34,62.66,0.15,1066.02
7513,650.7,45.45,0.0,3253.5
7514,496.86,24.84,0.0,3478.02
7515,132.15,11.85,0.0,660.75
7516,622.14,87.06,0.0,1244.28
7517,245.13,83.34,0.0,245.13
7518,218.75,-161.88,0.5,437.5
7519,138.57,45.72,0.0,138.57
7520,577.53,190.53,0.0,1732.59
7521,697.86,209.34,0.0,4187.16
7522,195.1,21.95,0.2,780.4
7523,750.86,46.88,0.2,2252.58
7524,710.76,234.48,0.0,2843.04
7525,160.96,48.29,0.0,321.92
7526,120.67,18.45,0.15,241.34
7527,102.24,43.92,0.0,613.4399999999999
7528,485.68,-27.08,0.1,1942.72
7529,429.6,163.2,0.0,2148.0
7530,68.46,20.54,0.0,136.92
7531,214.9,-243.58,0.7,859.6
7532,548.2,197.3,0.0,2741.0
7533,39.99,11.6,0.0,39.99
7534,409.03,143.08,0.2,1227.09
7535,254.94,-312.33,0.6,254.94
7536,504.0,110.88,0.0,3024.0
7537,408.36,57.12,0.0,816.72
7538,16.74,4.35,0.0,33.48
7539,714.42,277.74,0.1,2857.68
7540,170.1,83.34,0.0,1020.5999999999999
7541,477.3,45.42,0.37,954.6
7542,340.38,-39.72,0.4,1701.9
7543,241.74,106.2,0.0,1450.44
7544,732.9,307.8,0.0,7329.0
7545,385.02,127.02,0.0,770.04
7546,40.03,15.01,0.2,240.18
7547,225.82,8.96,0.0,1580.74
7548,173.61,32.94,0.0,520.83
7549,731.82,102.42,0.0,1463.64
7550,967.98,106.44,0.0,2903.94
7551,740.85,266.7,0.0,3704.25
7552,537.71,-213.5,0.37,2688.55
7553,1166.94,93.33,0.0,3500.82
7554,231.98,67.27,0.0,463.96
7555,341.58,121.44,0.1,1024.74
7556,245.48,29.96,0.1,490.96
7557,310.14,99.18,0.0,1860.84
7558,378.39,185.4,0.0,378.39
7559,880.74,96.84,0.0,5284.4400000000005
7560,423.24,21.12,0.0,846.48
7561,358.92,179.46,0.0,1076.76
7562,632.61,-632.61,0.5,6958.71
7563,298.68,53.76,0.0,597.36
7564,532.98,133.2,0.0,1065.96
7565,79.87,29.95,0.2,239.61
7566,195.14,-43.91,0.2,780.56
7567,879.6,96.72,0.0,7036.8
7568,247.86,27.24,0.0,495.72
7569,684.36,266.88,0.0,2737.44
7570,757.85,-471.45,0.402,3789.25
7571,594.22,148.5,0.0,6536.42
7572,342.51,61.07,0.002,1370.04
7573,231.36,85.56,0.0,925.44
7574,575.64,51.09,0.1,2878.2
7575,145.8,42.15,0.0,729.0
7576,756.6,30.24,0.0,1513.2
7577,688.32,0.0,0.2,6194.88
7578,574.02,269.73,0.0,1722.06
7579,250.68,120.3,0.0,501.36
7580,497.16,154.08,0.0,1988.64
7581,264.49,114.61,0.1,528.98
7582,609.66,-231.84,0.5,3657.96
7583,139.44,57.15,0.0,139.44
7584,901.91,100.13,0.1,6313.37
7585,86.38,1.08,0.2,259.14
7586,537.03,107.37,0.1,1611.09
7587,573.1,222.82,0.1,1146.2
7588,331.73,-282.07,0.6,1326.92
7589,336.24,127.74,0.0,672.48
7590,3408.0,238.56,0.0,27264.0
7591,509.88,5.04,0.0,2039.52
7592,863.31,241.71,0.0,6043.17
7593,105.06,18.9,0.0,210.12
7594,151.83,37.95,0.0,151.83
7595,251.16,32.64,0.0,502.32
7596,243.0,119.04,0.0,972.0
7597,332.86,-221.9,0.4,998.58
7598,346.68,69.3,0.1,1040.04
7599,488.88,117.18,0.0,2933.2799999999997
7600,240.78,30.1,0.2,240.78
7601,382.62,81.22,0.2,4208.82
7602,398.52,47.82,0.0,797.04
7603,538.06,35.86,0.4,1614.1799999999998
7604,402.08,-44.68,0.1,1206.24
7605,572.58,34.35,0.0,3435.4800000000005
7606,333.96,106.86,0.0,667.92
7607,365.22,21.9,0.0,730.44
7608,341.58,-30.39,0.1,1024.74
7609,490.26,215.7,0.0,1470.78
7610,659.7,72.54,0.0,3958.2000000000003
7611,325.08,162.36,0.0,3900.96
7612,546.96,54.6,0.0,2187.84
7613,528.12,-41.16,0.1,4224.96
7614,639.66,121.5,0.0,1279.32
7615,727.54,-81.86,0.2,1455.08
7616,111.96,21.27,0.0,447.84
7617,1950.37,-1121.69,0.6,17553.329999999998
7618,20.74,7.26,0.2,82.96
7619,437.04,183.42,0.0,2622.2400000000002
7620,423.19,41.55,0.002,846.38
7621,49.57,17.97,0.2,99.14
7622,1027.15,-719.21,0.6,7190.050000000001
7623,281.88,76.08,0.0,563.76
7624,446.15,198.23,0.1,1784.6
7625,455.33,-64.33,0.15,910.66
7626,423.6,84.6,0.0,2118.0
7627,718.79,303.35,0.1,4312.74
7628,762.48,121.95,0.0,2287.44
7629,457.81,121.93,0.1,4120.29
7630,448.58,174.44,0.1,1345.74
7631,27.88,3.9,0.0,55.76
7632,806.11,-133.41,0.202,3224.44
7633,346.76,123.29,0.1,1040.28
7634,119.25,3.51,0.0,357.75
7635,352.86,35.28,0.0,705.72
7636,701.3,-257.2,0.4,6311.7
7637,747.36,265.68,0.1,1494.72
7638,453.75,-74.79,0.15,907.5
7639,1113.41,-1475.35,0.6,6680.460000000001
7640,15.51,3.88,0.0,15.51
7641,496.0,179.8,0.2,992.0
7642,381.84,80.16,0.0,1527.36
7643,670.95,113.94,0.0,6038.55
7644,22.61,-10.17,0.6,67.83
7645,365.8,85.3,0.1,731.6
7646,490.26,32.66,0.4,2451.3
7647,1762.3,475.8,0.0,8811.5
7648,263.74,23.08,0.2,791.22
7649,162.72,68.31,0.0,488.15999999999997
7650,423.18,35.64,0.17,1269.54
7651,341.56,115.64,0.002,1366.24
7652,535.82,208.31,0.1,1607.46
7653,541.44,-189.6,0.4,4331.52
7654,670.14,-128.52,0.27,1340.28
7655,333.36,49.86,0.0,3000.2400000000002
7656,998.85,-199.77,0.4,4994.25
7657,533.25,206.37,0.07,1599.75
7658,739.8,29.52,0.0,6658.2
7659,534.72,58.8,0.0,2138.88
7660,484.08,212.88,0.0,1936.32
7661,311.25,40.44,0.0,311.25
7662,636.26,-413.68,0.6,3817.56
7663,514.19,108.47,0.1,2056.76
7664,450.91,-451.01,0.6,3607.28
7665,825.22,-144.44,0.2,2475.66
7666,495.99,74.25,0.0,5455.89
7667,482.2,135.0,0.0,2411.0
7668,447.3,174.42,0.0,2683.8
7669,148.98,17.85,0.0,148.98
7670,301.38,0.0,0.0,301.38
7671,83.36,20.84,0.0,83.36
7672,546.72,185.88,0.0,2186.88
7673,268.85,-289.03,0.6,1075.4
7674,494.64,197.82,0.0,1483.92
7675,411.93,164.7,0.0,1235.79
7676,268.62,91.32,0.0,268.62
7677,274.14,43.74,0.0,1644.84
7678,6.6,2.9,0.0,19.799999999999997
7679,1.72,-2.84,0.8,1.72
7680,136.14,-109.02,0.5,544.56
7681,723.72,253.26,0.0,1447.44
7682,211.46,-67.0,0.4,422.92
7683,204.83,40.55,0.202,409.66
7684,414.72,70.5,0.0,829.44
7685,126.85,40.87,0.1,253.7
7686,529.16,78.44,0.002,1587.48
7687,324.0,29.16,0.0,3888.0
7688,16.52,1.65,0.2,82.6
7689,318.82,42.5,0.4,1275.28
7690,948.05,126.32,0.1,12324.65
7691,378.0,-20.16,0.25,1512.0
7692,344.6,93.0,0.0,1723.0
7693,807.24,80.64,0.0,5650.68
7694,324.45,35.64,0.0,973.3499999999999
7695,387.18,-34.47,0.1,1161.54
7696,94.98,8.52,0.0,189.96
7697,484.03,47.53,0.002,2420.1499999999996
7698,256.86,2.52,0.0,513.72
7699,270.54,135.18,0.0,1623.2400000000002
7700,920.4,46.0,0.4,4602.0
7701,332.28,-60.92,0.4,1661.3999999999999
7702,539.47,188.77,0.2,1618.41
7703,626.18,-16.73,0.25,3130.8999999999996
7704,370.44,170.31,0.0,2593.08
7705,1113.02,111.3,0.2,8904.16
7706,701.96,168.47,0.0,1403.92
7707,234.0,28.08,0.0,1404.0
7708,653.94,222.3,0.0,3923.6400000000003
7709,504.09,60.48,0.0,1512.27
7710,667.42,-155.48,0.27,1334.84
7711,909.55,30.27,0.4,3638.2
7712,204.36,59.16,0.0,817.44
7713,584.2,239.52,0.0,1168.4
7714,643.84,232.63,0.17,5794.56
7715,391.86,90.12,0.0,783.72
7716,414.1,-31.88,0.35,828.2
7717,507.84,10.08,0.0,2031.36
7718,736.82,207.92,0.15,3684.1000000000004
7719,1240.97,137.84,0.1,8686.79
7720,844.02,33.66,0.0,7596.18
7721,479.2,202.24,0.1,1916.8
7722,403.68,36.24,0.0,4844.16
7723,437.69,-248.05,0.4,1313.07
7724,1165.68,58.08,0.0,9325.44
7725,410.5,65.6,0.0,2052.5
7726,722.36,50.56,0.0,1444.72
7727,602.76,0.0,0.0,1205.52
7728,228.36,114.18,0.0,456.72
7729,29.6,14.8,0.0,59.2
7730,15.38,4.04,0.2,15.38
7731,6.0,2.1,0.2,12.0
7732,19.65,9.04,0.0,58.949999999999996
7733,107.51,-19.4,0.5,322.53000000000003
7734,288.9,63.45,0.0,1444.5
7735,245.44,70.56,0.2,245.44
7736,995.6,219.0,0.0,9956.0
7737,899.91,395.96,0.0,8099.19
7738,263.73,-179.37,0.5,527.46
7739,879.98,329.99,0.2,1759.96
7740,379.08,143.16,0.1,3032.64
7741,237.51,97.23,0.0,1662.57
7742,207.12,76.56,0.0,828.48
7743,521.96,88.73,0.0,1043.92
7744,136.1,18.02,0.17,272.2
7745,163.98,54.06,0.0,327.96
7746,65.58,23.77,0.2,131.16
7747,354.96,60.12,0.0,4259.5199999999995
7748,107.4,-88.62,0.6,107.4
7749,85.23,16.11,0.0,255.69
7750,342.09,153.93,0.0,2394.6299999999997
7751,225.36,67.56,0.0,901.44
7752,187.84,2.08,0.1,563.52
7753,626.7,300.75,0.0,3133.5
7754,126.09,21.42,0.0,126.09
7755,89.97,37.79,0.0,269.90999999999997
7756,243.97,13.39,0.1,2195.73
7757,319.98,143.97,0.0,319.98
7758,409.82,-82.0,0.2,1229.46
7759,281.82,25.32,0.0,845.46
7760,194.64,64.2,0.0,1167.84
7761,145.35,36.27,0.0,436.04999999999995
7762,77.55,20.16,0.0,387.75
7763,256.17,91.89,0.002,512.34
7764,321.51,116.07,0.17,2572.08
7765,338.94,101.64,0.0,2372.58
7766,314.1,131.91,0.0,314.1
7767,56.45,14.68,0.0,282.25
7768,140.13,64.44,0.0,420.39
7769,151.92,71.4,0.0,455.76
7770,147.96,16.2,0.0,443.88
7771,140.32,50.48,0.0,561.28
7772,148.1,-311.26,0.7,1184.8
7773,264.6,121.65,0.0,1323.0
7774,254.16,101.64,0.0,254.16
7775,510.12,50.94,0.0,1530.3600000000001
7776,374.76,149.76,0.1,1873.8
7777,25.71,6.68,0.0,77.13
7778,205.53,26.55,0.15,411.06
7779,240.62,-473.26,0.7,1443.72
7780,414.9,124.35,0.0,2074.5
7781,388.13,-357.08,0.5,1164.3899999999999
7782,268.26,50.94,0.0,536.52
7783,310.16,18.56,0.0,1240.64
7784,240.84,-62.64,0.5,481.68
7785,419.9,197.35,0.0,2099.5
7786,217.89,55.59,0.1,1089.4499999999998
7787,180.6,51.9,0.2,903.0
7788,872.94,226.96,0.0,2618.82
7789,427.42,196.61,0.0,5983.88
7790,105.12,26.16,0.0,840.96
7791,54.18,8.1,0.0,162.54
7792,79.63,-37.17,0.4,318.52
7793,161.91,25.89,0.0,161.91
7794,196.06,-264.74,0.6,1176.3600000000001
7795,271.73,-61.57,0.47,543.46
7796,250.96,39.7,0.002,752.88
7797,208.73,-62.71,0.4,834.92
7798,214.8,0.0,0.0,859.2
7799,96.12,-132.3,0.6,576.72
7800,1136.33,-53.53,0.15,7954.3099999999995
7801,179.76,0.0,0.0,1438.08
7802,288.94,-382.86,0.6,577.88
7803,10.37,3.63,0.2,20.74
7804,424.2,161.16,0.0,848.4
7805,202.2,22.2,0.0,808.8
7806,338.42,131.6,0.1,1015.26
7807,497.64,9.84,0.0,1990.56
7808,930.0,455.7,0.0,2790.0
7809,207.86,-90.1,0.4,415.72
7810,244.35,109.95,0.0,1221.75
7811,414.66,107.76,0.0,829.32
7812,17.46,5.89,0.2,34.92
7813,256.35,89.7,0.0,1281.75
7814,76.92,16.92,0.0,307.68
7815,115.68,42.78,0.0,231.36
7816,298.68,113.46,0.0,597.36
7817,11.26,3.8,0.2,45.04
7818,349.87,-113.75,0.6,1049.6100000000001
7819,226.84,21.82,0.17,453.68
7820,105.52,18.96,0.0,422.08
7821,163.36,13.04,0.0,326.72
7822,218.21,-127.31,0.4,872.84
7823,78.96,38.64,0.0,315.84
7824,295.52,-224.9,0.5,3250.72
7825,191.85,-0.09,0.45,1342.95
7826,278.88,114.3,0.0,557.76
7827,23.34,0.23,0.0,70.02
7828,206.4,92.88,0.0,206.4
7829,265.65,2.64,0.0,265.65
7830,155.03,68.9,0.1,465.09000000000003
7831,423.31,-0.85,0.002,846.62
7832,102.9,12.3,0.0,205.8
7833,144.0,5.76,0.0,1728.0
7834,256.47,82.59,0.1,1795.2900000000002
7835,160.96,-96.62,0.4,482.88
7836,156.24,50.74,0.2,781.2
7837,332.24,6.64,0.0,1328.96
7838,444.42,153.06,0.1,1777.68
7839,235.87,-82.61,0.4,1415.22
7840,496.08,124.02,0.0,496.08
7841,14.94,6.87,0.0,44.82
7842,447.68,-761.08,0.8,3133.76
7843,68.74,-48.12,0.7,618.66
7844,318.33,22.14,0.0,2864.97
7845,158.1,64.8,0.0,790.5
7846,34.68,16.99,0.0,208.07999999999998
7847,362.88,-36.48,0.1,2903.04
7848,161.51,51.98,0.1,484.53
7849,300.24,84.06,0.0,900.72
7850,154.7,0.0,0.0,773.5
7851,142.15,-95.99,0.6,284.3
7852,365.71,-246.89,0.6,1097.1299999999999
7853,101.09,38.93,0.17,404.36
7854,355.48,-3.98,0.1,710.96
7855,279.72,81.0,0.0,1678.3200000000002
7856,318.09,152.67,0.0,318.09
7857,316.85,13.01,0.27,1267.4
7858,132.5,2.6,0.0,662.5
7859,482.49,-5.76,0.15,3377.4300000000003
7860,241.32,-77.28,0.5,965.28
7861,351.84,-49.44,0.5,2814.72
7862,154.44,-257.4,0.7,617.76
7863,991.92,456.24,0.0,7935.36
7864,388.61,29.13,0.2,777.22
7865,201.08,36.16,0.0,402.16
7866,81.9,27.0,0.0,491.40000000000003
7867,220.44,39.66,0.0,440.88
7868,275.62,-21.44,0.1,551.24
7869,444.31,-89.03,0.4,2665.86
7870,148.17,53.34,0.0,148.17
7871,99.28,12.41,0.2,198.56
7872,321.0,-141.3,0.5,1605.0
7873,130.32,12.96,0.0,390.96
7874,145.84,-24.32,0.4,437.52
7875,134.4,30.9,0.0,672.0
7876,196.2,58.86,0.0,196.2
7877,296.34,41.46,0.0,889.02
7878,287.94,46.02,0.0,863.8199999999999
7879,307.62,40.98,0.4,922.86
7880,286.44,14.28,0.0,572.88
7881,333.27,63.21,0.0,2332.89
7882,432.29,-91.87,0.2,1296.8700000000001
7883,193.93,72.97,0.15,581.79
7884,367.7,-284.98,0.6,1103.1
7885,379.68,159.39,0.0,2657.76
7886,100.92,1.98,0.0,201.84
7887,408.36,-294.12,0.5,1633.44
7888,27.24,13.35,0.0,163.44
7889,237.17,10.37,0.1,2134.5299999999997
7890,505.99,29.39,0.002,1011.98
7891,344.64,165.42,0.0,1033.92
7892,220.65,70.5,0.0,1103.25
7893,22.72,7.38,0.2,90.88
7894,546.89,224.69,0.1,2734.45
7895,21.73,7.6,0.2,152.11
7896,1673.18,20.91,0.2,20078.16
7897,234.32,-130.16,0.402,937.28
7898,195.72,17.52,0.0,782.88
7899,230.38,-48.95,0.2,691.14
7900,215.55,94.77,0.0,646.6500000000001
7901,186.88,8.86,0.37,373.76
7902,917.92,75.59,0.15,8261.279999999999
7903,304.92,-270.18,0.65,1524.6000000000001
7904,286.26,114.48,0.0,572.52
7905,191.28,28.68,0.0,765.12
7906,424.27,-10.61,0.2,848.54
7907,551.1,49.5,0.0,2755.5
7908,271.99,23.8,0.2,271.99
7909,318.13,-196.19,0.4,636.26
7910,182.3,71.0,0.0,911.5
7911,567.45,-522.09,0.5,1702.3500000000001
7912,475.86,185.58,0.0,475.86
7913,213.36,59.64,0.0,1493.52
7914,134.85,37.76,0.0,404.54999999999995
7915,201.12,72.24,0.0,1608.96
7916,366.75,73.35,0.0,1100.25
7917,78.53,-154.48,0.7,78.53
7918,349.68,-151.22,0.602,1748.4
7919,364.14,80.1,0.0,728.28
7920,309.84,12.36,0.0,1239.36
7921,246.0,105.75,0.0,1230.0
7922,378.9,69.93,0.35,1136.6999999999998
7923,478.98,100.44,0.0,2873.88
7924,91.82,-121.78,0.6,367.28
7925,231.44,39.32,0.0,462.88
7926,269.4,123.9,0.0,2694.0
7927,393.6,169.2,0.0,3148.8
7928,7.24,1.18,0.2,36.2
7929,136.44,31.32,0.0,1637.28
7930,102.18,1.02,0.0,306.54
7931,1228.47,0.0,0.3,6142.35
7932,202.08,58.56,0.0,808.32
7933,175.23,61.33,0.0,1927.53
7934,151.88,-3.08,0.5,759.4
7935,598.23,-49.29,0.15,2392.92
7936,137.25,63.09,0.0,411.75
7937,571.32,251.28,0.0,2285.28
7938,393.17,-204.45,0.5,1179.51
7939,232.68,9.24,0.0,1396.08
7940,153.9,12.3,0.0,769.5
7941,157.82,-25.66,0.2,946.92
7942,311.15,146.24,0.0,1555.75
7943,199.06,-3.34,0.4,398.12
7944,156.67,-36.61,0.4,626.68
7945,155.37,-35.51,0.3,310.74
7946,79.96,22.39,0.0,319.84
7947,254.94,2.52,0.0,509.88
7948,490.26,88.2,0.0,980.52
7949,59.52,17.86,0.0,178.56
7950,79.97,-29.32,0.4,239.91
7951,199.08,55.68,0.0,796.32
7952,195.66,50.76,0.0,1173.96
7953,28.4,6.75,0.2,56.8
7954,28.78,2.88,0.2,57.56
7955,252.0,-35.28,0.5,1008.0
7956,752.92,-131.6,0.37,5270.44
7957,195.41,65.9,0.2,586.23
7958,10.53,3.68,0.2,73.71
7959,796.14,46.8,0.15,2388.42
7960,25.35,7.61,0.0,76.05000000000001
7961,95.94,16.74,0.2,383.76
7962,834.62,296.72,0.1,1669.24
7963,512.16,130.83,0.1,1536.48
7964,318.3,130.5,0.0,318.3
7965,332.28,96.36,0.0,996.8399999999999
7966,289.8,36.23,0.2,2028.6000000000001
7967,378.32,165.98,0.002,1134.96
7968,302.04,-167.72,0.402,604.08
7969,187.68,41.28,0.0,750.72
7970,263.6,71.12,0.0,1054.4
7971,323.37,129.35,0.0,970.11
7972,197.49,17.76,0.0,197.49
7973,206.82,36.72,0.1,1034.1
7974,78.66,9.36,0.0,707.9399999999999
7975,390.6,-221.34,0.4,2734.2000000000003
7976,417.22,104.3,0.2,834.44
7977,254.18,-21.46,0.17,508.36
7978,162.81,51.84,0.0,1465.29
7979,20.37,6.93,0.0,61.11
7980,119.47,-35.85,0.4,238.94
7981,21.98,8.57,0.0,43.96
7982,205.52,-251.86,0.6,1438.64
7983,446.4,8.82,0.0,2678.3999999999996
7984,271.44,73.26,0.0,1628.6399999999999
7985,358.67,75.71,0.1,717.34
7986,99.2,23.8,0.0,198.4
7987,353.22,6.93,0.0,2472.54
7988,182.9,42.65,0.1,182.9
7989,474.3,55.74,0.15,1897.2
7990,4.79,-7.9,0.8,14.370000000000001
7991,243.9,121.95,0.0,1219.5
7992,98.0,5.88,0.0,686.0
7993,210.78,18.9,0.0,632.34
7994,226.08,76.68,0.0,2712.96
7995,198.61,-132.41,0.4,595.83
7996,498.26,134.53,0.0,3487.8199999999997
7997,174.33,71.46,0.0,174.33
7998,87.4,34.96,0.0,437.0
7999,134.61,63.24,0.0,134.61
8000,298.92,24.82,0.4,1494.6000000000001
8001,74.87,-169.72,0.7,74.87
8002,371.28,140.91,0.0,2598.96
8003,98.39,-5.47,0.1,196.78
8004,190.08,-53.28,0.25,570.24
8005,269.03,23.87,0.1,538.06
8006,338.04,101.34,0.0,2028.2400000000002
8007,291.79,-165.37,0.4,583.58
8008,165.67,-105.05,0.4,1988.04
8009,200.88,25.92,0.0,2410.56
8010,161.91,43.65,0.0,485.73
8011,256.74,110.34,0.0,513.48
8012,511.65,51.03,0.0,4604.849999999999
8013,252.05,-191.57,0.5,756.1500000000001
8014,282.24,70.56,0.2,1693.44
8015,609.4,65.98,0.17,3656.3999999999996
8016,83.73,10.73,0.002,83.73
8017,359.78,29.57,0.15,1079.34
8018,271.44,62.4,0.0,2171.52
8019,190.2,34.2,0.0,760.8
8020,135.56,28.7,0.15,271.12
8021,377.79,128.31,0.0,2644.53
8022,342.5,79.85,0.1,1712.5
8023,241.32,82.02,0.0,482.64
8024,118.27,-43.01,0.45,827.89
8025,137.54,16.58,0.1,1237.86
8026,194.29,-3.29,0.4,388.58
8027,195.26,60.74,0.1,781.04
8028,219.9,24.18,0.0,439.8
8029,167.22,58.5,0.0,1504.98
8030,678.75,72.93,0.07,1357.5
8031,216.33,-113.37,0.37,432.66
8032,382.21,41.35,0.002,1146.6299999999999
8033,268.24,93.88,0.2,1877.68
8034,119.94,15.99,0.4,1199.4
8035,165.12,19.8,0.0,660.48
8036,164.75,-18.31,0.1,988.5
8037,689.93,-41.59,0.17,2759.72
8038,183.42,10.98,0.0,366.84
8039,206.75,59.07,0.202,413.5
8040,136.58,-95.47,0.47,682.9000000000001
8041,173.79,53.82,0.0,521.37
8042,230.88,99.24,0.0,461.76
8043,161.31,20.15,0.2,161.31
8044,333.9,83.46,0.0,667.8
8045,69.52,17.38,0.0,139.04
8046,341.5,146.44,0.002,1024.5
8047,224.37,-80.82,0.5,673.11
8048,378.89,-94.75,0.4,757.78
8049,527.49,26.37,0.0,1582.47
8050,341.17,-7.61,0.1,682.34
8051,409.26,114.54,0.0,818.52
8052,991.2,257.71,0.0,5947.200000000001
8053,141.3,40.95,0.0,423.90000000000003
8054,470.39,202.28,0.07,1411.17
8055,306.99,-21.57,0.402,1227.96
8056,132.26,-68.38,0.4,264.52
8057,151.74,5.04,0.4,910.44
8058,262.65,31.5,0.0,1313.25
8059,136.62,12.24,0.0,273.24
8060,196.74,86.55,0.0,196.74
8061,247.86,59.46,0.0,495.72
8062,261.79,-170.21,0.4,1047.16
8063,824.22,304.92,0.0,2472.66
8064,479.98,161.99,0.2,1439.94
8065,111.0,24.36,0.0,444.0
8066,302.25,19.13,0.402,1209.0
8067,163.44,45.76,0.0,490.32
8068,144.9,14.46,0.0,289.8
8069,226.6,18.1,0.0,1133.0
8070,174.6,24.0,0.2,873.0
8071,66.7,-75.05,0.6,66.7
8072,255.84,46.02,0.0,767.52
8073,311.78,-45.79,0.25,935.3399999999999
8074,369.45,84.96,0.0,1108.35
8075,129.84,38.88,0.0,519.36
8076,261.12,67.84,0.0,1044.48
8077,135.67,-135.71,0.6,271.34
8078,148.05,60.6,0.0,740.25
8079,177.93,74.52,0.0,1601.3700000000001
8080,167.94,55.26,0.0,1007.64
8081,13.0,1.3,0.2,65.0
8082,289.98,-25.92,0.1,1739.88
8083,131.18,-180.4,0.6,787.08
8084,330.48,-313.98,0.6,991.44
8085,411.75,156.45,0.0,411.75
8086,245.88,44.22,0.0,737.64
8087,109.01,39.47,0.2,327.03000000000003
8088,339.12,135.6,0.1,1356.48
8089,809.11,287.68,0.1,5663.77
8090,229.3,45.8,0.0,1146.5
8091,172.62,0.0,0.0,517.86
8092,311.6,102.8,0.0,3116.0
8093,92.95,-1.61,0.4,278.85
8094,31.1,11.28,0.2,186.60000000000002
8095,467.04,70.0,0.2,3269.28
8096,612.36,-64.86,0.15,1224.72
8097,250.74,27.58,0.0,1755.18
8098,255.45,73.95,0.0,1277.25
8099,212.4,-140.22,0.5,637.2
8100,649.59,-10.44,0.37,4547.13
8101,190.62,66.66,0.0,381.24
8102,195.44,68.4,0.0,781.76
8103,109.08,25.32,0.1,872.64
8104,99.48,23.82,0.0,198.96
8105,225.36,8.88,0.0,1802.88
8106,159.3,3.98,0.2,318.6
8107,283.99,44.05,0.1,1703.94
8108,258.9,46.5,0.0,1294.5
8109,231.48,60.12,0.0,925.92
8110,273.2,-14.74,0.07,546.4
8111,211.97,-23.89,0.2,423.94
8112,280.44,131.76,0.0,1682.6399999999999
8113,171.42,34.26,0.0,342.84
8114,222.56,13.28,0.0,890.24
8115,446.58,14.82,0.1,1786.32
8116,598.68,196.74,0.002,1796.04
8117,283.2,48.12,0.0,566.4
8118,160.22,-28.06,0.2,320.44
8119,157.97,39.44,0.2,473.90999999999997
8120,164.13,43.74,0.1,164.13
8121,248.64,19.8,0.0,994.56
8122,195.12,23.4,0.0,780.48
8123,100.26,42.06,0.0,300.78000000000003
8124,263.31,5.25,0.0,263.31
8125,497.64,39.72,0.0,1990.56
8126,172.18,1.87,0.1,1205.26
8127,184.8,73.8,0.0,924.0
8128,51.47,-39.46,0.7,257.35
8129,321.75,-193.05,0.5,1608.75
8130,795.33,270.36,0.0,2385.9900000000002
8131,119.18,-143.08,0.6,238.36
8132,107.14,-60.74,0.4,214.28
8133,292.9,-170.9,0.4,1757.3999999999999
8134,291.96,137.16,0.0,1751.7599999999998
8135,214.14,87.78,0.0,428.28
8136,170.64,20.4,0.0,682.56
8137,516.66,46.44,0.0,1033.32
8138,260.5,-5.84,0.1,521.0
8139,228.78,36.6,0.0,457.56
8140,58.86,-19.14,0.6,58.86
8141,223.2,4.41,0.0,669.5999999999999
8142,293.04,40.92,0.0,1172.16
8143,204.15,53.07,0.0,204.15
8144,1252.35,437.55,0.17,6261.75
8145,84.65,-112.18,0.6,84.65
8146,214.92,-258.18,0.6,2149.2
8147,6.67,1.67,0.2,20.009999999999998
8148,211.8,69.72,0.15,423.6
8149,301.89,0.0,0.0,301.89
8150,868.59,251.89,0.0,2605.77
8151,222.02,81.35,0.1,666.0600000000001
8152,334.68,110.4,0.0,1338.72
8153,601.54,0.0,0.2,2406.16
8154,128.85,-74.85,0.5,644.25
8155,528.9,79.32,0.0,528.9
8156,221.4,92.88,0.0,1328.4
8157,152.1,-36.54,0.5,608.4
8158,217.32,4.32,0.0,434.64
8159,213.12,95.88,0.0,852.48
8160,394.07,75.02,0.37,1970.35
8161,62.16,24.84,0.0,62.16
8162,225.12,40.48,0.0,1800.96
8163,270.59,-0.01,0.1,541.18
8164,335.61,59.4,0.1,3691.71
8165,69.3,16.62,0.0,138.6
8166,76.8,12.48,0.2,153.6
8167,233.35,-33.41,0.3,700.05
8168,226.12,97.2,0.0,452.24
8169,314.16,94.08,0.0,2199.1200000000003
8170,95.94,34.5,0.0,287.82
8171,146.4,10.2,0.0,292.8
8172,202.2,70.68,0.0,808.8
8173,384.48,-123.12,0.25,4613.76
8174,37.44,16.85,0.0,224.64
8175,478.33,-31.91,0.1,1913.32
8176,132.56,-42.44,0.5,132.56
8177,641.4,-423.45,0.5,3207.0
8178,391.86,-45.74,0.4,1959.3000000000002
8179,476.36,15.83,0.1,1429.08
8180,293.58,108.57,0.0,2055.06
8181,283.26,-136.02,0.5,1133.04
8182,152.5,6.76,0.1,305.0
8183,421.96,143.36,0.0,5907.44
8184,232.08,48.72,0.0,1856.64
8185,29.34,13.5,0.0,88.02
8186,185.04,48.06,0.0,555.12
8187,517.92,243.42,0.0,1035.84
8188,336.06,57.12,0.0,672.12
8189,24.7,10.37,0.0,123.5
8190,238.5,7.02,0.0,1431.0
8191,118.67,18.95,0.25,712.02
8192,112.56,20.24,0.0,450.24
8193,1357.73,-325.88,0.5,6788.65
8194,340.62,74.76,0.0,2384.34
8195,764.8,135.88,0.1,4588.799999999999
8196,203.95,66.25,0.2,611.8499999999999
8197,109.8,43.92,0.0,219.6
8198,189.58,-82.22,0.4,758.32
8199,317.52,-119.16,0.6,1270.08
8200,106.92,34.2,0.0,213.84
8201,313.73,-40.6,0.15,941.19
8202,202.56,95.2,0.0,810.24
8203,357.68,14.24,0.0,1430.72
8204,246.69,-125.28,0.35,740.0699999999999
8205,153.41,15.17,0.1,920.46
8206,260.29,84.57,0.2,520.58
8207,1325.76,149.15,0.2,7954.5599999999995
8208,296.82,47.34,0.0,1780.92
8209,387.3,19.35,0.0,1936.5
8210,281.94,28.17,0.0,281.94
8211,180.14,36.02,0.1,360.28
8212,248.64,-79.68,0.5,1989.12
8213,13.36,6.41,0.0,26.72
8214,158.6,39.6,0.0,793.0
8215,217.7,94.31,0.1,217.7
8216,312.04,51.31,0.15,936.1200000000001
8217,117.48,19.96,0.0,117.48
8218,37.06,13.9,0.2,111.18
8219,207.17,-20.75,0.4,414.34
8220,144.99,12.96,0.0,434.97
8221,172.53,86.25,0.0,172.53
8222,133.2,61.26,0.0,133.2
8223,207.65,-152.31,0.7,415.3
8224,251.7,15.0,0.0,1258.5
8225,164.46,0.0,0.0,493.38
8226,157.95,15.66,0.1,1421.55
8227,336.48,114.36,0.0,672.96
8228,101.58,13.2,0.0,203.16
8229,259.47,34.59,0.25,518.94
8230,220.08,17.58,0.0,440.16
8231,151.55,18.59,0.27,606.2
8232,396.0,130.56,0.0,3168.0
8233,146.88,2.88,0.0,440.64
8234,1584.08,-102.22,0.07,11088.56
8235,528.74,6.14,0.15,2643.7
8236,1758.0,70.32,0.0,7032.0
8237,1614.58,-1237.85,0.7,9687.48
8238,499.56,89.91,0.0,499.56
8239,512.28,86.94,0.0,4610.5199999999995
8240,359.85,79.14,0.0,359.85
8241,383.9,-831.82,0.7,1535.6
8242,171.18,35.82,0.0,1027.08
8243,520.38,150.84,0.0,1561.1399999999999
8244,191.49,47.85,0.0,191.49
8245,11.91,0.12,0.0,35.730000000000004
8246,297.18,44.73,0.27,1485.9
8247,155.52,44.82,0.1,1399.68
8248,459.0,215.73,0.0,459.0
8249,389.79,11.67,0.0,389.79
8250,168.6,79.23,0.0,168.6
8251,172.98,20.73,0.0,172.98
8252,336.8,-33.68,0.2,673.6
8253,481.68,178.2,0.0,963.36
8254,375.41,-36.07,0.27,2252.46
8255,379.04,63.14,0.4,758.08
8256,12.13,-20.62,0.8,48.52
8257,5.64,2.71,0.0,16.919999999999998
8258,449.91,157.47,0.0,4049.19
8259,431.22,-41.58,0.17,862.44
8260,406.44,20.28,0.0,1219.32
8261,292.64,105.28,0.0,1170.56
8262,116.04,12.72,0.0,464.16
8263,312.21,62.43,0.0,312.21
8264,113.76,1.08,0.0,227.52
8265,190.88,-32.56,0.402,381.76
8266,87.96,35.16,0.0,263.88
8267,229.2,68.76,0.0,687.5999999999999
8268,511.06,-95.82,0.2,4599.54
8269,207.81,-24.99,0.5,415.62
8270,156.82,-177.98,0.7,1881.84
8271,252.41,34.89,0.002,504.82
8272,364.74,47.4,0.0,1094.22
8273,238.5,7.02,0.0,1431.0
8274,269.19,32.79,0.1,1345.95
8275,99.96,46.98,0.0,199.92
8276,147.04,-3.76,0.2,735.1999999999999
8277,277.04,20.0,0.17,554.08
8278,100.92,25.2,0.0,605.52
8279,229.74,64.26,0.0,1608.18
8280,161.6,30.44,0.002,323.2
8281,117.12,5.76,0.0,468.48
8282,300.51,50.07,0.1,601.02
8283,201.24,30.12,0.0,1207.44
8284,148.17,53.34,0.0,148.17
8285,519.33,98.67,0.0,519.33
8286,248.3,124.1,0.0,1241.5
8287,57.75,13.8,0.0,288.75
8288,98.64,13.8,0.0,197.28
8289,263.64,0.0,0.0,263.64
8290,319.98,143.97,0.0,319.98
8291,495.51,-79.29,0.5,991.02
8292,175.52,-15.38,0.2,877.6
8293,163.2,50.5,0.0,816.0
8294,220.78,-44.16,0.2,662.34
8295,261.48,99.36,0.0,1045.92
8296,301.47,-241.18,0.5,904.4100000000001
8297,256.86,2.52,0.0,513.72
8298,235.05,82.2,0.0,1175.25
8299,644.88,309.48,0.0,2579.52
8300,385.02,127.02,0.0,770.04
8301,61.64,22.8,0.0,123.28
8302,349.02,65.74,0.002,698.04
8303,314.26,-33.32,0.15,942.78
8304,267.96,15.96,0.0,1875.7199999999998
8305,64.0,19.2,0.0,128.0
8306,141.63,36.81,0.0,141.63
8307,346.63,145.15,0.002,693.26
8308,415.62,8.28,0.0,1246.8600000000001
8309,274.68,137.34,0.0,549.36
8310,204.62,-23.94,0.4,818.48
8311,162.4,-23.54,0.17,487.20000000000005
8312,130.92,-147.3,0.6,261.84
8313,519.33,98.67,0.0,519.33
8314,107.82,-58.26,0.5,431.28
8315,159.41,-47.83,0.6,478.23
8316,656.6,223.2,0.0,3283.0
8317,335.58,81.78,0.1,3020.22
8318,4242.36,459.96,0.17,33938.88
8319,281.95,-554.51,0.7,563.9
8320,149.51,-32.41,0.4,448.53
8321,221.7,68.7,0.0,1108.5
8322,279.0,16.74,0.0,837.0
8323,344.64,165.42,0.0,1033.92
8324,384.19,-413.09,0.6,3073.52
8325,324.45,68.13,0.0,973.3499999999999
8326,220.36,36.22,0.27,1322.16
8327,18.0,3.24,0.0,18.0
8328,351.94,-70.46,0.2,1407.76
8329,483.2,-579.9,0.6,2416.0
8330,156.88,32.88,0.0,627.52
8331,411.93,164.7,0.0,1235.79
8332,8.76,4.2,0.0,17.52
8333,312.18,146.52,0.0,3433.98
8334,348.03,16.74,0.17,1044.09
8335,463.2,120.3,0.0,4632.0
8336,366.66,56.91,0.1,1833.3000000000002
8337,641.84,241.52,0.15,3851.04
8338,151.04,42.28,0.0,302.08
8339,447.74,178.54,0.002,1790.96
8340,553.2,60.84,0.0,1106.4
8341,215.1,30.06,0.0,1290.6
8342,296.35,95.38,0.1,2074.4500000000003
8343,123.75,32.79,0.17,247.5
8344,518.67,124.47,0.0,1556.0099999999998
8345,338.4,64.26,0.0,1015.1999999999999
8346,327.3,49.08,0.0,654.6
8347,231.53,79.7,0.1,1620.71
8348,299.16,0.0,0.0,1794.96
8349,390.42,27.27,0.0,1171.26
8350,158.76,55.44,0.0,952.56
8351,484.51,151.03,0.07,969.02
8352,69.6,5.52,0.0,556.8
8353,154.22,5.12,0.1,154.22
8354,247.21,-27.47,0.1,494.42
8355,115.5,32.34,0.0,346.5
8356,367.47,14.58,0.0,3307.2300000000005
8357,205.86,5.1,0.2,1441.02
8358,334.8,-189.72,0.4,2008.8000000000002
8359,312.09,21.84,0.0,312.09
8360,152.96,-99.46,0.4,305.92
8361,104.16,35.4,0.0,416.64
8362,313.74,15.12,0.17,941.22
8363,110.64,37.6,0.0,221.28
8364,232.08,55.68,0.0,928.32
8365,259.88,95.18,0.1,1299.4
8366,47.58,-2.97,0.2,95.16
8367,130.25,31.61,0.1,1042.0
8368,37.61,12.69,0.2,112.83
8369,380.1,22.8,0.0,380.1
8370,230.48,96.8,0.0,460.96
8371,198.64,51.64,0.0,397.28
8372,221.54,26.69,0.17,221.54
8373,441.77,73.58,0.1,1325.31
8374,293.44,67.44,0.0,1173.76
8375,304.88,50.72,0.1,1829.28
8376,1202.94,300.74,0.0,3608.82
8377,120.78,13.59,0.2,120.78
8378,444.88,17.76,0.0,1779.52
8379,363.06,32.67,0.0,1089.18
8380,295.65,26.58,0.0,295.65
8381,75.69,-121.11,0.7,151.38
8382,234.92,32.76,0.0,1644.4399999999998
8383,213.14,23.98,0.2,1491.98
8384,730.62,102.06,0.07,2191.86
8385,581.55,261.6,0.0,2907.75
8386,371.7,43.32,0.4,743.4
8387,299.05,-3.35,0.1,598.1
8388,61.79,6.18,0.2,247.16
8389,387.63,3.87,0.0,387.63
8390,255.84,46.02,0.0,511.68
8391,307.73,100.01,0.2,1846.38
8392,284.88,59.76,0.0,1139.52
8393,140.74,12.31,0.2,562.96
8394,207.18,33.12,0.0,414.36
8395,103.37,-28.33,0.45,516.85
8396,92.16,27.63,0.0,276.48
8397,340.26,32.73,0.17,1020.78
8398,275.58,-231.54,0.5,1102.32
8399,1228.0,-36.12,0.32,7368.0
8400,244.89,65.88,0.0,2204.0099999999998
8401,481.57,54.18,0.2,963.14
8402,169.8,37.35,0.0,849.0
8403,438.56,157.84,0.0,1754.24
8404,719.95,72.0,0.2,4319.700000000001
8405,243.15,29.1,0.0,1215.75
8406,160.99,-18.83,0.4,482.97
8407,328.61,49.29,0.4,657.22
8408,213.19,64.21,0.17,426.38
8409,311.47,-643.73,0.7,622.94
8410,460.51,119.95,0.202,2763.06
8411,413.82,-372.6,0.5,2482.92
8412,199.28,89.64,0.0,398.56
8413,241.05,79.5,0.0,1205.25
8414,115.44,10.14,0.0,1500.72
8415,12.35,5.8,0.0,61.75
8416,246.66,69.06,0.0,493.32
8417,260.52,96.36,0.0,1563.12
8418,537.0,144.96,0.0,1074.0
8419,325.44,123.66,0.0,1952.6399999999999
8420,856.66,107.08,0.2,5139.96
8421,253.7,-34.82,0.402,507.4
8422,439.5,-404.34,0.5,879.0
8423,620.42,218.87,0.15,3102.1
8424,167.98,10.5,0.2,503.93999999999994
8425,142.56,1.4,0.0,285.12
8426,285.06,5.7,0.0,570.12
8427,248.78,70.22,0.15,1492.68
8428,166.05,18.18,0.0,498.15000000000003
8429,220.27,-42.11,0.32,881.08
8430,332.7,33.27,0.2,332.7
8431,275.13,16.47,0.0,825.39
8432,105.48,21.0,0.0,421.92
8433,61.29,21.45,0.0,61.29
8434,82.83,-2.31,0.27,165.66
8435,342.5,27.32,0.25,2055.0
8436,264.9,2.55,0.0,1324.5
8437,148.5,4.32,0.0,1336.5
8438,152.1,53.1,0.0,1368.8999999999999
8439,243.44,29.2,0.0,973.76
8440,323.46,138.96,0.0,1940.7599999999998
8441,151.46,-41.68,0.6,151.46
8442,414.03,169.74,0.0,414.03
8443,161.6,30.44,0.002,323.2
8444,142.76,45.68,0.0,285.52
8445,94.13,-29.87,0.4,376.52
8446,770.38,232.0,0.17,2311.14
8447,143.26,-85.98,0.6,286.52
8448,252.94,87.1,0.1,1011.76
8449,345.28,117.36,0.0,690.56
8450,378.45,34.05,0.0,378.45
8451,295.92,133.02,0.0,2663.28
8452,249.72,-33.38,0.4,1248.6
8453,408.72,118.32,0.0,3269.76
8454,170.76,61.44,0.0,341.52
8455,910.75,-637.61,0.6,3643.0
8456,153.12,4.59,0.0,153.12
8457,340.38,112.32,0.0,1021.14
8458,139.65,15.3,0.0,698.25
8459,354.32,63.76,0.0,1417.28
8460,151.94,17.06,0.2,303.88
8461,194.8,-190.13,0.6,1363.6000000000001
8462,109.38,14.16,0.0,218.76
8463,364.65,149.4,0.0,1823.25
8464,488.32,150.62,0.002,2441.6
8465,78.57,-6.18,0.1,392.84999999999997
8466,31.09,-20.72,0.7,93.27
8467,509.88,71.19,0.0,3569.16
8468,533.22,-153.42,0.27,2132.88
8469,361.56,43.38,0.0,361.56
8470,186.84,29.88,0.0,747.36
8471,451.61,-74.42,0.15,903.22
8472,184.92,24.03,0.0,184.92
8473,109.38,42.6,0.0,328.14
8474,166.08,53.04,0.0,664.32
8475,317.14,-35.24,0.1,634.28
8476,204.15,53.07,0.0,204.15
8477,266.4,47.94,0.0,532.8
8478,354.94,70.81,0.1,2484.58
8479,399.65,-419.65,0.6,799.3
8480,278.3,-278.38,0.6,1113.2
8481,41.38,3.1,0.2,248.28000000000003
8482,179.86,2.98,0.4,719.44
8483,168.4,3.3,0.0,842.0
8484,80.0,16.0,0.0,160.0
8485,315.36,15.66,0.0,1892.16
8486,106.32,34.02,0.0,212.64
8487,484.6,102.28,0.1,1938.4
8488,132.26,6.58,0.2,264.52
8489,262.86,21.0,0.0,525.72
8490,207.85,2.31,0.1,623.55
8491,156.25,24.22,0.1,468.75
8492,356.41,79.66,0.15,1069.23
8493,174.91,52.45,0.1,349.82
8494,179.71,-15.05,0.4,1078.26
8495,117.36,-72.48,0.4,469.44
8496,120.02,32.99,0.2,360.06
8497,80.43,-2.03,0.2,80.43
8498,178.88,19.88,0.1,894.4
8499,142.5,14.25,0.0,712.5
8500,256.56,107.73,0.0,256.56
8501,190.44,36.12,0.0,761.76
8502,14.5,4.89,0.2,43.5
8503,212.1,80.58,0.0,212.1
8504,155.07,60.39,0.0,465.21
8505,117.9,55.4,0.0,589.5
8506,225.33,11.13,0.0,1577.3100000000002
8507,303.66,57.66,0.0,607.32
8508,273.36,-87.48,0.5,1093.44
8509,243.18,-44.62,0.4,1215.9
8510,305.37,85.5,0.0,305.37
8511,261.03,39.15,0.0,261.03
8512,12.48,5.62,0.0,24.96
8513,90.3,38.82,0.0,180.6
8514,182.3,-82.06,0.4,546.9000000000001
8515,153.42,-52.26,0.5,613.68
8516,440.96,-44.2,0.1,1763.84
8517,226.56,98.13,0.1,679.6800000000001
8518,368.35,18.39,0.4,736.7
8519,259.76,72.32,0.002,779.28
8520,183.36,22.92,0.2,550.08
8521,199.26,2.1,0.1,797.04
8522,203.14,89.32,0.0,1421.98
8523,273.66,6.82,0.2,547.32
8524,342.63,72.33,0.1,1713.15
8525,348.66,142.92,0.0,697.32
8526,1.94,-1.29,0.7,1.94
8527,289.2,83.87,0.0,1735.1999999999998
8528,304.38,97.38,0.0,1826.28
8529,186.79,8.29,0.1,373.58
8530,397.44,15.84,0.0,1192.32
8531,121.78,30.45,0.0,243.56
8532,416.75,99.86,0.25,2917.25
8533,339.69,32.73,0.17,679.38
8534,315.87,28.41,0.0,315.87
8535,95.64,-14.46,0.2,478.2
8536,362.23,-4.07,0.1,1086.69
8537,476.76,78.36,0.27,2383.8
8538,162.84,76.5,0.0,325.68
8539,119.27,38.75,0.17,238.54
8540,255.74,-28.42,0.1,1022.96
8541,382.21,41.35,0.002,1146.6299999999999
8542,235.02,-44.08,0.2,235.02
8543,364.43,-546.73,0.7,1457.72
8544,631.07,-23.95,0.47,3786.42
8545,198.24,-17.36,0.2,1387.68
8546,636.36,203.58,0.0,1272.72
8547,90.94,4.54,0.4,272.82
8548,904.9,253.37,0.0,4524.5
8549,421.37,-6.02,0.3,842.74
8550,293.52,129.12,0.0,587.04
8551,134.29,45.32,0.2,268.58
8552,325.8,48.87,0.0,977.4000000000001
8553,198.58,37.18,0.2,595.74
8554,109.32,12.0,0.0,437.28
8555,41.96,10.91,0.0,83.92
8556,208.55,48.59,0.1,834.2
8557,341.52,129.0,0.1,2390.64
8558,311.01,102.48,0.0,2177.0699999999997
8559,216.0,64.8,0.1,432.0
8560,409.26,114.54,0.0,818.52
8561,83.88,41.04,0.0,251.64
8562,53.9,25.87,0.0,269.5
8563,296.88,47.46,0.0,593.76
8564,308.7,77.04,0.0,1852.1999999999998
8565,170.52,56.24,0.0,341.04
8566,337.2,151.74,0.0,674.4
8567,194.64,9.72,0.0,778.56
8568,196.78,-10.94,0.1,787.12
8569,138.48,5.52,0.0,138.48
8570,145.5,-128.04,0.5,291.0
8571,214.2,64.2,0.0,856.8
8572,124.59,36.12,0.0,124.59
8573,146.48,17.75,0.1,1025.36
8574,131.27,-2.95,0.1,262.54
8575,4.36,0.17,0.0,8.72
8576,462.13,169.33,0.1,1848.52
8577,294.08,64.64,0.0,2352.64
8578,244.98,-147.12,0.4,2449.7999999999997
8579,260.35,-48.85,0.2,1041.4
8580,139.56,55.8,0.0,558.24
8581,105.84,43.38,0.0,211.68
8582,170.46,25.56,0.0,511.38
8583,115.38,5.76,0.0,230.76
8584,395.82,39.54,0.0,791.64
8585,296.23,-296.27,0.7,888.69
8586,435.99,178.74,0.0,435.99
8587,321.02,64.12,0.0,2247.14
8588,302.63,-36.37,0.5,1513.15
8589,218.39,-12.01,0.27,1310.34
8590,242.64,-18.26,0.2,1213.1999999999998
8591,237.42,90.18,0.0,1424.52
8592,347.44,16.24,0.15,1737.2
8593,575.88,0.0,0.0,2303.52
8594,248.82,19.86,0.0,497.64
8595,462.13,-0.11,0.1,1848.52
8596,253.5,4.95,0.0,1267.5
8597,48.39,15.0,0.0,48.39
8598,19.44,9.53,0.0,58.32000000000001
8599,416.7,174.9,0.0,2083.5
8600,291.06,72.72,0.0,1746.3600000000001
8601,193.68,11.52,0.0,774.72
8602,100.92,9.06,0.0,302.76
8603,1295.28,504.96,0.0,10362.24
8604,255.74,17.0,0.1,511.48
8605,118.68,8.28,0.0,474.72
8606,459.39,0.0,0.0,459.39
8607,23.12,8.38,0.2,115.60000000000001
8608,467.04,58.38,0.2,1868.16
8609,330.24,22.0,0.4,1320.96
8610,298.62,44.73,0.0,2090.34
8611,162.06,40.5,0.0,486.18
8612,621.76,46.63,0.2,2487.04
8613,254.88,40.77,0.0,764.64
8614,94.8,0.0,0.0,379.2
8615,895.94,190.39,0.2,6271.58
8616,132.59,11.09,0.17,662.95
8617,121.31,48.11,0.17,970.48
8618,95.28,31.44,0.0,190.56
8619,348.81,156.87,0.0,2441.67
8620,1386.63,360.36,0.0,9706.41
8621,508.77,38.16,0.2,2035.08
8622,87.28,41.02,0.0,698.24
8623,339.52,-59.44,0.2,679.04
8624,183.76,-275.63,0.6,183.76
8625,357.76,58.06,0.2,1788.8
8626,154.89,26.28,0.0,464.66999999999996
8627,11.81,4.13,0.2,35.43
8628,274.68,137.34,0.0,549.36
8629,486.6,228.6,0.0,4866.0
8630,21.88,10.94,0.0,43.76
8631,180.0,34.2,0.0,1080.0
8632,281.34,-168.86,0.4,1406.6999999999998
8633,348.32,-56.68,0.2,1741.6
8634,840.15,142.8,0.0,4200.75
8635,299.05,9.91,0.1,598.1
8636,46.31,16.91,0.1,231.55
8637,255.17,38.21,0.4,2041.36
8638,515.86,-773.84,0.7,1547.58
8639,380.54,-52.24,0.402,1141.6200000000001
8640,190.17,68.4,0.0,570.51
8641,403.34,120.22,0.202,1613.36
8642,163.62,78.48,0.0,490.86
8643,109.74,35.1,0.0,109.74
8644,246.56,17.24,0.0,493.12
8645,218.4,89.46,0.0,1528.8
8646,342.08,0.0,0.0,684.16
8647,243.81,39.61,0.2,243.81
8648,205.68,18.48,0.0,822.72
8649,287.85,28.77,0.1,287.85
8650,102.62,-30.8,0.4,102.62
8651,212.64,84.96,0.0,1275.84
8652,278.28,27.72,0.0,1669.6799999999998
8653,5.46,1.47,0.0,16.38
8654,228.84,-73.5,0.402,686.52
8655,252.3,55.5,0.0,504.6
8656,663.88,81.82,0.27,1327.76
8657,381.76,87.76,0.0,1527.04
8658,132.03,54.09,0.0,396.09000000000003
8659,427.68,37.98,0.1,855.36
8660,204.12,59.01,0.0,1428.8400000000001
8661,175.92,-215.52,0.6,703.68
8662,497.16,154.08,0.0,1988.64
8663,81.41,19.76,0.1,407.04999999999995
8664,170.19,27.21,0.0,170.19
8665,84.84,11.58,0.27,169.68
8666,340.48,12.25,0.17,1021.44
8667,558.4,41.88,0.2,1116.8
8668,338.4,138.72,0.0,676.8
8669,342.09,153.93,0.0,2394.6299999999997
8670,321.84,67.92,0.1,2574.72
8671,143.4,51.6,0.0,717.0
8672,210.39,-336.63,0.8,420.78
8673,272.28,100.68,0.0,1089.12
8674,259.05,124.2,0.0,1295.25
8675,231.6,60.15,0.0,1158.0
8676,144.99,-52.38,0.5,1304.91
8677,339.89,-24.62,0.17,1019.67
8678,133.02,2.61,0.0,399.06000000000006
8679,818.28,171.72,0.0,4909.68
8680,195.39,-117.36,0.4,976.9499999999999
8681,87.12,22.62,0.0,174.24
8682,229.44,0.0,0.2,688.3199999999999
8683,375.49,18.05,0.002,1501.96
8684,150.8,51.2,0.0,754.0
8685,165.41,14.45,0.2,496.23
8686,94.5,42.48,0.0,567.0
8687,244.14,82.98,0.0,488.28
8688,333.84,56.64,0.0,1335.36
8689,281.04,5.52,0.0,1686.2400000000002
8690,231.46,23.14,0.2,694.38
8691,17.9,8.77,0.0,89.5
8692,720.36,0.0,0.0,4322.16
8693,464.8,148.7,0.0,2324.0
8694,203.22,46.71,0.0,609.66
8695,583.87,-14.63,0.2,1751.6100000000001
8696,157.95,69.48,0.0,473.84999999999997
8697,328.61,-139.69,0.6,657.22
8698,474.0,9.36,0.0,3792.0
8699,330.97,73.39,0.1,1985.8200000000002
8700,231.84,71.76,0.0,927.36
8701,261.63,-29.07,0.1,1569.78
8702,344.91,10.35,0.0,1034.73
8703,511.68,92.04,0.0,2046.72
8704,245.13,44.1,0.0,245.13
8705,296.34,106.68,0.0,592.68
8706,148.88,14.87,0.1,446.64
8707,89.07,-17.03,0.32,89.07
8708,319.98,143.97,0.0,319.98
8709,378.45,34.05,0.0,378.45
8710,324.22,-25.22,0.1,648.44
8711,320.45,108.05,0.2,1922.6999999999998
8712,142.68,19.92,0.0,285.36
8713,485.69,8.75,0.002,1457.07
8714,81.11,-42.01,0.4,729.99
8715,73.2,-11.76,0.5,146.4
8716,387.0,46.44,0.0,1161.0
8717,92.3,7.3,0.0,461.5
8718,200.02,6.58,0.4,800.08
8719,255.78,30.66,0.0,511.56
8720,231.6,34.65,0.0,1158.0
8721,455.87,45.56,0.1,1367.6100000000001
8722,139.32,13.86,0.0,417.96
8723,149.9,23.54,0.3,299.8
8724,277.56,61.56,0.1,1387.8
8725,380.7,-335.16,0.5,2284.2
8726,190.86,-267.24,0.7,190.86
8727,504.71,67.04,0.1,4542.389999999999
8728,170.88,49.56,0.0,512.64
8729,225.6,42.84,0.0,451.2
8730,109.67,-7.33,0.1,658.02
8731,89.73,35.82,0.0,269.19
8732,103.26,17.52,0.0,206.52
8733,69.0,15.84,0.0,138.0
8734,124.06,-26.9,0.4,372.18
8735,471.9,155.73,0.0,2831.3999999999996
8736,131.92,46.9,0.1,263.84
8737,171.51,58.29,0.0,171.51
8738,191.88,19.19,0.0,1151.28
8739,282.66,93.24,0.0,3957.2400000000002
8740,3916.08,1252.98,0.0,23496.48
8741,535.35,230.1,0.0,2676.75
8742,340.62,160.02,0.0,2384.34
8743,91.95,4.5,0.0,459.75
8744,30.02,3.0,0.2,120.08
8745,442.94,177.08,0.15,2657.64
8746,165.88,79.6,0.0,331.76
8747,164.32,-1.88,0.1,328.64
8748,270.27,10.8,0.0,270.27
8749,165.24,52.65,0.0,1487.16
8750,5.04,1.76,0.2,10.08
8751,115.8,55.5,0.0,579.0
8752,378.39,185.4,0.0,378.39
8753,233.76,30.24,0.0,1870.08
8754,416.72,93.14,0.15,833.44
8755,122.0,15.84,0.0,488.0
8756,71.98,7.2,0.2,215.94
8757,279.34,70.69,0.25,1396.6999999999998
8758,395.4,181.8,0.0,3954.0
8759,237.49,-118.79,0.4,474.98
8760,404.83,-182.21,0.6,3238.64
8761,224.82,6.72,0.0,449.64
8762,99.66,6.96,0.0,199.32
8763,438.96,140.4,0.0,1755.84
8764,652.45,-430.62,0.5,3262.25
8765,137.78,-75.82,0.6,275.56
8766,177.96,-124.59,0.6,177.96
8767,227.28,34.08,0.0,909.12
8768,390.58,30.31,0.1,1171.74
8769,73.26,10.98,0.0,73.26
8770,352.38,21.0,0.0,2466.66
8771,320.46,26.37,0.15,320.46
8772,175.83,8.79,0.0,175.83
8773,237.33,47.25,0.0,2135.9700000000003
8774,136.49,37.85,0.1,409.47
8775,286.3,-83.69,0.35,858.9000000000001
8776,13.12,2.13,0.2,65.6
8777,197.37,43.2,0.0,1776.33
8778,231.08,46.13,0.3,693.24
8779,284.16,113.64,0.0,852.48
8780,424.2,135.72,0.0,1272.6
8781,130.1,1.58,0.2,390.29999999999995
8782,121.05,-14.55,0.5,242.1
8783,104.4,27.12,0.0,417.6
8784,215.64,47.4,0.0,862.56
8785,289.3,-102.62,0.402,867.9000000000001
8786,1171.53,195.18,0.1,5857.65
8787,187.06,11.69,0.2,1683.54
8788,119.68,55.04,0.0,478.72
8789,104.98,39.64,0.1,209.96
8790,97.68,13.62,0.0,195.36
8791,113.82,56.88,0.0,341.46
8792,227.52,2.16,0.0,910.08
8793,167.82,30.18,0.0,335.64
8794,356.24,-178.18,0.4,1068.72
8795,289.97,-164.47,0.4,4059.5800000000004
8796,135.48,17.58,0.0,406.43999999999994
8797,12.29,-8.61,0.7,12.29
8798,32.76,3.69,0.2,229.32
8799,217.2,21.6,0.0,1086.0
8800,135.63,40.68,0.0,406.89
8801,604.5,36.15,0.0,3022.5
8802,371.27,-61.93,0.4,1113.81
8803,458.98,-11.56,0.2,3212.86
8804,1704.89,767.2,0.0,18753.79
8805,243.81,121.86,0.0,731.4300000000001
8806,158.98,-95.42,0.4,317.96
8807,324.06,9.72,0.0,648.12
8808,402.96,-725.36,0.7,1611.84
8809,122.52,4.89,0.0,122.52
8810,354.12,14.16,0.0,1416.48
8811,211.68,68.13,0.1,1058.4
8812,244.8,88.05,0.0,1224.0
8813,522.72,214.29,0.0,1568.16
8814,276.24,55.24,0.2,1381.2
8815,1036.8,20.7,0.0,5184.0
8816,199.32,13.92,0.0,797.28
8817,304.3,36.5,0.0,1521.5
8818,265.26,50.34,0.0,795.78
8819,162.58,-117.92,0.6,325.16
8820,266.35,13.32,0.2,799.0500000000001
8821,257.76,97.92,0.0,773.28
8822,130.21,-21.71,0.4,260.42
8823,254.88,109.53,0.0,764.64
8824,222.26,60.14,0.15,889.04
8825,454.41,126.18,0.1,1363.23
8826,307.05,-73.11,0.37,614.1
8827,308.26,95.74,0.1,2157.8199999999997
8828,206.92,76.44,0.0,1448.4399999999998
8829,115.36,49.6,0.0,807.52
8830,204.23,-8.17,0.5,1021.15
8831,323.79,5.83,0.002,647.58
8832,65.4,19.5,0.0,654.0
8833,362.85,130.62,0.0,362.85
8834,102.08,39.8,0.0,102.08
8835,495.99,238.05,0.0,495.99
8836,316.31,-241.55,0.45,1581.55
8837,385.56,89.88,0.1,2698.92
8838,464.5,199.7,0.0,2322.5
8839,224.35,1.79,0.002,448.7
8840,826.56,148.74,0.0,2479.68
8841,275.71,-255.05,0.6,1102.84
8842,5.33,-3.55,0.7,10.66
8843,327.0,88.26,0.0,654.0
8844,178.09,22.96,0.07,178.09
8845,205.8,51.36,0.0,823.2
8846,2.48,0.87,0.0,2.48
8847,1439.98,192.0,0.4,5759.92
8848,326.36,43.22,0.17,979.08
8849,193.56,7.68,0.0,1161.3600000000001
8850,182.3,-82.06,0.4,546.9000000000001
8851,146.82,73.41,0.0,440.46
8852,27.2,2.04,0.2,108.8
8853,92.94,41.82,0.0,278.82
8854,2951.44,226.96,0.35,35417.28
8855,190.84,-2.12,0.1,763.36
8856,350.85,70.13,0.2,1403.4
8857,465.24,209.28,0.0,1860.96
8858,153.45,70.29,0.0,1687.9499999999998
8859,109.94,-17.6,0.5,329.82
8860,237.53,-150.49,0.4,712.59
8861,235.19,-43.12,0.4,470.38
8862,338.69,30.05,0.1,2709.52
8863,535.78,65.92,0.35,1071.56
8864,220.56,41.88,0.0,882.24
8865,206.99,-207.01,0.6,206.99
8866,562.29,-255.59,0.45,3936.0299999999997
8867,275.94,135.03,0.0,1931.58
8868,81.9,3.24,0.0,245.70000000000002
8869,140.62,6.22,0.1,281.24
8870,167.8,23.4,0.0,839.0
8871,236.38,11.8,0.4,472.76
8872,111.67,6.98,0.2,1005.03
8873,154.6,20.0,0.0,773.0
8874,284.07,100.23,0.15,568.14
8875,555.06,10.89,0.0,6105.66
8876,227.66,97.62,0.002,455.32
8877,121.32,16.96,0.0,242.64
8878,340.26,32.73,0.17,1020.78
8879,204.18,12.24,0.0,204.18
8880,394.96,21.91,0.1,1184.8799999999999
8881,413.0,136.28,0.0,826.0
8882,459.16,-77.48,0.17,918.32
8883,209.01,-20.07,0.27,418.02
8884,366.72,113.64,0.0,1100.16
8885,329.28,95.34,0.0,2304.96
8886,33.57,11.75,0.2,67.14
8887,636.15,311.7,0.0,636.15
8888,194.2,-36.29,0.25,582.5999999999999
8889,32.34,15.52,0.0,97.02000000000001
8890,286.74,8.58,0.0,860.22
8891,174.33,71.46,0.0,174.33
8892,545.4,60.6,0.1,2181.6
8893,665.1,212.82,0.0,1330.2
8894,86.35,8.64,0.2,518.0999999999999
8895,319.68,159.84,0.0,1918.08
8896,223.83,67.08,0.1,1119.15
8897,566.52,130.26,0.0,1699.56
8898,1139.92,284.98,0.0,4559.68
8899,518.5,12.94,0.2,2074.0
8900,104.16,17.68,0.0,208.32
8901,455.97,-106.39,0.4,2279.8500000000004
8902,559.79,99.44,0.1,1679.37
8903,159.92,31.98,0.0,639.68
8904,199.9,83.94,0.0,199.9
8905,845.02,84.4,0.1,5915.139999999999
8906,201.69,88.56,0.0,1815.21
8907,147.66,4.83,0.1,442.98
8908,276.16,5.44,0.0,2209.28
8909,332.53,18.22,0.27,332.53
8910,463.44,120.48,0.0,1853.76
8911,517.5,-189.8,0.4,2587.5
8912,344.4,82.56,0.0,2755.2
8913,210.29,-73.63,0.4,841.16
8914,721.4,33.95,0.15,3607.0
8915,142.07,14.18,0.1,426.21
8916,199.53,15.93,0.0,598.59
8917,705.4,21.1,0.0,3527.0
8918,61.57,4.62,0.2,123.14
8919,132.77,-146.11,0.6,531.08
8920,59.99,21.6,0.0,419.93
8921,496.44,228.36,0.0,1985.76
8922,341.46,105.84,0.0,1024.3799999999999
8923,418.8,175.88,0.0,837.6
8924,366.0,168.24,0.0,2928.0
8925,27.38,2.74,0.2,191.66
8926,256.23,56.88,0.1,1281.15
8927,212.59,-77.97,0.4,850.36
8928,111.75,-69.3,0.5,558.75
8929,165.18,52.8,0.0,330.36
8930,225.6,42.84,0.0,451.2
8931,731.47,118.83,0.2,5120.29
8932,223.5,42.45,0.0,1117.5
8933,59.72,-33.88,0.4,358.32
8934,111.24,11.07,0.0,1001.16
8935,313.95,-238.68,0.5,4081.35
8936,410.22,135.36,0.0,410.22
8937,157.8,9.36,0.0,631.2
8938,480.69,0.0,0.5,3364.83
8939,107.24,-2.44,0.1,428.96
8940,90.3,31.6,0.0,451.5
8941,115.96,32.46,0.0,115.96
8942,360.24,104.46,0.0,1080.72
8943,303.0,81.78,0.0,909.0
8944,141.7,18.82,0.1,566.8
8945,238.79,84.89,0.1,716.37
8946,333.78,50.04,0.0,667.56
8947,504.6,20.16,0.0,3027.6000000000004
8948,455.66,-307.6,0.6,1366.98
8949,281.04,5.52,0.0,1686.2400000000002
8950,260.49,31.23,0.0,260.49
8951,170.15,-43.07,0.202,170.15
8952,492.62,-468.02,0.6,985.24
8953,286.8,-95.6,0.4,1434.0
8954,621.18,236.04,0.0,1242.36
8955,312.12,-280.92,0.6,936.36
8956,242.64,67.92,0.0,727.92
8957,329.22,105.3,0.0,987.6600000000001
8958,11.76,5.76,0.0,23.52
8959,332.28,29.88,0.0,664.56
8960,507.6,208.08,0.0,1522.8000000000002
8961,124.59,39.57,0.15,249.18
8962,364.32,18.21,0.0,364.32
8963,59.81,19.44,0.2,179.43
8964,526.41,188.79,0.002,1579.23
8965,303.3,60.66,0.0,2729.7000000000003
8966,187.08,80.4,0.0,748.32
8967,133.5,37.35,0.0,667.5
8968,532.56,85.2,0.0,4260.48
8969,298.68,65.7,0.0,896.04
8970,266.36,115.31,0.1,1331.8000000000002
8971,362.95,-60.53,0.4,1088.85
8972,464.46,162.48,0.2,3251.22
8973,509.87,90.59,0.1,2039.48
8974,344.37,6.21,0.002,1033.1100000000001
8975,470.88,0.0,0.2,1412.6399999999999
8976,487.88,97.56,0.0,975.76
8977,125.42,27.77,0.1,627.1
8978,347.22,72.9,0.0,3124.9800000000005
8979,138.16,44.16,0.0,552.64
8980,414.36,66.24,0.0,1657.44
8981,4.96,-3.8,0.7,19.84
8982,201.12,3.96,0.0,804.48
8983,126.9,41.85,0.0,634.5
8984,518.27,-97.18,0.2,4146.16
8985,227.33,56.81,0.2,681.99
8986,158.58,39.6,0.0,1427.22
8987,137.31,-27.51,0.5,274.62
8988,667.08,173.34,0.0,4002.4800000000005
8989,178.08,17.76,0.2,1068.48
8990,371.97,66.95,0.0,1115.91
8991,217.06,78.68,0.2,1519.42
8992,527.46,226.8,0.0,1054.92
8993,724.1,-1472.38,0.7,5792.8
8994,332.32,16.48,0.0,2658.56
8995,6.84,1.85,0.0,6.84
8996,512.28,204.9,0.0,1024.56
8997,100.32,49.14,0.0,200.64
8998,319.84,81.7,0.1,639.68
8999,266.4,47.94,0.0,532.8
9000,136.59,23.22,0.0,136.59
9001,283.8,14.16,0.0,851.4000000000001
9002,318.54,130.59,0.0,318.54
9003,429.48,17.1,0.0,1288.44
9004,218.03,-189.01,0.7,436.06
9005,321.55,-198.53,0.4,3858.6000000000004
9006,419.89,-205.07,0.402,1679.56
9007,185.52,31.52,0.0,742.08
9008,207.12,37.2,0.0,828.48
9009,266.22,69.18,0.0,532.44
9010,10.69,3.74,0.2,21.38
9011,399.74,37.94,0.37,1998.7
9012,300.63,38.94,0.0,3306.93
9013,406.14,97.44,0.0,2842.98
9014,18.96,7.58,0.0,37.92
9015,306.34,20.38,0.1,612.68
9016,166.83,-73.41,0.5,333.66
9017,582.43,26.77,0.35,3494.58
9018,440.82,110.16,0.0,1322.46
9019,308.64,61.71,0.0,308.64
9020,333.78,83.4,0.0,1001.3399999999999
9021,75.9,1.5,0.0,379.5
9022,6.61,2.15,0.2,13.22
9023,391.98,113.67,0.0,783.96
9024,570.9,205.5,0.0,570.9
9025,349.52,-78.68,0.2,1747.6
9026,201.29,15.62,0.1,603.87
9027,341.52,129.0,0.1,2390.64
9028,332.01,112.77,0.0,2324.0699999999997
9029,278.85,-141.96,0.45,3625.05
9030,373.28,49.76,0.4,1119.84
9031,310.32,21.72,0.0,310.32
9032,7.58,2.96,0.0,7.58
9033,161.1,0.0,0.0,483.29999999999995
9034,414.07,-32.21,0.1,1656.28
9035,219.6,50.4,0.0,1098.0
9036,450.79,-75.17,0.4,5409.4800000000005
9037,293.58,146.7,0.0,1761.48
9038,474.0,9.36,0.0,3792.0
9039,252.27,17.64,0.0,756.8100000000001
9040,155.57,-22.27,0.3,311.14
9041,1579.75,-447.59,0.4,11058.25
9042,350.85,70.13,0.2,1403.4
9043,566.97,153.08,0.0,1700.91
9044,385.42,26.88,0.0,2697.94
9045,246.46,-32.86,0.4,492.92
9046,112.52,51.72,0.0,225.04
9047,523.97,-24.67,0.15,1047.94
9048,157.95,53.64,0.0,473.84999999999997
9049,142.89,14.28,0.0,142.89
9050,195.48,10.86,0.1,390.96
9051,443.99,88.79,0.1,1775.96
9052,260.72,-177.35,0.5,1825.0400000000002
9053,343.02,-223.08,0.6,1715.1
9054,140.2,7.0,0.0,701.0
9055,144.9,14.49,0.0,434.70000000000005
9056,469.68,183.15,0.0,469.68
9057,592.99,76.03,0.002,1778.97
9058,173.7,24.3,0.0,1042.1999999999998
9059,271.76,60.39,0.1,543.52
9060,215.46,16.74,0.1,646.38
9061,87.84,34.2,0.0,263.52
9062,420.42,0.0,0.0,4624.62
9063,513.77,91.61,0.002,3082.62
9064,173.59,-34.73,0.4,520.77
9065,129.76,60.96,0.0,519.04
9066,219.46,24.64,0.2,658.38
9067,124.42,-219.8,0.7,248.84
9068,1027.62,296.82,0.1,2055.24
9069,482.04,-144.63,0.5,1446.1200000000001
9070,92.0,29.44,0.0,368.0
9071,461.48,143.48,0.1,1845.92
9072,4499.99,-6599.98,0.7,22499.949999999997
9073,321.3,35.34,0.0,642.6
9074,244.56,-27.54,0.2,1222.8
9075,396.0,190.08,0.0,1584.0
9076,652.68,169.68,0.0,652.68
9077,176.51,-97.09,0.4,529.53
9078,342.08,75.24,0.0,684.16
9079,225.3,84.0,0.17,1351.8000000000002
9080,128.39,4.28,0.1,385.16999999999996
9081,132.62,-149.26,0.6,1591.44
9082,157.68,3.12,0.0,630.72
9083,173.94,8.67,0.0,173.94
9084,321.3,96.3,0.0,1927.8000000000002
9085,446.24,33.44,0.2,4462.4
9086,152.25,74.55,0.0,761.25
9087,124.82,43.55,0.17,374.46
9088,276.48,11.04,0.0,2211.84
9089,247.28,-149.44,0.47,1978.24
9090,854.49,290.43,0.0,5981.43
9091,103.2,11.34,0.0,206.4
9092,222.56,-39.04,0.2,1112.8
9093,545.85,114.63,0.0,4912.650000000001
9094,468.61,78.07,0.1,937.22
9095,192.78,96.3,0.0,1156.68
9096,912.75,118.66,0.0,4563.75
9097,328.4,-91.76,0.32,985.1999999999999
9098,324.92,-3.88,0.15,649.84
9099,100.0,21.0,0.0,400.0
9100,329.55,88.92,0.0,4284.150000000001
9101,66.69,29.97,0.0,200.07
9102,95.98,15.6,0.2,287.94
9103,485.02,-18.22,0.2,970.04
9104,251.3,34.54,0.2,251.3
9105,1345.49,-1031.54,0.7,6727.45
9106,177.2,70.8,0.0,886.0
9107,269.22,126.48,0.0,538.44
9108,118.17,57.87,0.0,354.51
9109,177.0,30.09,0.0,531.0
9110,245.94,61.44,0.0,491.88
9111,111.96,54.86,0.0,223.92
9112,658.67,8.23,0.2,4610.69
9113,72.95,-56.56,0.6,72.95
9114,293.33,-78.37,0.4,1759.98
9115,113.57,-21.29,0.2,227.14
9116,546.34,75.1,0.2,3278.04
9117,396.84,71.4,0.0,1190.52
9118,199.24,18.04,0.45,996.2
9119,105.06,18.9,0.0,210.12
9120,71.09,-1.78,0.2,142.18
9121,100.13,-90.23,0.5,500.65
9122,281.82,98.58,0.0,563.64
9123,257.74,31.48,0.1,773.22
9124,623.59,62.35,0.4,1247.18
9125,95.16,4.74,0.0,190.32
9126,599.68,-1399.24,0.7,4197.759999999999
9127,97.63,30.37,0.1,195.26
9128,933.4,-78.74,0.17,1866.8
9129,382.5,-76.5,0.4,382.5
9130,205.8,96.6,0.0,2058.0
9131,205.4,62.75,0.15,616.2
9132,371.97,66.95,0.0,1115.91
9133,336.08,92.38,0.2,1680.3999999999999
9134,158.1,1.5,0.0,790.5
9135,209.3,56.51,0.0,418.6
9136,264.51,13.15,0.2,1058.04
9137,168.1,43.71,0.0,840.5
9138,1629.27,619.11,0.0,4887.8099999999995
9139,259.28,63.26,0.1,2333.5199999999995
9140,195.45,17.21,0.002,390.9
9141,550.4,96.32,0.2,4403.2
9142,248.22,96.78,0.0,496.44
9143,125.1,41.22,0.0,375.29999999999995
9144,202.2,22.2,0.0,808.8
9145,96.84,26.1,0.0,193.68
9146,52.14,5.87,0.2,364.98
9147,200.67,-10.59,0.202,602.01
9148,18.75,9.0,0.0,93.75
9149,250.65,52.5,0.0,1253.25
9150,1007.74,260.46,0.002,4030.96
9151,638.56,318.64,0.002,1915.6799999999998
9152,131.85,-79.2,0.4,659.25
9153,260.88,-67.92,0.5,2087.04
9154,327.12,114.48,0.0,1308.48
9155,381.22,175.28,0.0,2668.54
9156,282.4,2.8,0.0,1412.0
9157,166.92,43.38,0.0,166.92
9158,279.0,69.72,0.0,558.0
9159,364.74,-124.02,0.5,729.48
9160,249.72,79.86,0.0,749.16
9161,425.19,-0.06,0.15,1275.57
9162,25.44,9.92,0.0,152.64000000000001
9163,219.81,-219.83,0.6,439.62
9164,599.0,106.4,0.1,2995.0
9165,634.86,31.68,0.0,1904.58
9166,199.21,-20.03,0.1,1394.47
9167,309.12,27.82,0.0,309.12
9168,310.32,21.72,0.0,310.32
9169,379.39,-119.27,0.3,758.78
9170,248.64,86.94,0.0,1740.48
9171,464.04,27.81,0.0,1392.1200000000001
9172,8.69,-14.77,0.8,43.449999999999996
9173,517.14,243.0,0.0,3102.84
9174,241.37,-84.51,0.4,482.74
9175,130.56,50.88,0.0,261.12
9176,120.45,46.86,0.0,1324.95
9177,367.83,47.79,0.0,1103.49
9178,150.7,7.48,0.4,452.09999999999997
9179,636.06,146.28,0.0,1272.12
9180,223.33,60.43,0.15,223.33
9181,137.31,54.9,0.0,137.31
9182,200.97,36.09,0.0,602.91
9183,122.4,-46.56,0.5,489.6
9184,597.74,209.12,0.2,5379.66
9185,204.96,53.28,0.0,614.88
9186,360.21,21.6,0.0,360.21
9187,13.13,4.27,0.2,39.39
9188,475.53,218.21,0.002,951.06
9189,619.95,111.59,0.0,3099.75
9190,479.97,239.99,0.0,1439.91
9191,246.48,68.88,0.0,1971.84
9192,237.6,106.8,0.0,1900.8
9193,184.76,40.64,0.0,369.52
9194,404.4,113.2,0.0,2022.0
9195,13.9,3.61,0.0,69.5
9196,144.0,30.24,0.0,288.0
9197,260.34,46.86,0.0,260.34
9198,132.87,-55.83,0.5,265.74
9199,103.92,0.0,0.0,207.84
9200,496.2,64.44,0.0,1984.8
9201,498.36,56.01,0.2,2491.8
9202,366.13,61.57,0.17,2929.04
9203,219.1,-58.46,0.4,876.4
9204,291.78,-204.3,0.5,1167.12
9205,89.16,25.8,0.0,178.32
9206,147.04,32.32,0.0,588.16
9207,306.77,129.47,0.1,613.54
9208,98.94,15.78,0.0,197.88
9209,258.9,46.5,0.0,1294.5
9210,506.04,212.52,0.0,2024.16
9211,178.68,-60.78,0.5,178.68
9212,354.9,17.75,0.0,1774.5
9213,213.12,106.56,0.0,852.48
9214,133.11,63.87,0.0,133.11
9215,110.7,6.6,0.0,553.5
9216,223.45,-18.65,0.4,1340.6999999999998
9217,193.19,-6.53,0.1,579.5699999999999
9218,423.24,12.66,0.0,1269.72
9219,160.58,-122.74,0.45,963.48
9220,673.57,252.59,0.2,1347.14
9221,303.92,-30.39,0.2,1519.6000000000001
9222,287.49,114.87,0.0,2012.43
9223,414.03,202.86,0.0,414.03
9224,292.82,-14.68,0.4,585.64
9225,330.24,39.6,0.0,2641.92
9226,237.49,-118.79,0.4,474.98
9227,175.24,33.28,0.0,350.48
9228,81.6,35.88,0.0,163.2
9229,138.57,45.72,0.0,138.57
9230,268.7,-53.8,0.2,806.0999999999999
9231,229.56,11.4,0.0,918.24
9232,504.0,-272.16,0.5,2016.0
9233,698.06,62.03,0.1,2094.18
9234,175.68,78.96,0.0,702.72
9235,124.74,-5.58,0.1,374.21999999999997
9236,213.3,33.15,0.1,1066.5
9237,9.96,4.68,0.0,19.92
9238,150.39,31.5,0.0,451.16999999999996
9239,340.86,122.7,0.0,681.72
9240,300.56,73.46,0.1,601.12
9241,200.76,86.28,0.0,401.52
9242,311.4,-31.14,0.2,934.1999999999999
9243,385.98,33.74,0.2,771.96
9244,352.58,29.66,0.17,1057.74
9245,206.52,56.52,0.27,1032.6000000000001
9246,190.08,45.6,0.0,2280.96
9247,219.48,70.2,0.0,438.96
9248,228.42,83.7,0.1,456.84
9249,222.24,44.4,0.0,444.48
9250,494.91,-138.69,0.25,2969.46
9251,323.03,-25.18,0.1,969.0899999999999
9252,483.71,28.4,0.15,1451.1299999999999
9253,392.45,-43.61,0.1,3532.0499999999997
9254,354.72,84.24,0.2,709.44
9255,398.56,179.28,0.0,1594.24
9256,264.56,47.6,0.0,529.12
9257,940.32,141.03,0.0,2820.96
9258,329.38,-7.94,0.17,658.76
9259,152.24,17.13,0.2,761.2
9260,387.09,127.71,0.0,387.09
9261,304.8,103.44,0.0,2438.4
9262,479.95,107.99,0.2,2879.7
9263,339.18,67.8,0.0,678.36
9264,887.82,327.34,0.002,7102.56
9265,307.56,-34.17,0.1,922.6800000000001
9266,415.18,105.04,0.17,1245.54
9267,149.83,-20.03,0.4,449.49
9268,435.45,209.01,0.0,435.45
9269,383.8,-575.72,0.7,1535.2
9270,286.92,65.88,0.0,1721.52
9271,238.73,-139.27,0.4,716.1899999999999
9272,379.44,128.88,0.0,3035.52
9273,224.15,34.85,0.1,448.3
9274,325.08,32.4,0.0,1950.48
9275,284.94,28.44,0.0,1709.6399999999999
9276,32.4,15.55,0.0,162.0
9277,417.23,49.04,0.15,1251.69
9278,81.9,31.92,0.0,163.8
9279,11.95,4.18,0.2,35.849999999999994
9280,189.44,23.24,0.27,947.2
9281,12.32,5.91,0.0,49.28
9282,131.52,24.96,0.0,526.08
9283,268.92,110.52,0.1,806.76
9284,594.6,118.92,0.0,2378.4
9285,264.38,-26.5,0.1,793.14
9286,276.18,60.74,0.0,276.18
9287,293.88,144.0,0.0,587.76
9288,486.66,243.3,0.0,973.32
9289,234.36,112.49,0.0,1406.16
9290,233.67,-167.61,0.47,934.68
9291,347.88,121.74,0.0,1043.6399999999999
9292,85.52,22.24,0.0,171.04
9293,358.92,179.46,0.0,1076.76
9294,222.24,-222.24,0.5,1777.92
9295,175.16,40.28,0.0,175.16
9296,415.62,182.82,0.0,831.24
9297,131.87,5.78,0.1,395.61
9298,243.84,68.16,0.0,1950.72
9299,97.57,-6.1,0.2,195.14
9300,118.44,10.56,0.0,473.76
9301,73.63,26.11,0.1,220.89
9302,579.94,109.24,0.002,2899.7000000000003
9303,256.23,-17.22,0.1,1281.15
9304,256.56,107.73,0.0,256.56
9305,364.32,131.13,0.0,364.32
9306,266.33,11.81,0.1,1597.98
9307,256.14,102.45,0.0,256.14
9308,294.3,-63.81,0.4,882.9000000000001
9309,743.58,118.8,0.0,4461.4800000000005
9310,327.31,-319.25,0.6,1963.8600000000001
9311,132.52,54.33,0.0,530.08
9312,253.02,106.26,0.0,506.04
9313,110.96,53.26,0.0,221.92
9314,323.46,61.38,0.0,1940.7599999999998
9315,249.43,63.73,0.1,498.86
9316,159.12,-127.32,0.6,318.24
9317,415.62,182.82,0.0,831.24
9318,329.71,94.78,0.2,329.71
9319,504.54,-42.06,0.4,2522.7000000000003
9320,414.72,70.5,0.0,829.44
9321,69.3,30.48,0.0,207.89999999999998
9322,286.32,65.82,0.0,858.96
9323,631.89,-22.41,0.15,3159.45
9324,115.8,55.5,0.0,579.0
9325,356.56,19.78,0.1,713.12
9326,296.24,-242.96,0.5,888.72
9327,349.27,31.03,0.1,2794.16
9328,517.08,180.96,0.0,1551.2400000000002
9329,395.82,175.86,0.1,1583.28
9330,217.58,19.04,0.2,435.16
9331,221.71,-66.53,0.4,886.84
9332,308.34,89.28,0.0,2775.06
9333,276.94,46.66,0.17,553.88
9334,139.5,11.16,0.0,139.5
9335,439.8,48.36,0.0,1759.2
9336,354.86,31.49,0.1,1064.58
9337,321.91,-4.07,0.2,965.73
9338,128.3,-83.44,0.4,384.90000000000003
9339,298.44,71.46,0.0,1790.6399999999999
9340,309.36,102.06,0.0,928.08
9341,223.2,-39.06,0.2,669.5999999999999
9342,201.12,62.52,0.1,603.36
9343,277.8,130.5,0.0,1389.0
9344,1051.82,-111.46,0.15,8414.56
9345,251.59,30.73,0.1,503.18
9346,211.62,14.79,0.0,211.62
9347,322.38,38.52,0.0,1934.28
9348,561.3,33.66,0.0,1122.6
9349,217.84,54.4,0.0,871.36
9350,115.74,52.08,0.0,347.21999999999997
9351,276.96,11.04,0.0,553.92
9352,317.66,133.28,0.0,2223.6200000000003
9353,78.29,-18.61,0.2,234.87
9354,485.0,242.48,0.0,970.0
9355,47.98,4.8,0.2,143.94
9356,225.45,13.5,0.0,2029.05
9357,45.36,21.77,0.0,317.52
9358,341.28,3.24,0.0,2047.6799999999998
9359,400.61,-247.15,0.4,3204.88
9360,288.0,60.48,0.0,1152.0
9361,200.64,38.04,0.0,802.56
9362,306.24,9.18,0.0,612.48
9363,131.58,30.24,0.0,789.48
9364,136.38,28.62,0.0,136.38
9365,150.12,21.0,0.0,150.12
9366,173.94,38.25,0.0,173.94
9367,325.36,-135.08,0.47,976.08
9368,10.37,3.63,0.2,20.74
9369,514.41,195.39,0.0,6687.33
9370,524.28,131.04,0.0,1048.56
9371,76.5,36.72,0.0,153.0
9372,383.13,179.82,0.0,3448.17
9373,256.8,71.88,0.0,513.6
9374,235.24,49.4,0.0,470.48
9375,342.67,-799.57,0.7,1370.68
9376,98.9,1.9,0.0,494.5
9377,144.0,5.76,0.0,432.0
9378,256.65,45.77,0.002,513.3
9379,344.4,148.05,0.0,2410.7999999999997
9380,475.2,85.5,0.0,950.4
9381,495.72,54.48,0.0,1982.88
9382,180.12,5.4,0.0,180.12
9383,246.48,14.76,0.0,492.96
9384,242.35,9.09,0.2,727.05
9385,451.2,85.68,0.0,1804.8
9386,266.54,6.62,0.2,2398.86
9387,137.22,64.44,0.0,411.65999999999997
9388,35.04,12.26,0.0,70.08
9389,109.8,19.74,0.0,219.6
9390,263.58,65.88,0.0,263.58
9391,226.59,-16.41,0.17,453.18
9392,470.98,65.8,0.07,1412.94
9393,362.67,130.41,0.0,2538.69
9394,126.9,41.85,0.0,634.5
9395,17.47,6.33,0.2,52.41
9396,39.68,10.32,0.0,79.36
9397,350.64,-46.8,0.4,2805.12
9398,29.9,13.46,0.0,149.5
9399,56.69,-14.58,0.3,56.69
9400,316.32,-68.64,0.4,2530.56
9401,391.32,144.72,0.0,3521.88
9402,353.12,-45.76,0.15,1059.3600000000001
9403,424.2,135.72,0.0,1272.6
9404,241.65,-21.6,0.1,1208.25
9405,314.46,21.96,0.0,1886.7599999999998
9406,409.5,-172.08,0.5,2457.0
9407,287.71,127.87,0.1,1726.2599999999998
9408,277.14,60.96,0.0,831.42
9409,186.93,41.04,0.0,560.79
9410,279.54,69.84,0.0,1677.2400000000002
9411,242.1,101.64,0.0,484.2
9412,164.71,63.49,0.17,1152.97
9413,755.39,157.43,0.002,2266.17
9414,120.74,-135.94,0.6,1086.6599999999999
9415,137.25,38.4,0.0,686.25
9416,287.88,35.99,0.2,863.64
9417,225.34,75.04,0.1,676.02
9418,357.12,0.0,0.0,1428.48
9419,402.75,-112.77,0.25,805.5
9420,426.55,-426.59,0.57,853.1
9421,418.35,204.9,0.0,2091.75
9422,135.55,-155.93,0.6,542.2
9423,292.8,114.0,0.0,2928.0
9424,311.18,-72.62,0.4,622.36
9425,267.72,7.92,0.0,1070.88
9426,471.0,216.6,0.0,2355.0
9427,73.54,-15.14,0.27,147.08
9428,498.3,-66.06,0.17,996.6
9429,496.0,124.0,0.2,992.0
9430,174.53,11.63,0.4,1570.77
9431,220.7,-303.58,0.6,882.8
9432,388.13,-357.08,0.5,1164.3899999999999
9433,83.34,19.98,0.0,166.68
9434,546.96,54.6,0.0,2187.84
9435,488.62,43.02,0.002,2443.1
9436,520.68,93.72,0.0,1041.36
9437,427.88,20.6,0.17,1711.52
9438,142.8,11.28,0.0,1142.4
9439,211.48,-111.05,0.6,211.48
9440,312.91,-0.01,0.4,625.82
9441,183.74,32.66,0.1,183.74
9442,9.96,4.58,0.0,19.92
9443,261.47,49.25,0.1,1568.8200000000002
9444,506.58,166.38,0.002,3039.48
9445,91.75,1.99,0.1,183.5
9446,355.92,88.98,0.0,355.92
9447,192.0,1.92,0.0,768.0
9448,367.74,128.7,0.0,2206.44
9449,615.38,204.86,0.1,6769.18
9450,243.68,-89.38,0.4,3411.52
9451,845.64,228.24,0.0,5073.84
9452,372.12,107.73,0.0,2604.84
9453,440.67,167.43,0.0,440.67
9454,959.41,78.85,0.15,7675.28
9455,259.43,74.63,0.27,518.86
9456,270.96,-64.38,0.2,812.8799999999999
9457,308.16,86.22,0.0,1848.96
9458,204.63,57.27,0.0,204.63
9459,145.2,23.1,0.0,1452.0
9460,248.86,33.18,0.4,497.72
9461,179.35,-310.97,0.7,717.4
9462,278.2,116.8,0.0,1391.0
9463,267.55,-14.13,0.202,1070.2
9464,413.13,-140.37,0.47,1239.3899999999999
9465,260.35,-358.05,0.6,2082.8
9466,441.45,207.45,0.0,1324.35
9467,367.47,65.31,0.1,734.94
9468,227.24,6.8,0.0,454.48
9469,23.1,10.63,0.0,46.2
9470,81.3,40.65,0.0,406.5
9471,92.3,-3.52,0.2,276.9
9472,204.15,53.07,0.0,204.15
9473,69.44,5.78,0.4,208.32
9474,130.35,-34.05,0.27,1042.8
9475,239.28,50.16,0.0,1914.24
9476,326.3,16.3,0.0,1631.5
9477,140.95,-105.77,0.6,281.9
9478,685.58,129.38,0.1,4113.4800000000005
9479,777.87,198.72,0.1,3889.35
9480,157.98,22.08,0.0,315.96
9481,192.83,-404.98,0.7,192.83
9482,205.8,100.8,0.0,1440.6000000000001
9483,194.4,83.52,0.0,777.6
9484,216.72,86.64,0.0,1733.76
9485,122.94,59.01,0.0,368.82
9486,232.62,106.98,0.0,697.86
9487,253.92,5.04,0.0,507.84
9488,184.92,24.03,0.0,184.92
9489,163.1,55.4,0.0,815.5
9490,599.16,0.0,0.0,1198.32
9491,248.27,-69.53,0.5,744.8100000000001
9492,428.67,42.84,0.0,1286.01
9493,321.66,-132.75,0.37,964.98
9494,344.0,168.4,0.0,3440.0
9495,133.73,15.49,0.4,1069.84
9496,396.25,149.65,0.1,1188.75
9497,193.32,61.74,0.0,1159.92
9498,378.88,151.52,0.0,1515.52
9499,492.84,4.92,0.0,1478.52
9500,522.14,-52.22,0.4,1044.28
9501,458.16,-511.44,0.57,1832.64
9502,1184.72,106.62,0.0,4738.88
9503,479.98,60.0,0.2,959.96
9504,152.1,-30.5,0.4,760.5
9505,1063.69,224.53,0.1,7445.83
9506,295.47,-41.4,0.5,886.4100000000001
9507,245.7,98.28,0.0,2211.2999999999997
9508,280.92,50.56,0.0,561.84
9509,448.48,49.28,0.0,1793.92
9510,392.76,127.62,0.2,1178.28
9511,318.12,31.8,0.0,318.12
9512,509.04,-8.52,0.4,1018.08
9513,523.91,81.47,0.1,1571.73
9514,138.1,-27.62,0.4,276.2
9515,347.55,-23.82,0.27,347.55
9516,228.83,50.81,0.1,686.49
9517,198.0,65.28,0.0,792.0
9518,408.17,-265.39,0.6,2449.02
9519,312.01,41.47,0.1,1872.06
9520,263.73,113.4,0.0,263.73
9521,249.93,59.94,0.0,749.79
9522,191.04,-138.6,0.6,764.16
9523,142.45,-52.31,0.4,1282.05
9524,221.76,33.24,0.0,887.04
9525,378.27,75.63,0.25,1513.08
9526,305.6,38.2,0.2,1528.0
9527,348.3,23.22,0.1,1044.9
9528,210.96,56.88,0.0,1687.68
9529,198.45,89.28,0.0,198.45
9530,287.97,77.75,0.0,863.9100000000001
9531,235.57,49.87,0.15,471.14
9532,336.24,100.86,0.0,1008.72
9533,398.52,87.66,0.0,3586.68
9534,165.35,2.75,0.4,496.04999999999995
9535,111.17,-163.15,0.7,889.36
9536,292.56,43.86,0.0,585.12
9537,242.21,-19.93,0.27,484.42
9538,318.09,152.67,0.0,318.09
9539,100.17,-207.03,0.7,200.34
9540,182.09,40.25,0.1,1456.72
9541,237.72,40.32,0.0,3328.08
9542,346.08,108.08,0.2,1730.3999999999999
9543,154.98,30.66,0.0,2169.72
9544,21.24,8.07,0.0,63.72
9545,270.38,75.08,0.1,811.14
9546,235.05,61.05,0.0,1175.25
9547,319.21,-186.89,0.47,4468.94
9548,169.92,73.02,0.0,339.84
9549,169.44,18.36,0.17,169.44
9550,335.81,-537.31,0.7,671.62
9551,229.61,-176.11,0.7,918.44
9552,455.76,-45.69,0.4,2278.8
9553,2183.98,447.28,0.17,10919.9
9554,688.73,-116.23,0.17,2066.19
9555,402.48,152.88,0.0,3219.84
9556,288.9,127.05,0.0,1444.5
9557,224.26,-64.1,0.3,224.26
9558,184.14,84.6,0.0,1104.84
9559,239.98,53.99,0.2,719.9399999999999
9560,392.85,148.41,0.1,1178.5500000000002
9561,63.94,24.94,0.0,63.94
9562,146.86,70.49,0.0,1028.02
9563,171.5,82.3,0.0,857.5
9564,638.91,229.98,0.0,638.91
9565,286.44,137.46,0.0,572.88
9566,607.2,103.2,0.0,3036.0
9567,245.76,73.68,0.0,1966.08
9568,303.03,142.38,0.0,2121.21
9569,155.34,57.42,0.0,466.02
9570,184.92,24.03,0.0,184.92
9571,143.91,63.27,0.0,431.73
9572,770.4,215.64,0.0,4622.4
9573,225.84,29.28,0.0,903.36
9574,330.54,54.33,0.27,2974.86
9575,200.74,-260.96,0.6,1204.44
9576,501.69,205.59,0.0,3511.83
9577,263.52,102.6,0.0,2371.68
9578,257.52,97.68,0.0,2060.16
9579,238.62,-176.58,0.5,954.48
9580,185.64,7.32,0.0,742.56
9581,268.62,-85.98,0.5,537.24
9582,8399.98,1120.0,0.4,33599.92
9583,294.57,117.81,0.1,589.14
9584,312.09,21.84,0.0,312.09
9585,447.15,34.77,0.1,447.15
9586,287.97,-3.6,0.2,1151.88
9587,83.92,29.37,0.2,419.6
9588,592.88,69.68,0.15,2964.4
9589,123.34,61.6,0.0,863.38
9590,359.85,147.51,0.0,359.85
9591,501.66,50.1,0.1,2006.64
9592,572.76,91.62,0.0,3436.56
9593,166.68,49.86,0.0,1000.08
9594,339.01,-62.21,0.4,1017.03
9595,179.88,84.48,0.0,719.52
9596,257.95,22.51,0.2,773.8499999999999
9597,489.28,97.06,0.002,1467.84
9598,498.74,33.14,0.4,1994.96
9599,151.11,13.59,0.0,453.33000000000004
9600,391.14,195.57,0.0,391.14
9601,396.09,-31.05,0.1,3564.81
9602,553.8,160.6,0.0,2769.0
9603,362.88,54.39,0.0,2540.16
9604,342.72,13.65,0.0,2399.04
9605,25.68,11.56,0.0,154.07999999999998
9606,256.44,83.34,0.2,1282.2
9607,489.12,53.76,0.0,3912.96
9608,184.01,-33.34,0.17,920.05
9609,300.78,63.0,0.0,1804.6799999999998
9610,344.76,68.88,0.0,1379.04
9611,731.94,219.58,0.0,2195.82
9612,211.94,20.8,0.002,211.94
9613,120.04,43.9,0.1,720.24
9614,131.38,-95.25,0.6,788.28
9615,354.15,109.71,0.0,1062.4499999999998
9616,232.62,104.64,0.0,465.24
9617,293.58,129.06,0.0,1761.48
9618,18.16,1.82,0.2,36.32
9619,110.28,37.44,0.0,220.56
9620,190.93,59.77,0.17,763.72
9621,82.37,-15.01,0.45,247.11
9622,413.1,8.25,0.0,413.1
9623,814.17,170.94,0.0,5699.19
9624,499.44,179.76,0.0,1997.76
9625,305.41,11.41,0.2,1221.64
9626,363.39,10.89,0.0,363.39
9627,340.86,163.56,0.0,681.72
9628,331.92,-225.84,0.5,2655.36
9629,370.53,103.68,0.0,1111.59
9630,378.66,185.52,0.0,378.66
9631,245.82,66.36,0.0,491.64
9632,262.29,28.83,0.0,262.29
9633,171.27,30.81,0.0,171.27
9634,171.2,42.8,0.0,856.0
9635,251.55,17.55,0.0,1257.75
9636,225.24,58.56,0.0,675.72
9637,257.04,-2.88,0.1,514.08
9638,281.37,-319.59,0.602,1125.48
9639,316.17,151.41,0.002,632.34
9640,225.3,22.53,0.2,450.6
9641,105.72,9.48,0.0,422.88
9642,187.76,76.98,0.0,751.04
9643,163.98,45.9,0.0,327.96
9644,258.96,121.71,0.0,258.96
9645,225.84,56.4,0.0,903.36
9646,155.63,-134.89,0.7,155.63
9647,595.68,0.0,0.0,2382.72
9648,100.56,14.04,0.0,201.12
9649,224.4,71.7,0.0,1122.0
9650,181.98,50.46,0.1,727.92
9651,289.32,49.14,0.0,578.64
9652,353.22,158.76,0.0,2472.54
9653,166.05,-83.1,0.5,830.25
9654,571.32,-571.32,0.7,2285.28
9655,306.16,58.16,0.0,1224.64
9656,132.3,6.51,0.4,926.1000000000001
9657,514.53,210.87,0.0,1543.59
9658,169.8,-118.56,0.47,169.8
9659,246.12,66.42,0.0,492.24
9660,308.64,61.71,0.0,308.64
9661,686.4,77.22,0.2,1372.8
9662,226.08,63.24,0.0,904.32
9663,361.44,79.44,0.0,2891.52
9664,600.36,66.0,0.0,1200.72
9665,512.19,-65.85,0.3,2560.9500000000003
9666,164.88,80.79,0.0,494.64
9667,193.8,0.0,0.0,775.2
9668,204.93,79.92,0.0,614.79
9669,44.94,12.58,0.0,134.82
9670,232.69,105.07,0.07,465.38
9671,126.9,41.85,0.0,634.5
9672,203.69,-67.93,0.4,611.0699999999999
9673,350.62,82.93,0.07,350.62
9674,472.75,45.55,0.17,472.75
9675,397.22,-450.22,0.7,3177.76
9676,227.24,6.8,0.0,454.48
9677,112.18,-86.06,0.7,897.44
9678,227.6,43.24,0.0,455.2
9679,154.87,-62.03,0.4,929.22
9680,513.12,251.4,0.0,1026.24
9681,14.82,6.22,0.0,44.46
9682,122.25,24.45,0.0,122.25
9683,242.4,-52.56,0.4,969.6
9684,178.08,-44.52,0.2,356.16
9685,277.38,102.6,0.0,1664.28
9686,94.05,15.9,0.0,470.25
9687,8.35,1.25,0.2,50.099999999999994
9688,214.8,0.0,0.0,859.2
9689,179.1,26.82,0.0,1611.8999999999999
9690,135.54,40.59,0.0,406.62
9691,189.69,37.92,0.0,189.69
9692,94.39,33.55,0.1,94.39
9693,249.06,-129.54,0.5,996.24
9694,334.53,-22.47,0.1,2341.71
9695,555.24,-229.2,0.37,1110.48
9696,445.28,-73.36,0.15,890.56
9697,163.97,12.29,0.2,491.90999999999997
9698,279.68,25.12,0.0,1118.72
9699,260.28,78.03,0.1,1301.3999999999999
9700,126.36,-269.6,0.7,252.72
9701,481.6,84.28,0.2,3371.2000000000003
9702,481.32,125.14,0.0,1925.28
9703,359.98,93.59,0.0,719.96
9704,317.94,88.83,0.0,2225.58
9705,654.8,-14.56,0.1,1309.6
9706,121.02,53.22,0.0,121.02
9707,138.3,2.76,0.0,276.6
9708,194.34,71.88,0.0,388.68
9709,313.7,-111.22,0.402,941.0999999999999
9710,494.22,113.67,0.0,494.22
9711,180.96,13.57,0.2,904.8000000000001
9712,448.37,-52.75,0.15,1345.1100000000001
9713,130.14,33.81,0.0,130.14
9714,189.6,45.48,0.0,758.4
9715,166.71,63.33,0.0,166.71
9716,257.85,-165.03,0.5,515.7
9717,94.38,33.96,0.0,188.76
9718,276.6,94.0,0.0,1383.0
9719,137.68,46.8,0.0,550.72
9720,543.09,206.37,0.0,543.09
9721,250.5,15.0,0.0,2505.0
9722,1.25,-1.93,0.8,2.5
9723,6354.95,3177.48,0.0,31774.75
9724,228.78,34.26,0.0,457.56
9725,39.3,3.93,0.2,157.2
9726,308.28,-149.1,0.4,2157.96
9727,428.54,112.46,0.2,1714.16
9728,279.72,-6.33,0.1,1398.6000000000001
9729,496.17,217.65,0.002,2977.02
9730,230.74,71.74,0.1,461.48
9731,358.0,110.96,0.0,716.0
9732,382.68,179.82,0.0,765.36
9733,118.4,8.2,0.0,592.0
9734,164.28,65.64,0.0,985.6800000000001
9735,734.22,212.76,0.0,4405.32
9736,349.44,174.72,0.0,2446.08
9737,356.58,-132.42,0.402,1069.74
9738,459.36,13.77,0.0,1378.08
9739,306.63,101.16,0.0,306.63
9740,635.81,62.39,0.002,1907.4299999999998
9741,254.88,109.53,0.0,764.64
9742,256.74,0.0,0.0,770.22
9743,212.85,-144.81,0.5,638.55
9744,359.4,63.84,0.1,1078.1999999999998
9745,203.22,62.97,0.0,203.22
9746,470.23,-7.85,0.4,2821.38
9747,309.36,102.06,0.0,928.08
9748,135.95,9.05,0.1,679.75
9749,1805.88,523.71,0.0,10835.28
9750,57.58,21.59,0.2,172.74
9751,286.21,40.39,0.15,572.42
9752,357.36,117.9,0.0,357.36
9753,230.38,-224.76,0.6,1612.6599999999999
9754,859.05,-790.35,0.5,1718.1
9755,520.38,-95.52,0.4,2601.9
9756,493.68,54.24,0.0,1974.72
9757,377.19,82.98,0.0,1131.57
9758,258.15,43.8,0.0,1290.75
9759,245.48,-77.8,0.4,736.4399999999999
9760,570.15,159.63,0.0,570.15
9761,251.1,-62.82,0.4,753.3
9762,385.08,-77.25,0.3,4235.88
9763,159.3,6.3,0.0,477.90000000000003
9764,2022.27,682.52,0.2,16178.16
9765,597.24,92.88,0.1,2388.96
9766,140.94,4.2,0.0,140.94
9767,277.19,26.09,0.15,1385.95
9768,201.6,28.2,0.0,806.4
9769,222.38,16.68,0.2,444.76
9770,269.49,5.39,0.0,808.47
9771,1071.47,83.27,0.1,6428.82
9772,524.28,10.44,0.0,3145.68
9773,450.33,37.05,0.15,900.66
9774,64.8,-6.48,0.4,259.2
9775,274.68,137.34,0.0,549.36
9776,135.74,9.04,0.4,950.1800000000001
9777,216.11,-82.87,0.4,648.33
9778,346.5,114.24,0.0,2425.5
9779,795.83,-74.92,0.15,2387.4900000000002
9780,310.59,118.02,0.0,310.59
9781,415.62,182.82,0.0,831.24
9782,604.08,36.0,0.0,7248.960000000001
9783,285.48,14.22,0.0,1712.88
9784,14.96,0.3,0.0,59.84
9785,419.9,158.54,0.1,3359.2
9786,56.4,3.38,0.0,169.2
9787,769.68,130.77,0.0,2309.04
9788,264.74,82.34,0.1,1323.7
9789,225.91,57.7,0.1,677.73
9790,393.48,180.96,0.0,1180.44
9791,234.58,18.22,0.1,1407.48
9792,200.64,38.04,0.0,802.56
9793,178.09,22.96,0.07,178.09
9794,326.76,81.6,0.0,1960.56
9795,727.54,-27.32,0.2,2182.62
9796,1564.29,406.72,0.0,20335.77
9797,251.55,17.55,0.0,1257.75
9798,382.14,91.68,0.0,764.28
9799,440.88,26.52,0.17,2645.2799999999997
9800,92.64,32.4,0.0,185.28
9801,388.8,167.04,0.0,3110.4
9802,159.14,52.88,0.1,1113.98
9803,404.76,8.04,0.0,1619.04
9804,603.24,205.08,0.0,2412.96
9805,165.21,45.21,0.27,660.84
9806,428.4,38.52,0.0,1285.1999999999998
9807,187.02,26.1,0.0,1122.1200000000001
9808,365.76,41.06,0.2,1828.8
9809,143.1,5.7,0.0,286.2
9810,264.06,-20.7,0.1,1584.3600000000001
9811,1110.27,111.0,0.1,3330.81
9812,374.06,141.26,0.1,748.12
9813,154.08,26.16,0.0,616.32
9814,358.99,-251.39,0.6,2153.94
9815,339.48,-59.49,0.2,1018.44
9816,483.41,-612.43,0.7,4350.6900000000005
9817,266.4,47.94,0.0,532.8
9818,306.84,122.64,0.0,1841.04
9819,98.64,22.68,0.0,197.28
9820,187.92,67.62,0.0,375.84
9821,197.64,13.14,0.1,592.92
9822,248.88,78.96,0.15,995.52
9823,288.54,17.28,0.0,577.08
9824,89.42,-4.0,0.1,536.52
9825,229.2,-155.88,0.5,916.8
9826,112.7,25.04,0.1,225.4
9827,409.26,20.46,0.4,2046.3
9828,153.04,7.6,0.0,612.16
9829,242.16,82.32,0.0,1937.28
9830,249.18,59.76,0.0,498.36
9831,549.24,252.6,0.0,2196.96
9832,348.54,166.9,0.002,697.08
9833,152.4,42.6,0.0,762.0
9834,141.6,-12.4,0.2,708.0
9835,140.96,35.2,0.0,1127.68
9836,743.99,-124.0,0.4,1487.98
9837,200.16,0.0,0.0,600.48
9838,1272.42,38.16,0.0,3817.26
9839,414.9,66.3,0.0,2074.5
9840,230.38,-48.95,0.2,691.14
9841,63.96,19.83,0.0,255.84
9842,10.56,5.07,0.0,21.12
9843,320.54,-35.62,0.1,2243.78
9844,347.82,142.56,0.0,3826.02
9845,272.76,57.24,0.0,545.52
9846,91.5,42.06,0.0,183.0
9847,211.65,93.12,0.0,211.65
9848,345.72,114.06,0.0,691.44
9849,146.88,2.91,0.0,146.88
9850,429.32,60.59,0.15,1287.96
9851,369.28,99.68,0.0,1477.12
9852,347.76,149.4,0.0,3129.84
9853,172.62,0.0,0.0,517.86
9854,825.1,297.0,0.0,4125.5
9855,291.78,17.46,0.0,1750.6799999999998
9856,69.3,11.7,0.0,346.5
9857,14.02,4.73,0.2,42.06
9858,588.6,117.72,0.0,1765.8000000000002
9859,398.88,143.52,0.0,1595.52
9860,337.62,67.5,0.0,675.24
9861,1333.92,199.92,0.0,10671.36
9862,200.54,40.1,0.2,601.62
9863,240.45,21.6,0.0,1202.25
9864,243.36,80.28,0.0,1460.16
9865,114.72,49.28,0.0,458.88
9866,425.25,-278.79,0.402,1275.75
9867,285.89,-43.99,0.402,857.67
9868,448.19,-0.01,0.15,896.38
9869,226.2,61.05,0.0,1131.0
9870,189.54,50.46,0.1,758.16
9871,312.15,-87.45,0.5,1560.75
9872,260.52,96.36,0.0,1563.12
9873,610.67,110.36,0.17,5496.03
9874,392.01,65.93,0.002,1568.04
9875,402.72,24.0,0.0,3221.76
9876,194.54,-77.86,0.6,778.16
9877,196.27,-170.12,0.7,196.27
9878,202.08,58.56,0.0,808.32
9879,384.11,137.71,0.002,1536.44
9880,147.3,0.0,0.0,147.3
9881,143.28,60.12,0.0,1719.3600000000001
9882,113.04,40.68,0.0,678.24
9883,79.38,25.38,0.0,238.14
9884,436.8,-338.64,0.6,3494.4
9885,475.33,142.57,0.2,950.66
9886,128.88,9.0,0.0,128.88
9887,266.98,-80.24,0.4,2402.82
9888,270.34,75.7,0.0,3784.7599999999998
9889,310.12,80.63,0.0,620.24
9890,300.9,11.28,0.2,300.9
9891,440.64,-44.16,0.1,2203.2
9892,29.12,9.83,0.2,145.6
9893,171.36,-157.71,0.5,1199.52
9894,2.78,0.72,0.0,2.78
9895,726.78,319.74,0.0,1453.56
9896,113.2,-27.2,0.25,339.6
9897,127.08,41.92,0.0,254.16
9898,115.74,30.06,0.0,231.48
9899,539.97,134.99,0.0,1619.91
9900,219.6,39.48,0.0,878.4
9901,203.52,93.6,0.0,814.08
9902,57.65,8.3,0.1,288.25
9903,171.36,-34.3,0.4,1199.52
9904,103.3,-3.5,0.1,206.6
9905,71.08,-47.99,0.6,71.08
9906,181.92,39.96,0.0,727.68
9907,166.72,41.68,0.0,333.44
9908,68.08,-22.7,0.4,204.24
9909,103.56,38.28,0.0,207.12
9910,896.03,-35.92,0.5,4480.15
9911,380.92,-800.06,0.7,2285.52
9912,114.3,7.92,0.0,342.9
9913,49.56,15.84,0.0,99.12
9914,104.86,-133.7,0.6,104.86
9915,298.68,113.46,0.0,597.36
9916,188.16,37.56,0.0,1128.96
9917,65.34,21.42,0.0,588.0600000000001
9918,283.2,48.12,0.0,566.4
9919,231.0,99.24,0.0,924.0
9920,53.4,22.38,0.0,106.8
9921,20.74,7.26,0.2,82.96
9922,71.46,18.54,0.0,214.38
9923,174.33,27.81,0.25,697.32
9924,156.62,-29.38,0.2,469.86
9925,230.73,14.85,0.07,461.46
9926,231.98,43.7,0.002,463.96
9927,59.98,10.8,0.0,119.96
9928,381.78,91.62,0.25,1145.34
9929,276.86,-636.82,0.7,553.72
9930,219.78,9.63,0.1,1098.9
9931,96.84,26.1,0.0,193.68
9932,51.21,-9.27,0.5,307.26
9933,63.47,19.04,0.0,698.17
9934,677.46,210.0,0.0,9484.44
9935,188.47,-51.86,0.6,188.47
9936,293.64,85.14,0.0,587.28
9937,125.22,37.56,0.0,250.44
9938,205.6,22.6,0.0,1028.0
9939,145.68,59.7,0.0,437.04
9940,87.16,31.36,0.0,174.32
9941,176.68,-156.68,0.47,1060.08
9942,106.8,-47.04,0.5,854.4
9943,64.08,2.52,0.0,256.32
9944,86.94,28.62,0.0,521.64
9945,19.44,9.33,0.0,58.32000000000001
9946,8.95,-14.77,0.8,17.9
9947,393.54,165.29,0.0,1180.6200000000001
9948,195.65,-34.25,0.2,195.65
9949,142.8,12.84,0.0,142.8
9950,135.3,39.06,0.1,135.3
9951,264.38,-26.5,0.1,793.14
9952,190.92,9.54,0.0,572.76
9953,304.74,5.94,0.0,2742.66
9954,114.16,34.15,0.1,799.12
9955,107.64,7.44,0.0,430.56
9956,224.82,92.16,0.0,674.46
9957,184.14,84.6,0.0,1104.84
9958,255.84,46.02,0.0,511.68
9959,483.46,10.54,0.1,6768.44
9960,370.25,29.33,0.37,740.5
9961,224.82,29.22,0.0,449.64
9962,36.78,3.68,0.2,73.56
9963,116.3,18.6,0.0,581.5
9964,89.88,0.0,0.0,359.52
9965,123.24,3.69,0.0,123.24
9966,263.92,5.24,0.0,527.84
9967,333.48,146.7,0.0,1000.44
9968,217.2,25.3,0.4,1086.0
9969,180.96,67.86,0.2,1085.76
9970,169.09,-81.77,0.4,338.18
9971,267.96,77.7,0.0,267.96
9972,56.88,0.54,0.0,56.88
9973,200.64,38.04,0.0,802.56
9974,44.1,11.88,0.0,132.3
9975,21.98,0.22,0.0,21.98
9976,138.48,5.52,0.0,138.48
9977,132.34,-39.74,0.4,794.04
9978,12.67,2.69,0.2,101.36
9979,124.32,-76.68,0.4,621.5999999999999
9980,187.92,71.28,0.0,1503.36
9981,20.24,8.7,0.0,20.24
9982,95.71,-22.37,0.4,765.68
9983,182.21,-267.31,0.7,546.63
9984,120.29,-51.35,0.6,1684.0600000000002
9985,324.06,32.4,0.0,972.1800000000001
9986,56.45,-0.97,0.4,112.9
9987,15.55,5.44,0.2,46.650000000000006
9988,173.46,48.51,0.0,1214.22
9989,211.68,86.76,0.0,846.72
9990,125.4,-25.11,0.35,125.4
9991,184.76,-175.54,0.6,923.8
9992,92.56,-1.04,0.1,185.12
9993,148.34,-7.48,0.4,1038.38
9994,262.14,5.22,0.0,786.42
9995,252.0,73.08,0.0,756.0
9996,83.31,-48.33,0.5,166.62
9997,17.94,8.79,0.0,53.82000000000001
9998,334.74,43.47,0.0,2343.1800000000003
9999,194.02,-9.7,0.2,194.02
10000,145.98,7.29,0.0,437.93999999999994
10001,227.28,34.08,0.0,909.12
10002,18.94,5.92,0.2,56.82000000000001
10003,172.8,6.9,0.0,864.0
10004,200.79,8.01,0.0,602.37
10005,133.6,48.88,0.1,534.4
10006,226.24,101.8,0.0,452.48
10007,65.88,7.74,0.0,395.28
10008,136.74,-41.02,0.6,546.96
10009,97.22,-31.66,0.6,194.44
10010,137.34,0.0,0.0,137.34
10011,73.54,-62.54,0.6,294.16
10012,199.26,35.4,0.1,398.52
10013,136.68,46.47,0.0,136.68
10014,168.18,11.76,0.0,336.36
10015,46.53,-21.45,0.5,93.06
10016,241.49,-124.81,0.4,724.47
10017,193.68,58.08,0.0,774.72
10018,306.77,88.61,0.1,613.54
10019,84.3,28.62,0.0,168.6
10020,375.76,-51.74,0.2,1878.8
10021,96.42,12.48,0.0,289.26
10022,429.32,85.86,0.0,429.32
10023,69.07,-6.17,0.1,138.14
10024,244.98,63.66,0.0,489.96
10025,281.52,61.92,0.0,1689.12
10026,415.62,182.82,0.0,831.24
10027,121.5,19.44,0.0,364.5
10028,141.9,22.68,0.0,141.9
10029,412.2,148.32,0.0,1236.6
10030,257.25,69.45,0.0,1286.25
10031,90.99,19.08,0.0,90.99
10032,69.09,-11.46,0.27,345.45000000000005
10033,188.7,88.5,0.0,1887.0
10034,327.96,91.8,0.0,1311.84
10035,231.6,60.15,0.0,1158.0
10036,248.52,104.28,0.0,994.08
10037,463.08,159.42,0.1,1389.24
10038,119.55,5.85,0.0,597.75
10039,56.3,6.7,0.0,281.5
10040,185.76,3.6,0.0,1114.56
10041,160.65,80.25,0.0,803.25
10042,56.65,24.36,0.0,283.25
10043,122.22,49.98,0.0,855.54
10044,84.9,12.6,0.0,424.5
10045,33.74,15.52,0.0,236.18
10046,100.68,14.04,0.0,302.04
10047,291.56,137.02,0.0,291.56
10048,241.65,21.69,0.0,724.95
10049,235.32,89.4,0.0,941.28
10050,250.72,4.96,0.0,2005.76
10051,228.36,-137.04,0.6,228.36
10052,79.29,32.49,0.0,237.87
10053,166.68,8.28,0.0,666.72
10054,72.09,-4.86,0.1,360.45000000000005
10055,158.58,20.58,0.0,317.16
10056,373.9,41.53,0.1,1121.6999999999998
10057,238.46,2.6,0.1,476.92
10058,98.04,39.12,0.0,392.16
10059,287.1,129.15,0.0,1435.5
10060,318.43,-77.33,0.3,1592.15
10061,228.6,15.84,0.0,1371.6
10062,427.14,187.92,0.0,1281.42
10063,7.86,-6.02,0.7,23.580000000000002
10064,67.82,-27.14,0.5,203.45999999999998
10065,188.84,41.52,0.0,377.68
10066,146.76,42.54,0.0,146.76
10067,63.33,-15.63,0.47,443.31
10068,288.54,17.28,0.0,577.08
10069,489.81,63.66,0.0,489.81
10070,147.71,12.91,0.2,295.42
10071,89.52,9.84,0.0,1074.24
10072,172.15,-71.75,0.4,1032.9
10073,389.28,19.44,0.0,3114.24
10074,4.17,1.14,0.0,4.17
10075,19.44,9.33,0.0,58.32000000000001
10076,161.91,54.99,0.0,485.73
10077,250.8,54.96,0.0,2006.4
10078,346.68,58.86,0.0,3120.12
10079,311.69,114.23,0.1,935.0699999999999
10080,275.62,45.94,0.4,2204.96
10081,88.53,3.54,0.0,88.53
10082,111.84,54.72,0.0,447.36
10083,41.37,17.38,0.0,124.10999999999999
10084,47.1,-16.5,0.4,235.5
10085,610.35,207.45,0.0,3051.75
10086,89.46,26.82,0.0,268.38
10087,268.65,61.56,0.0,2417.85
10088,226.56,-243.6,0.6,906.24
10089,244.98,63.66,0.0,489.96
10090,20.02,1.75,0.2,180.18
10091,345.38,-362.74,0.6,2072.2799999999997
10092,163.32,26.04,0.0,653.28
10093,246.48,-37.02,0.4,1232.3999999999999
10094,359.64,31.95,0.1,1078.92
10095,72.09,19.44,0.0,216.27
10096,369.84,25.86,0.0,1109.52
10097,163.66,-95.48,0.4,490.98
10098,129.0,55.35,0.0,645.0
10099,145.5,8.73,0.0,145.5
10100,328.27,87.49,0.1,656.54
10101,143.16,5.7,0.0,143.16
10102,1171.97,361.49,0.002,14063.64
10103,155.8,51.4,0.0,779.0
10104,35.88,17.58,0.0,215.28000000000003
10105,213.57,91.77,0.0,1494.99
10106,178.61,69.44,0.1,178.61
10107,18.24,-14.59,0.7,36.48
10108,16.66,3.33,0.2,49.980000000000004
10109,3.6,1.73,0.0,7.2
10110,230.13,16.02,0.0,690.39
10111,355.32,145.44,0.0,4263.84
10112,247.98,-66.22,0.4,1239.8999999999999
10113,159.3,27.0,0.0,477.90000000000003
10114,447.86,210.49,0.0,3135.02
10115,166.74,-40.02,0.5,333.48
10116,102.84,-3.46,0.4,514.2
10117,297.84,113.16,0.0,893.52
10118,165.9,19.9,0.0,829.5
10119,261.24,101.88,0.0,522.48
10120,191.88,69.0,0.0,1151.28
10121,289.24,26.03,0.0,2024.68
10122,123.54,-84.06,0.47,617.7
10123,338.7,148.98,0.0,677.4
10124,191.28,34.32,0.0,765.12
10125,310.24,12.32,0.0,2481.92
10126,333.66,3.3,0.0,1000.98
10127,261.78,-204.24,0.5,523.56
10128,177.23,-120.51,0.5,886.15
10129,148.01,54.23,0.1,296.02
10130,373.25,-143.08,0.4,1119.75
10131,105.84,43.38,0.0,211.68
10132,134.16,12.06,0.0,134.16
10133,132.03,54.09,0.0,396.09000000000003
10134,64.86,6.49,0.2,259.44
10135,85.92,36.88,0.0,343.68
10136,94.86,-3.24,0.4,474.3
10137,46.62,13.5,0.0,46.62
10138,266.49,66.6,0.0,266.49
10139,17.94,3.05,0.0,53.82000000000001
10140,250.8,54.96,0.0,2006.4
10141,396.5,-21.2,0.25,1189.5
10142,50.79,6.6,0.0,50.79
10143,4.66,1.35,0.0,9.32
10144,89.47,-24.77,0.6,715.76
10145,269.46,119.7,0.1,1077.84
10146,154.2,1.44,0.0,616.8
10147,1408.1,394.27,0.0,14081.0
10148,476.36,63.08,0.17,3334.52
10149,124.68,3.72,0.0,498.72
10150,306.32,-263.44,0.5,2450.56
10151,102.31,-122.81,0.6,204.62
10152,99.43,-64.67,0.6,198.86
10153,138.56,49.76,0.0,1108.48
10154,12.42,5.22,0.0,37.26
10155,78.31,-64.61,0.6,156.62
10156,40.98,18.84,0.0,122.94
10157,231.98,43.7,0.002,463.96
10158,177.66,58.59,0.0,1243.62
10159,203.58,46.8,0.0,1221.48
10160,212.49,49.53,0.1,424.98
10161,57.6,25.92,0.0,115.2
10162,89.04,39.96,0.0,356.16
10163,208.44,-100.17,0.5,1875.96
10164,121.58,-50.7,0.4,243.16
10165,263.67,-131.85,0.5,527.34
10166,219.96,8.76,0.0,439.92
10167,133.29,43.92,0.0,399.87
10168,248.5,111.8,0.0,1242.5
10169,2690.97,1264.76,0.0,8072.91
10170,211.68,73.92,0.0,1693.44
10171,107.46,12.84,0.0,214.92
10172,526.45,31.59,0.0,2632.25
10173,107.44,27.93,0.0,859.52
10174,159.07,-190.91,0.7,318.14
10175,56.74,-3.8,0.4,170.22
10176,152.19,48.69,0.0,456.57
10177,117.0,14.04,0.0,351.0
10178,218.03,-24.23,0.1,1090.15
10179,72.72,5.8,0.0,145.44
10180,139.35,48.53,0.202,139.35
10181,219.96,16.92,0.35,439.92
10182,154.26,13.86,0.0,462.78
10183,87.17,10.9,0.2,261.51
10184,146.48,-167.45,0.65,439.43999999999994
10185,255.56,-153.37,0.6,255.56
10186,286.32,57.24,0.0,572.64
10187,101.4,15.12,0.0,405.6
10188,357.1,154.72,0.1,714.2
10189,27.18,12.23,0.0,81.53999999999999
10190,160.99,-229.49,0.6,1287.92
10191,4.37,0.38,0.2,13.11
10192,88.44,15.84,0.0,353.76
10193,197.94,96.99,0.0,197.94
10194,887.27,-63.38,0.3,2661.81
10195,495.42,232.8,0.0,990.84
10196,96.78,0.0,0.0,193.56
10197,172.08,27.48,0.0,688.32
10198,273.92,-241.07,0.5,821.76
10199,260.79,109.86,0.1,3390.2700000000004
10200,281.97,78.95,0.0,845.9100000000001
10201,274.32,79.5,0.0,822.96
10202,136.7,37.88,0.17,410.09999999999997
10203,119.98,-18.0,0.2,359.94
10204,272.28,114.24,0.0,1633.6799999999998
10205,228.24,47.76,0.0,1825.92
10206,263.31,5.25,0.0,263.31
10207,318.2,15.9,0.0,1591.0
10208,145.98,4.32,0.0,437.93999999999994
10209,947.17,9.47,0.0,6630.19
10210,171.51,58.29,0.0,171.51
10211,179.28,14.28,0.0,717.12
10212,333.66,9.96,0.0,667.32
10213,143.22,7.14,0.0,143.22
10214,141.88,3.28,0.15,283.76
10215,138.67,18.43,0.1,554.68
10216,508.41,-18.45,0.17,1525.23
10217,136.58,-174.16,0.6,273.16
10218,96.64,46.24,0.0,773.12
10219,301.5,75.24,0.0,1809.0
10220,63.31,20.58,0.2,189.93
10221,90.86,2.96,0.1,454.3
10222,249.0,29.85,0.0,1245.0
10223,369.72,158.94,0.0,2218.32
10224,85.5,18.78,0.0,171.0
10225,376.87,-213.56,0.4,1130.6100000000001
10226,165.8,44.7,0.0,829.0
10227,194.29,-349.79,0.7,777.16
10228,142.88,34.88,0.1,857.28
10229,332.75,-14.83,0.1,998.25
10230,256.39,31.27,0.1,1025.56
10231,232.41,-107.07,0.37,697.23
10232,204.88,70.48,0.1,819.52
10233,47.1,-16.5,0.4,235.5
10234,153.19,-134.09,0.6,306.38
10235,404.94,109.33,0.0,1214.82
10236,90.48,33.93,0.2,271.44
10237,103.43,-2.2,0.5,724.01
10238,556.63,111.31,0.1,1113.26
10239,130.1,-41.26,0.4,520.4
10240,253.95,76.05,0.0,1269.75
10241,274.5,49.35,0.0,1372.5
10242,53.01,21.72,0.0,53.01
10243,241.49,5.33,0.1,482.98
10244,239.28,95.52,0.0,1914.24
10245,298.56,14.88,0.0,1194.24
10246,80.1,22.41,0.0,240.29999999999998
10247,126.96,50.64,0.0,1015.68
10248,84.84,12.72,0.0,169.68
10249,146.6,5.84,0.0,293.2
10250,285.21,65.13,0.002,855.6299999999999
10251,116.64,51.3,0.0,233.28
10252,124.56,-269.88,0.7,124.56
10253,360.0,169.2,0.0,1800.0
10254,170.73,-140.01,0.5,341.46
10255,172.53,86.25,0.0,172.53
10256,187.83,33.75,0.0,563.49
10257,191.21,-376.07,0.7,191.21
10258,132.88,24.88,0.2,664.4
10259,315.36,-89.36,0.4,1261.44
10260,122.35,13.76,0.2,367.04999999999995
10261,293.88,73.44,0.0,587.76
10262,711.84,177.96,0.0,1423.68
10263,157.46,59.45,0.1,472.38
10264,55.8,-42.48,0.5,167.39999999999998
10265,73.44,34.29,0.0,660.96
10266,212.22,14.76,0.0,1273.32
10267,160.42,-196.52,0.6,481.26
10268,119.52,-51.84,0.4,717.12
10269,129.57,-25.91,0.2,259.14
10270,244.35,70.8,0.0,1221.75
10271,104.88,41.95,0.0,629.28
10272,108.24,33.36,0.0,865.92
10273,110.48,22.08,0.0,441.92
10274,89.13,-184.2,0.7,89.13
10275,272.16,122.36,0.0,1905.1200000000001
10276,235.33,-251.03,0.7,2823.96
10277,301.04,-39.97,0.17,903.1200000000001
10278,235.7,88.55,0.15,2121.2999999999997
10279,366.87,106.26,0.0,2568.09
10280,79.7,-183.32,0.7,79.7
10281,103.26,17.52,0.0,206.52
10282,3.91,1.03,0.2,3.91
10283,173.12,53.84,0.1,692.48
10284,101.64,33.39,0.0,711.48
10285,20.04,8.82,0.0,120.24
10286,195.51,56.41,0.002,195.51
10287,313.49,50.93,0.2,940.47
10288,100.14,35.04,0.0,100.14
10289,130.95,40.59,0.0,392.84999999999997
10290,241.6,49.45,0.27,1691.2
10291,236.4,0.0,0.0,1891.2
10292,91.04,0.8,0.0,728.32
10293,357.36,117.9,0.0,357.36
10294,139.86,4.14,0.0,419.58000000000004
10295,84.38,5.63,0.1,421.9
10296,119.98,22.5,0.2,359.94
10297,559.68,123.12,0.0,559.68
10298,158.76,72.99,0.0,476.28
10299,181.8,83.52,0.0,1090.8000000000002
10300,199.68,99.84,0.0,798.72
10301,42.66,17.46,0.1,170.64
10302,57.87,15.03,0.0,57.87
10303,175.26,-148.98,0.6,175.26
10304,257.69,28.61,0.1,515.38
10305,205.8,80.16,0.0,1234.8000000000002
10306,213.55,-320.33,0.7,427.1
10307,713.79,-309.33,0.4,4996.53
10308,286.47,117.45,0.0,2578.2300000000005
10309,973.12,-24.38,0.2,4865.6
10310,211.65,93.12,0.0,211.65
10311,148.68,17.82,0.0,148.68
10312,242.04,21.78,0.0,484.08
10313,444.88,4.4,0.0,1779.52
10314,171.83,20.99,0.1,343.66
10315,112.5,-66.22,0.402,225.0
10316,201.82,-10.1,0.4,807.28
10317,50.78,-73.66,0.6,50.78
10318,143.52,9.12,0.402,430.56000000000006
10319,112.56,48.54,0.1,1238.16
10320,140.66,-103.18,0.7,562.64
10321,244.74,70.92,0.0,489.48
10322,36.19,2.71,0.2,36.19
10323,773.87,-743.0,0.5,2321.61
10324,153.09,64.26,0.0,1377.81
10325,227.1,111.2,0.0,1135.5
10326,182.9,69.08,0.1,182.9
10327,85.52,22.24,0.0,171.04
10328,73.2,30.72,0.0,73.2
10329,162.54,81.18,0.0,975.24
10330,339.6,3.36,0.0,679.2
10331,95.1,12.36,0.0,190.2
10332,125.69,1.34,0.1,628.45
10333,231.0,13.8,0.0,1155.0
10334,346.25,-207.79,0.4,1385.0
10335,176.88,74.28,0.0,353.76
10336,145.5,17.4,0.0,1455.0
10337,184.44,59.43,0.1,553.3199999999999
10338,304.32,48.48,0.0,2434.56
10339,2079.4,582.23,0.0,10397.0
10340,234.86,-287.74,0.6,939.44
10341,144.0,67.68,0.0,288.0
10342,139.14,15.3,0.0,278.28
10343,287.94,0.0,0.0,575.88
10344,95.28,26.64,0.0,285.84000000000003
10345,414.72,8.28,0.0,829.44
10346,221.83,91.03,0.1,1774.64
10347,403.92,25.25,0.2,2019.6000000000001
10348,137.79,17.91,0.0,137.79
10349,106.56,9.48,0.0,426.24
10350,217.6,50.0,0.0,1088.0
10351,127.76,2.84,0.1,255.52
10352,124.84,-165.41,0.6,124.84
10353,97.58,11.9,0.1,195.16
10354,231.98,-7.78,0.1,463.96
10355,396.9,178.56,0.0,793.8
10356,107.18,-83.08,0.6,107.18
10357,206.69,-152.96,0.5,620.0699999999999
10358,213.23,-143.98,0.6,639.6899999999999
10359,1454.9,378.27,0.0,7274.5
10360,476.21,-174.67,0.4,2857.2599999999998
10361,176.14,-48.46,0.6,352.28
10362,119.5,4.7,0.0,597.5
10363,182.07,40.05,0.0,182.07
10364,134.3,-31.39,0.4,402.90000000000003
10365,81.69,4.89,0.0,81.69
10366,295.8,70.92,0.0,1183.2
10367,113.25,35.43,0.17,226.5
10368,94.5,30.24,0.0,661.5
10369,83.7,10.14,0.1,334.8
10370,237.72,52.29,0.0,1664.04
10371,392.94,43.22,0.0,1178.82
10372,79.44,28.6,0.0,238.32
10373,45.36,21.77,0.0,317.52
10374,179.44,-394.82,0.7,538.3199999999999
10375,153.81,53.82,0.0,461.43
10376,110.51,-1.33,0.17,221.02
10377,635.63,266.13,0.002,3178.15
10378,568.33,-142.13,0.4,1704.9900000000002
10379,461.11,133.21,0.1,922.22
10380,142.8,-1.65,0.1,428.40000000000003
10381,515.7,159.84,0.0,1547.1000000000001
10382,124.32,45.92,0.0,497.28
10383,194.8,60.32,0.0,779.2
10384,678.59,101.71,0.2,2714.36
10385,204.63,-90.09,0.5,409.26
10386,172.08,6.84,0.0,688.32
10387,496.04,16.52,0.1,1984.16
10388,761.54,66.64,0.2,5330.78
10389,169.68,30.54,0.0,169.68
10390,457.49,-84.96,0.3,1372.47
10391,96.12,3.78,0.0,576.72
10392,261.84,-117.84,0.4,1047.36
10393,197.28,21.6,0.0,789.12
10394,89.01,6.21,0.0,267.03000000000003
10395,204.18,12.24,0.0,204.18
10396,249.06,12.42,0.0,498.12
10397,197.35,-13.19,0.4,592.05
10398,188.78,-11.39,0.5,566.34
10399,79.68,-55.84,0.6,637.44
10400,202.92,64.92,0.0,811.68
10401,131.9,6.5,0.4,791.4000000000001
10402,494.1,-197.64,0.4,1482.3000000000002
10403,186.96,87.84,0.0,747.84
10404,65.3,-8.68,0.47,195.89999999999998
10405,7.87,0.89,0.2,23.61
10406,326.19,64.71,0.002,652.38
10407,106.92,26.73,0.0,106.92
10408,5.76,2.82,0.0,11.52
10409,434.65,62.78,0.1,1303.9499999999998
10410,286.15,71.54,0.0,1430.75
10411,166.12,44.84,0.0,332.24
10412,88.86,29.28,0.0,177.72
10413,166.44,79.89,0.0,499.32
10414,168.21,59.64,0.1,1177.47
10415,50.4,23.1,0.0,252.0
10416,274.8,4.5,0.4,1374.0
10417,222.64,8.88,0.0,445.28
10418,244.48,75.76,0.0,488.96
10419,248.85,69.6,0.0,1244.25
10420,141.48,9.84,0.0,565.92
10421,150.6,28.5,0.0,753.0
10422,110.92,45.52,0.1,443.68
10423,170.73,80.19,0.0,512.1899999999999
10424,409.95,-211.95,0.4,2049.75
10425,375.46,-157.01,0.45,1126.3799999999999
10426,142.49,-3.56,0.2,427.47
10427,62.34,8.7,0.0,124.68
10428,94.08,1.8,0.0,376.32
10429,272.94,0.0,0.0,818.8199999999999
10430,132.87,38.52,0.0,132.87
10431,138.0,31.68,0.0,552.0
10432,135.96,-312.76,0.7,543.84
10433,211.65,93.12,0.0,211.65
10434,258.75,10.35,0.0,258.75
10435,102.72,37.24,0.2,308.15999999999997
10436,286.01,63.89,0.15,572.02
10437,54.54,-28.76,0.6,381.78
10438,208.95,91.8,0.0,1044.75
10439,84.95,22.09,0.0,424.75
10440,253.69,92.95,0.1,761.0699999999999
10441,297.96,77.46,0.0,893.8799999999999
10442,286.92,65.88,0.0,1721.52
10443,311.07,-292.41,0.5,622.14
10444,329.4,131.76,0.0,1976.3999999999999
10445,251.07,-31.89,0.37,502.14
10446,90.98,-23.23,0.45,272.94
10447,211.2,-123.2,0.4,2323.2
10448,213.84,53.46,0.0,427.68
10449,69.84,28.56,0.0,279.36
10450,237.07,-142.25,0.6,948.28
10451,549.54,-338.94,0.4,1099.08
10452,216.99,-499.11,0.7,433.98
10453,227.43,-34.32,0.27,1137.15
10454,315.36,85.14,0.0,1892.16
10455,5.34,1.87,0.2,5.34
10456,232.65,116.25,0.0,1163.25
10457,207.36,31.08,0.0,829.44
10458,288.19,-180.17,0.6,1152.76
10459,95.16,23.76,0.0,285.48
10460,160.2,35.1,0.0,961.1999999999999
10461,206.01,-206.01,0.5,618.03
10462,217.4,80.4,0.0,1087.0
10463,25.99,7.54,0.0,25.99
10464,127.01,-7.18,0.1,889.07
10465,83.69,30.47,0.15,167.38
10466,37.31,2.8,0.2,149.24
10467,326.19,64.71,0.002,652.38
10468,34.24,16.09,0.0,136.96
10469,210.6,-28.08,0.25,2527.2
10470,348.69,-20.58,0.15,1046.07
10471,124.26,32.28,0.0,372.78000000000003
10472,338.94,128.73,0.0,2372.58
10473,142.98,48.21,0.17,428.93999999999994
10474,382.41,3.78,0.0,1147.23
10475,61.39,-89.09,0.6,245.56
10476,244.14,82.98,0.0,488.28
10477,166.12,3.32,0.0,332.24
10478,283.32,42.48,0.4,1133.28
10479,225.4,75.04,0.1,901.6
10480,82.16,22.16,0.0,164.32
10481,51.18,19.19,0.2,358.26
10482,241.5,28.95,0.0,1207.5
10483,186.0,-251.1,0.6,930.0
10484,240.57,58.77,0.1,1202.85
10485,227.82,22.74,0.0,455.64
10486,68.94,-63.54,0.5,827.28
10487,336.53,74.69,0.1,2692.24
10488,132.26,-119.1,0.6,529.04
10489,43.06,15.61,0.2,387.54
10490,203.18,-36.82,0.17,1015.9000000000001
10491,64.08,2.52,0.0,256.32
10492,348.66,146.4,0.0,697.32
10493,142.07,14.18,0.1,426.21
10494,73.28,21.25,0.0,293.12
10495,223.2,69.12,0.0,669.5999999999999
10496,43.34,-10.21,0.4,303.38
10497,136.14,59.88,0.0,272.28
10498,298.62,44.73,0.0,2090.34
10499,17.34,8.5,0.0,52.019999999999996
10500,242.05,-28.49,0.15,484.1
10501,56.28,24.12,0.0,337.68
10502,77.28,33.2,0.0,154.56
10503,163.92,73.68,0.0,983.52
10504,96.84,18.36,0.0,193.68
10505,329.1,3.63,0.1,329.1
10506,168.86,35.96,0.25,844.3000000000001
10507,132.15,28.95,0.0,660.75
10508,180.12,63.03,0.0,180.12
10509,550.14,-96.3,0.2,1100.28
10510,64.24,-62.12,0.7,128.48
10511,245.04,9.78,0.0,490.08
10512,2.69,-2.25,0.7,5.38
10513,336.96,-59.0,0.2,673.92
10514,96.66,30.87,0.0,289.98
10515,232.2,-40.98,0.15,464.4
10516,166.83,4.98,0.0,166.83
10517,286.09,104.83,0.1,1716.54
10518,181.54,-22.7,0.2,363.08
10519,706.86,197.92,0.0,4948.02
10520,254.93,45.29,0.1,509.86
10521,145.35,46.5,0.0,145.35
10522,241.8,62.82,0.0,483.6
10523,281.34,104.04,0.0,562.68
10524,437.48,-34.03,0.1,1312.44
10525,268.85,-53.79,0.4,1075.4
10526,3.88,-5.82,0.8,11.64
10527,107.6,3.5,0.1,538.0
10528,447.94,89.59,0.2,3135.58
10529,300.1,-318.2,0.602,900.3000000000001
10530,138.6,0.0,0.0,554.4
10531,177.88,27.64,0.1,711.52
10532,310.14,43.38,0.0,930.42
10533,307.67,-14.48,0.15,615.34
10534,119.8,47.92,0.0,479.2
10535,169.5,50.82,0.0,339.0
10536,102.84,9.24,0.0,205.68
10537,221.35,36.85,0.1,442.7
10538,92.59,28.93,0.2,277.77
10539,82.38,25.54,0.0,494.28
10540,206.66,41.3,0.1,413.32
10541,119.76,-88.98,0.65,239.52
10542,69.04,22.76,0.0,138.08
10543,195.19,-48.08,0.47,1756.71
10544,485.94,-89.09,0.4,971.88
10545,321.86,-568.66,0.7,643.72
10546,206.64,72.24,0.0,1653.12
10547,204.54,94.08,0.0,409.08
10548,188.84,41.52,0.0,377.68
10549,222.52,55.6,0.0,445.04
10550,97.89,-45.03,0.5,195.78
10551,428.4,89.96,0.0,1285.1999999999998
10552,108.86,-6.16,0.1,653.16
10553,183.74,-12.32,0.1,918.7
10554,211.7,67.44,0.002,211.7
10555,190.54,45.64,0.0,1333.78
10556,79.76,30.28,0.0,159.52
10557,94.82,-0.1,0.5,663.74
10558,156.06,-175.59,0.6,156.06
10559,171.99,6.84,0.0,515.97
10560,173.94,-104.4,0.5,347.88
10561,257.25,69.45,0.0,1286.25
10562,108.24,46.44,0.0,432.96
10563,43.92,15.92,0.2,219.60000000000002
10564,248.82,89.55,0.0,248.82
10565,153.0,55.08,0.0,918.0
10566,107.33,11.93,0.1,321.99
10567,7.15,0.72,0.2,21.450000000000003
10568,190.32,9.48,0.0,761.28
10569,37.68,15.83,0.0,75.36
10570,170.04,83.31,0.0,170.04
10571,210.64,50.48,0.0,842.56
10572,312.21,62.43,0.0,312.21
10573,191.28,24.84,0.0,765.12
10574,32.9,11.1,0.2,131.6
10575,424.2,161.16,0.0,848.4
10576,127.71,8.46,0.1,638.55
10577,1295.78,310.99,0.0,2591.56
10578,770.35,77.04,0.2,2311.05
10579,482.34,-337.64,0.7,1929.36
10580,246.12,-91.56,0.3,1968.96
10581,117.07,39.49,0.2,351.21
10582,206.98,62.06,0.2,413.96
10583,144.6,7.2,0.0,723.0
10584,313.18,-120.05,0.4,626.36
10585,73.2,30.72,0.0,73.2
10586,250.27,15.64,0.2,2252.4300000000003
10587,264.3,49.92,0.1,792.9000000000001
10588,118.8,14.22,0.0,712.8
10589,352.98,158.76,0.0,2117.88
10590,124.26,6.18,0.0,248.52
10591,30.48,9.91,0.2,182.88
10592,422.35,-211.21,0.4,844.7
10593,109.52,27.32,0.2,547.6
10594,41.86,10.47,0.0,293.02
10595,219.78,83.46,0.0,439.56
10596,162.45,52.77,0.17,649.8
10597,1979.89,494.97,0.0,21778.79
10598,582.34,-29.12,0.2,4658.72
10599,168.46,-29.48,0.2,336.92
10600,235.08,-149.67,0.45,2115.7200000000003
10601,83.82,39.38,0.0,922.02
10602,498.24,-16.62,0.4,1494.72
10603,368.53,-307.15,0.7,737.06
10604,142.85,46.37,0.2,428.54999999999995
10605,230.02,-40.38,0.2,1840.16
10606,180.1,-2.26,0.2,360.2
10607,377.97,109.61,0.0,1133.91
10608,109.95,36.28,0.0,109.95
10609,456.65,102.05,0.15,913.3
10610,129.76,42.8,0.0,519.04
10611,124.32,12.42,0.0,372.96
10612,102.54,18.42,0.0,205.08
10613,271.36,17.5,0.07,542.72
10614,221.02,-55.26,0.2,442.04
10615,84.66,-33.87,0.6,84.66
10616,106.56,0.99,0.0,319.68
10617,146.52,40.95,0.0,439.56000000000006
10618,146.16,58.32,0.0,876.96
10619,237.75,30.9,0.0,1188.75
10620,317.95,-63.65,0.2,953.8499999999999
10621,178.32,51.6,0.0,713.28
10622,272.52,136.2,0.0,1090.08
10623,9.64,4.72,0.0,19.28
10624,6.24,0.55,0.2,18.72
10625,164.48,18.08,0.0,657.92
10626,128.48,-17.14,0.4,385.43999999999994
10627,150.66,54.18,0.0,451.98
10628,107.94,36.66,0.0,215.88
10629,442.8,97.4,0.0,4428.0
10630,123.12,54.16,0.0,492.48
10631,180.0,5.4,0.0,540.0
10632,175.24,33.28,0.0,350.48
10633,181.26,28.98,0.0,1087.56
10634,207.84,0.0,0.0,831.36
10635,113.76,1.08,0.0,227.52
10636,206.95,31.81,0.35,206.95
10637,121.5,59.52,0.0,243.0
10638,3.38,1.25,0.0,3.38
10639,258.75,10.35,0.0,258.75
10640,130.56,50.88,0.0,261.12
10641,177.48,3.52,0.0,354.96
10642,275.88,77.22,0.0,827.64
10643,132.92,53.09,0.1,398.76
10644,246.21,93.54,0.0,246.21
10645,136.95,45.15,0.0,684.75
10646,116.24,10.31,0.1,348.71999999999997
10647,98.2,24.54,0.0,98.2
10648,197.76,13.8,0.0,791.04
10649,294.66,46.98,0.0,1767.96
10650,193.16,52.85,0.27,579.48
10651,336.0,23.52,0.0,2352.0
10652,295.05,123.9,0.0,2065.35
10653,63.99,-7.11,0.1,191.97
10654,339.48,27.12,0.0,678.96
10655,222.56,109.04,0.0,445.12
10656,383.04,119.7,0.2,3447.36
10657,105.09,39.41,0.2,420.36
10658,220.09,69.88,0.15,660.27
10659,91.92,26.64,0.0,735.36
10660,147.0,46.95,0.0,735.0
10661,169.68,30.54,0.0,169.68
10662,76.12,22.07,0.0,152.24
10663,104.71,-128.3,0.6,104.71
10664,346.92,100.56,0.0,693.84
10665,203.98,0.0,0.0,1427.86
10666,221.76,84.14,0.0,1552.32
10667,197.86,-98.96,0.6,593.58
10668,76.37,-84.01,0.6,152.74
10669,92.43,25.83,0.0,277.29
10670,79.9,31.9,0.0,399.5
10671,348.36,5.8,0.4,696.72
10672,298.73,-28.15,0.15,896.19
10673,227.4,49.95,0.0,1137.0
10674,48.42,-22.32,0.5,96.84
10675,163.98,0.0,0.0,491.93999999999994
10676,59.82,23.88,0.0,119.64
10677,236.1,73.14,0.0,472.2
10678,76.26,20.58,0.0,152.52
10679,121.32,16.96,0.0,242.64
10680,165.39,72.55,0.002,330.78
10681,444.96,-371.04,0.7,4449.599999999999
10682,116.94,-261.18,0.7,116.94
10683,899.95,54.0,0.0,4499.75
10684,268.32,88.5,0.0,804.96
10685,501.81,0.0,0.0,1505.43
10686,205.9,22.48,0.27,1235.4
10687,406.37,30.48,0.2,1625.48
10688,191.8,40.2,0.0,959.0
10689,326.97,76.17,0.1,1634.8500000000001
10690,249.57,4.98,0.0,249.57
10691,158.76,50.76,0.0,952.56
10692,97.32,17.46,0.0,194.64
10693,122.97,60.26,0.0,368.90999999999997
10694,205.58,82.19,0.1,616.74
10695,276.78,89.95,0.2,553.56
10696,163.98,0.0,0.0,491.93999999999994
10697,119.08,7.02,0.0,1548.04
10698,124.14,43.44,0.0,248.28
10699,164.88,57.69,0.0,494.64
10700,637.7,31.78,0.0,4463.900000000001
10701,6.48,3.11,0.0,6.48
10702,322.2,132.0,0.0,1288.8
10703,208.53,1.89,0.0,1459.71
10704,117.74,22.26,0.0,824.18
10705,89.04,-22.26,0.2,89.04
10706,162.54,81.18,0.0,975.24
10707,101.01,15.12,0.0,707.07
10708,93.18,23.28,0.0,186.36
10709,279.54,95.04,0.0,559.08
10710,457.11,59.4,0.0,4113.99
10711,191.86,74.58,0.002,383.72
10712,96.0,22.05,0.0,480.0
10713,457.7,64.0,0.0,2288.5
10714,177.77,7.85,0.1,1422.16
10715,413.1,8.25,0.0,413.1
10716,67.92,25.8,0.0,271.68
10717,84.0,3.36,0.0,588.0
10718,195.72,27.36,0.0,782.88
10719,267.07,96.79,0.2,801.21
10720,243.78,4.86,0.0,243.78
10721,251.64,12.51,0.0,754.92
10722,19.44,9.33,0.0,58.32000000000001
10723,127.1,28.6,0.2,762.5999999999999
10724,56.76,11.88,0.0,227.04
10725,88.74,17.7,0.0,266.21999999999997
10726,119.85,34.65,0.0,599.25
10727,227.96,36.44,0.0,455.92
10728,161.22,45.12,0.0,161.22
10729,82.89,12.42,0.0,248.67000000000002
10730,80.82,37.17,0.0,242.45999999999998
10731,52.7,2.3,0.1,105.4
10732,23.88,10.51,0.0,71.64
10733,137.3,23.09,0.17,411.90000000000003
10734,140.4,8.28,0.0,842.4000000000001
10735,268.32,24.12,0.0,536.64
10736,266.61,55.98,0.0,266.61
10737,239.76,21.3,0.1,479.52
10738,147.15,69.15,0.0,147.15
10739,126.51,53.13,0.0,126.51
10740,204.63,57.27,0.0,204.63
10741,132.87,38.52,0.0,132.87
10742,146.22,17.52,0.0,292.44
10743,117.0,36.15,0.0,585.0
10744,128.25,28.17,0.0,384.75
10745,333.84,86.76,0.0,667.68
10746,196.03,-29.45,0.2,588.09
10747,370.4,29.6,0.0,1852.0
10748,70.2,5.46,0.1,140.4
10749,218.84,-269.92,0.7,437.68
10750,311.62,34.26,0.0,311.62
10751,124.44,24.87,0.0,124.44
10752,232.62,69.78,0.0,465.24
10753,54.7,-68.39,0.6,54.7
10754,245.7,2.7,0.1,491.4
10755,95.72,-3.61,0.47,670.04
10756,130.94,-153.94,0.6,1047.52
10757,55.6,16.12,0.0,222.4
10758,411.75,156.45,0.0,411.75
10759,165.96,56.4,0.0,497.88
10760,92.46,38.82,0.0,184.92
10761,228.48,13.65,0.0,1599.36
10762,293.4,8.64,0.0,1760.3999999999999
10763,109.1,-106.42,0.6,218.2
10764,182.3,-11.03,0.5,546.9000000000001
10765,131.01,21.48,0.27,393.03
10766,217.1,30.3,0.0,1085.5
10767,289.32,86.76,0.0,578.64
10768,355.5,7.02,0.0,2133.0
10769,132.97,-37.69,0.4,930.79
10770,231.48,55.44,0.0,925.92
10771,181.1,-30.58,0.17,1267.7
10772,150.26,25.04,0.1,150.26
10773,87.17,8.72,0.2,174.34
10774,190.34,-99.94,0.6,190.34
10775,342.62,61.88,0.17,685.24
10776,125.5,36.3,0.0,627.5
10777,99.0,12.8,0.0,495.0
10778,166.08,-21.57,0.15,498.24
10779,262.6,14.56,0.1,525.2
10780,205.74,-5.52,0.25,411.48
10781,388.77,-13.17,0.1,2721.39
10782,182.08,-186.64,0.6,728.32
10783,396.9,182.52,0.0,1190.6999999999998
10784,80.58,22.56,0.0,483.48
10785,165.96,26.52,0.0,331.92
10786,7.86,3.62,0.0,15.72
10787,308.22,-240.42,0.5,616.44
10788,170.88,34.08,0.0,683.52
10789,213.12,106.56,0.0,852.48
10790,347.88,163.5,0.0,695.76
10791,149.58,0.0,0.0,448.74
10792,173.8,-87.02,0.4,1216.6000000000001
10793,191.61,55.53,0.0,574.83
10794,248.58,77.04,0.0,497.16
10795,245.13,83.34,0.0,245.13
10796,382.32,29.7,0.1,1146.96
10797,87.83,-24.97,0.47,351.32
10798,170.9,82.02,0.0,170.9
10799,155.85,35.7,0.0,779.25
10800,173.34,76.23,0.0,520.02
10801,86.69,-80.35,0.6,693.52
10802,220.59,88.02,0.0,1985.31
10803,162.86,68.66,0.1,651.44
10804,113.92,-70.52,0.45,455.68
10805,97.78,-26.12,0.4,195.56
10806,280.67,106.01,0.1,280.67
10807,287.78,111.86,0.002,863.3399999999999
10808,113.64,9.44,0.4,568.2
10809,64.08,2.52,0.0,384.48
10810,222.36,60.0,0.0,667.08
10811,257.26,40.0,0.1,1543.56
10812,314.53,-83.88,0.4,629.06
10813,196.92,78.72,0.0,787.68
10814,49.2,18.15,0.0,246.0
10815,390.72,46.8,0.0,3125.76
10816,61.39,-3.09,0.4,245.56
10817,182.61,51.12,0.0,182.61
10818,237.5,-261.34,0.6,950.0
10819,166.54,36.94,0.1,499.62
10820,48.4,23.23,0.0,242.0
10821,114.84,57.42,0.0,229.68
10822,77.5,3.8,0.0,387.5
10823,146.22,13.14,0.0,438.65999999999997
10824,58.32,7.02,0.1,291.6
10825,159.0,31.8,0.0,636.0
10826,195.78,9.78,0.0,587.34
10827,94.5,-21.45,0.25,472.5
10828,132.91,-83.09,0.6,265.82
10829,692.03,310.53,0.002,4844.21
10830,53.7,4.29,0.0,53.7
10831,58.44,7.56,0.0,116.88
10832,264.38,23.45,0.1,793.14
10833,207.36,35.25,0.0,207.36
10834,49.44,14.31,0.0,49.44
10835,131.84,-0.06,0.2,659.2
10836,184.68,35.04,0.0,738.72
10837,231.12,103.92,0.0,1386.72
10838,171.84,65.28,0.0,343.68
10839,99.54,27.84,0.0,199.08
10840,1.39,-3.76,0.8,2.78
10841,345.6,9.87,0.3,345.6
10842,124.86,48.69,0.0,124.86
10843,106.8,29.88,0.0,427.2
10844,247.21,-27.47,0.1,494.42
10845,50.94,14.22,0.0,305.64
10846,161.0,30.5,0.0,805.0
10847,155.34,27.9,0.0,466.02
10848,273.12,-95.6,0.4,1092.48
10849,359.06,-35.91,0.3,1077.18
10850,118.8,39.15,0.0,1069.2
10851,231.39,-189.81,0.5,2082.5099999999998
10852,127.47,22.65,0.1,127.47
10853,161.64,74.34,0.0,969.8399999999999
10854,351.75,59.64,0.0,2462.25
10855,194.34,36.9,0.0,388.68
10856,95.04,23.76,0.0,380.16
10857,87.5,6.5,0.2,262.5
10858,2270.34,1112.4,0.0,13622.04
10859,228.75,107.4,0.0,1143.75
10860,126.69,-25.95,0.17,380.07
10861,192.36,17.28,0.0,769.44
10862,117.29,32.24,0.2,351.87
10863,239.73,-535.44,0.7,719.1899999999999
10864,56.46,0.0,0.0,112.92
10865,201.36,12.0,0.0,805.44
10866,60.6,13.92,0.0,181.8
10867,173.6,62.4,0.0,1736.0
10868,297.84,113.16,0.0,893.52
10869,674.35,-8.43,0.2,2023.0500000000002
10870,259.47,49.71,0.27,2075.76
10871,198.5,19.82,0.1,794.0
10872,215.01,88.11,0.0,645.03
10873,238.08,26.16,0.0,1904.64
10874,367.56,14.67,0.0,1102.68
10875,256.35,89.7,0.0,1281.75
10876,74.49,28.29,0.0,74.49
10877,101.76,0.0,0.0,203.52
10878,179.48,52.04,0.0,358.96
10879,296.64,133.44,0.0,593.28
10880,160.87,1.75,0.1,965.22
10881,891.12,89.02,0.2,4455.6
10882,166.1,58.1,0.0,830.5
10883,103.88,43.4,0.0,1454.32
10884,179.46,69.93,0.0,538.38
10885,221.4,57.54,0.0,442.8
10886,48.87,23.95,0.0,439.83
10887,54.21,8.81,0.2,758.94
10888,229.39,-141.49,0.4,917.56
10889,259.25,-32.41,0.2,777.75
10890,105.84,48.66,0.0,211.68
10891,200.16,-60.12,0.6,800.64
10892,285.36,39.84,0.0,1141.44
10893,205.1,-205.1,0.5,2871.4
10894,216.96,82.44,0.0,867.84
10895,168.21,65.34,0.0,1513.89
10896,96.01,-6.47,0.1,384.04
10897,242.55,43.56,0.0,2668.05
10898,210.12,37.8,0.0,840.48
10899,38.88,18.66,0.0,233.28000000000003
10900,240.37,7.21,0.0,240.37
10901,185.28,48.12,0.0,741.12
10902,242.94,9.72,0.0,728.8199999999999
10903,271.14,71.14,0.2,542.28
10904,122.5,-2.06,0.4,245.0
10905,147.18,-29.44,0.2,294.36
10906,446.4,26.7,0.0,2232.0
10907,57.93,17.94,0.0,57.93
10908,268.17,17.25,0.07,536.34
10909,278.16,133.44,0.0,1112.64
10910,276.96,11.04,0.0,553.92
10911,175.92,73.86,0.0,351.84
10912,114.0,45.6,0.0,456.0
10913,301.89,3.0,0.0,301.89
10914,460.36,-49.58,0.35,920.72
10915,300.32,105.04,0.0,1201.28
10916,235.33,81.01,0.1,941.32
10917,1105.76,530.72,0.0,8846.08
10918,303.91,64.15,0.1,607.82
10919,55.98,4.2,0.2,111.96
10920,193.1,-51.58,0.4,772.4
10921,57.12,6.24,0.0,228.48
10922,177.48,40.8,0.0,709.92
10923,236.7,4.65,0.0,1183.5
10924,199.08,81.62,0.0,1393.5600000000002
10925,329.1,161.25,0.0,1645.5
10926,30.84,8.33,0.0,61.68
10927,248.29,79.99,0.1,496.58
10928,444.88,4.4,0.0,1779.52
10929,47.9,-2.99,0.2,47.9
10930,7.98,2.07,0.0,23.94
10931,200.64,98.28,0.0,802.56
10932,182.88,16.38,0.0,1097.28
10933,318.89,35.84,0.2,956.67
10934,290.78,-116.33,0.5,1453.8999999999999
10935,279.54,58.68,0.0,559.08
10936,230.2,5.08,0.1,460.4
10937,179.88,61.08,0.0,1079.28
10938,647.9,56.69,0.2,3887.3999999999996
10939,403.17,25.2,0.2,1612.68
10940,387.09,127.71,0.0,387.09
10941,418.82,40.34,0.17,1675.28
10942,132.8,9.28,0.0,265.6
10943,146.7,20.52,0.0,293.4
10944,448.65,107.55,0.0,2243.25
10945,11.52,-7.68,0.7,57.599999999999994
10946,12.67,-3.17,0.2,38.01
10947,114.87,16.08,0.0,114.87
10948,287.94,0.0,0.0,575.88
10949,96.0,31.68,0.0,192.0
10950,119.1,34.54,0.0,357.29999999999995
10951,185.92,59.48,0.0,371.84
10952,371.95,33.04,0.1,371.95
10953,795.41,59.66,0.2,4772.46
10954,364.92,83.91,0.0,364.92
10955,248.58,84.48,0.0,497.16
10956,398.52,115.56,0.0,797.04
10957,130.52,-179.48,0.6,652.6
10958,81.57,7.14,0.2,163.14
10959,100.7,-1.26,0.2,604.2
10960,99.37,-1.42,0.3,198.74
10961,66.0,27.0,0.0,264.0
10962,194.32,31.09,0.0,777.28
10963,252.83,-379.33,0.7,1011.32
10964,108.48,41.22,0.0,216.96
10965,191.6,13.36,0.0,766.4
10966,313.44,50.13,0.0,313.44
10967,311.76,105.84,0.0,1870.56
10968,256.17,86.73,0.002,768.51
10969,366.84,117.36,0.0,366.84
10970,322.97,-0.01,0.4,322.97
10971,119.83,7.05,0.15,119.83
10972,123.75,-42.15,0.5,618.75
10973,192.63,39.54,0.27,577.89
10974,123.42,-33.78,0.45,617.1
10975,57.06,6.84,0.0,171.18
10976,315.54,75.6,0.0,1893.2400000000002
10977,82.04,-32.68,0.47,656.32
10978,110.25,19.8,0.0,551.25
10979,310.55,-24.16,0.1,931.6500000000001
10980,226.53,-0.03,0.1,453.06
10981,192.84,46.2,0.0,771.36
10982,130.62,0.0,0.0,914.34
10983,389.04,73.84,0.0,1556.16
10984,301.77,9.03,0.0,301.77
10985,226.87,-37.4,0.15,226.87
10986,134.64,43.02,0.0,403.91999999999996
10987,222.62,-8.38,0.2,1335.72
10988,198.02,-237.64,0.6,396.04
10989,245.13,44.1,0.0,245.13
10990,172.22,-74.74,0.4,1033.32
10991,227.89,4.87,0.07,455.78
10992,93.05,-69.79,0.6,186.1
10993,221.85,22.14,0.0,665.55
10994,52.08,17.7,0.0,104.16
10995,275.7,79.95,0.0,1378.5
10996,968.74,314.84,0.2,6781.18
10997,172.62,53.49,0.0,172.62
10998,273.55,-13.68,0.2,820.6500000000001
10999,642.78,44.97,0.0,642.78
11000,231.52,-69.5,0.4,463.04
11001,638.82,185.26,0.0,5749.38
11002,263.52,60.48,0.0,1581.12
11003,65.68,15.04,0.0,262.72
11004,164.39,-35.62,0.4,328.78
11005,129.39,9.09,0.15,258.78
11006,81.96,32.76,0.0,327.84
11007,162.0,38.88,0.0,648.0
11008,169.92,-81.63,0.5,509.76
11009,339.36,-217.2,0.5,1357.44
11010,169.95,23.79,0.0,169.95
11011,286.5,-194.85,0.5,1432.5
11012,268.81,83.59,0.1,537.62
11013,202.44,60.72,0.0,404.88
11014,78.12,5.4,0.0,468.72
11015,211.72,-423.44,0.7,846.88
11016,152.06,-10.18,0.1,304.12
11017,158.76,-59.58,0.6,317.52
11018,168.03,20.16,0.0,168.03
11019,240.34,-136.22,0.4,961.36
11020,88.56,-10.35,0.4,265.68
11021,162.54,17.82,0.0,325.08
11022,128.74,17.14,0.4,514.96
11023,368.35,18.39,0.4,736.7
11024,419.31,88.02,0.0,1257.93
11025,127.73,-53.78,0.5,638.65
11026,358.16,128.92,0.0,716.32
11027,139.5,29.16,0.0,837.0
11028,239.04,31.05,0.0,239.04
11029,271.08,51.3,0.0,2439.72
11030,99.84,32.94,0.0,199.68
11031,360.24,75.6,0.0,2881.92
11032,449.91,-90.0,0.5,1349.73
11033,474.44,-52.72,0.1,948.88
11034,116.94,-261.18,0.7,116.94
11035,212.21,-74.35,0.4,848.84
11036,282.07,-3.41,0.17,1128.28
11037,645.97,212.71,0.15,1937.91
11038,188.37,71.4,0.0,1318.5900000000001
11039,545.94,114.48,0.0,3275.6400000000003
11040,230.26,20.44,0.1,460.52
11041,249.93,52.47,0.0,749.79
11042,312.51,3.12,0.0,312.51
11043,177.52,7.04,0.0,710.08
11044,350.24,105.02,0.1,700.48
11045,175.8,79.08,0.0,703.2
11046,157.87,7.27,0.35,315.74
11047,450.6,24.99,0.1,1351.8000000000002
11048,256.56,120.57,0.0,256.56
11049,168.24,57.18,0.0,168.24
11050,642.0,179.7,0.0,3210.0
11051,103.68,5.76,0.1,414.72
11052,153.66,52.86,0.1,460.98
11053,562.68,208.08,0.0,2250.72
11054,339.36,61.08,0.0,678.72
11055,412.02,-412.02,0.5,2472.12
11056,184.75,-20.78,0.2,554.25
11057,245.13,83.34,0.0,245.13
11058,149.95,31.49,0.0,749.75
11059,170.34,10.2,0.0,170.34
11060,50.11,16.29,0.2,300.65999999999997
11061,38.88,18.66,0.0,233.28000000000003
11062,139.65,15.3,0.0,698.25
11063,175.82,7.7,0.1,703.28
11064,56.7,27.78,0.0,113.4
11065,192.24,-52.74,0.27,1153.44
11066,192.62,-295.36,0.7,1155.72
11067,151.65,53.01,0.0,454.95000000000005
11068,249.95,87.48,0.0,1249.75
11069,218.84,-21.94,0.4,437.68
11070,202.23,16.17,0.0,1415.61
11071,110.05,-53.21,0.4,330.15
11072,104.73,-5.97,0.1,942.57
11073,397.71,-13.32,0.1,1193.1299999999999
11074,360.24,126.06,0.0,720.48
11075,151.92,51.63,0.0,151.92
11076,58.37,-64.24,0.7,58.37
11077,176.94,37.08,0.0,1061.6399999999999
11078,912.6,428.76,0.0,10951.2
11079,145.89,21.87,0.0,145.89
11080,207.6,41.4,0.2,1038.0
11081,131.76,9.2,0.0,527.04
11082,194.78,53.54,0.2,389.56
11083,418.62,105.87,0.17,1255.8600000000001
11084,292.8,14.64,0.0,1171.2
11085,103.12,-147.86,0.7,206.24
11086,247.32,2.46,0.0,247.32
11087,273.3,-224.22,0.5,1093.2
11088,189.62,31.58,0.1,189.62
11089,683.6,328.08,0.0,2734.4
11090,95.42,34.46,0.2,1145.04
11091,105.6,39.0,0.0,422.4
11092,198.4,-59.54,0.6,198.4
11093,194.47,-58.37,0.4,777.88
11094,755.09,-419.31,0.402,3775.4500000000003
11095,191.21,-187.43,0.5,573.63
11096,546.56,142.08,0.0,4372.48
11097,246.78,54.24,0.0,740.34
11098,214.8,0.0,0.0,859.2
11099,349.32,83.82,0.0,698.64
11100,185.28,48.12,0.0,741.12
11101,258.9,-165.9,0.5,2589.0
11102,187.74,9.02,0.002,375.48
11103,225.08,92.28,0.0,450.16
11104,107.4,8.58,0.0,214.8
11105,316.8,158.4,0.0,3801.6000000000004
11106,214.52,16.49,0.1,1501.64
11107,263.73,113.4,0.0,263.73
11108,310.72,72.46,0.1,621.44
11109,385.2,107.82,0.0,1155.6
11110,244.21,-116.3,0.37,244.21
11111,209.09,-20.95,0.4,418.18
11112,32.56,8.47,0.0,65.12
11113,151.02,-83.86,0.402,151.02
11114,142.68,32.76,0.0,428.04
11115,136.59,38.22,0.0,136.59
11116,191.03,-382.09,0.7,382.06
11117,356.51,-231.73,0.4,713.02
11118,350.38,37.9,0.002,700.76
11119,193.32,-166.32,0.5,579.96
11120,232.2,-448.92,0.7,1393.1999999999998
11121,143.48,-123.53,0.5,717.4
11122,115.5,49.62,0.0,231.0
11123,141.44,67.84,0.0,565.76
11124,248.18,104.78,0.1,496.36
11125,158.16,72.72,0.0,632.64
11126,132.05,-55.03,0.4,396.15000000000003
11127,77.46,3.09,0.0,77.46
11128,281.34,11.22,0.0,844.02
11129,14.16,5.13,0.2,28.32
11130,207.12,76.56,0.0,828.48
11131,248.42,-173.92,0.7,496.84
11132,316.47,94.92,0.0,2215.29
11133,313.92,-204.08,0.4,1255.68
11134,112.1,13.64,0.1,336.29999999999995
11135,12.83,4.33,0.2,25.66
11136,345.24,37.8,0.0,2416.6800000000003
11137,140.91,57.75,0.0,140.91
11138,128.52,64.2,0.0,514.08
11139,289.07,115.61,0.15,578.14
11140,187.94,-18.82,0.2,375.88
11141,10.5,1.18,0.2,42.0
11142,288.36,14.4,0.0,576.72
11143,278.64,55.62,0.0,1671.84
11144,344.64,165.42,0.0,1033.92
11145,381.59,80.54,0.1,1144.77
11146,811.94,-27.22,0.1,5683.58
11147,466.96,-109.07,0.4,3268.72
11148,240.91,-144.65,0.4,1445.46
11149,243.0,119.04,0.0,972.0
11150,173.25,45.0,0.0,866.25
11151,90.6,18.0,0.0,453.0
11152,177.88,-0.08,0.1,711.52
11153,333.66,3.3,0.0,1000.98
11154,225.6,58.65,0.0,1128.0
11155,284.76,14.22,0.0,569.52
11156,188.55,-2.69,0.3,1319.8500000000001
11157,721.88,-420.0,0.45,4331.28
11158,95.04,30.36,0.0,380.16
11159,137.6,67.36,0.0,550.4
11160,70.76,2.66,0.47,353.8
11161,170.28,-306.6,0.7,681.12
11162,594.86,273.56,0.0,4164.02
11163,248.02,49.6,0.1,496.04
11164,323.4,70.98,0.0,2263.7999999999997
11165,175.68,79.02,0.0,1054.08
11166,855.45,205.2,0.0,4277.25
11167,642.72,224.94,0.0,1285.44
11168,73.94,-157.78,0.7,147.88
11169,18.9,8.69,0.0,56.699999999999996
11170,198.84,63.6,0.0,795.36
11171,224.82,6.72,0.0,449.64
11172,116.22,40.62,0.0,348.65999999999997
11173,7.92,1.68,0.2,39.6
11174,151.56,43.92,0.0,454.68
11175,164.2,82.1,0.0,821.0
11176,268.51,-3.41,0.2,1611.06
11177,21.31,7.99,0.2,63.92999999999999
11178,121.2,42.24,0.0,969.6
11179,162.84,-54.36,0.4,814.2
11180,141.91,-7.94,0.1,425.73
11181,204.96,92.19,0.0,1434.72
11182,127.44,9.9,0.1,127.44
11183,119.05,-45.65,0.4,119.05
11184,292.2,119.76,0.0,1168.8
11185,141.29,-56.59,0.3,565.16
11186,161.11,-27.29,0.35,322.22
11187,197.94,-126.72,0.5,395.88
11188,195.76,46.96,0.0,391.52
11189,373.08,82.08,0.0,2238.48
11190,309.54,-49.56,0.5,2166.78
11191,266.22,69.18,0.0,532.44
11192,241.8,62.82,0.0,483.6
11193,137.07,21.87,0.0,411.21
11194,1076.41,-38.03,0.15,4305.64
11195,367.52,-16.36,0.1,735.04
11196,67.41,-67.41,0.5,404.46
11197,113.52,21.48,0.0,454.08
11198,151.2,0.0,0.37,302.4
11199,119.81,-10.03,0.4,479.24
11200,155.85,4.65,0.0,779.25
11201,276.44,-304.12,0.7,276.44
11202,230.88,99.24,0.0,461.76
11203,359.85,147.51,0.0,359.85
11204,142.47,44.16,0.0,142.47
11205,866.65,173.33,0.1,2599.95
11206,266.4,47.94,0.0,532.8
11207,223.1,33.44,0.2,669.3
11208,391.2,97.68,0.0,4694.4
11209,192.6,32.7,0.0,963.0
11210,195.72,17.52,0.0,782.88
11211,79.59,28.56,0.0,557.13
11212,763.44,45.81,0.0,6107.52
11213,263.67,65.91,0.0,263.67
11214,272.76,57.24,0.0,545.52
11215,118.95,11.85,0.0,594.75
11216,224.82,29.22,0.0,449.64
11217,286.44,14.28,0.0,859.3199999999999
11218,537.6,91.38,0.0,1075.2
11219,111.12,23.28,0.0,333.36
11220,66.99,24.78,0.0,66.99
11221,101.88,17.28,0.0,611.28
11222,257.76,18.0,0.0,515.52
11223,101.04,29.28,0.0,202.08
11224,85.19,4.64,0.1,425.95
11225,236.34,115.74,0.0,1418.04
11226,19.52,5.37,0.2,39.04
11227,283.2,25.4,0.0,1416.0
11228,91.92,9.18,0.0,275.76
11229,14.62,6.87,0.0,29.24
11230,286.01,63.89,0.15,572.02
11231,369.47,-591.17,0.7,738.94
11232,243.54,104.49,0.0,2191.86
11233,388.62,85.44,0.0,777.24
11234,155.34,4.59,0.0,466.02
11235,192.78,96.3,0.0,1156.68
11236,138.69,31.74,0.17,138.69
11237,724.8,79.68,0.0,1449.6
11238,177.69,58.62,0.0,177.69
11239,241.49,-124.81,0.4,724.47
11240,200.16,36.0,0.0,400.32
11241,141.4,32.48,0.0,989.8000000000001
11242,191.31,24.78,0.0,1339.17
11243,163.97,-38.27,0.4,655.88
11244,333.48,110.04,0.0,2334.36
11245,161.35,-7.37,0.1,1290.8
11246,222.71,-273.62,0.65,222.71
11247,173.58,69.42,0.0,173.58
11248,211.1,-89.86,0.6,1266.6
11249,242.1,14.4,0.0,1210.5
11250,204.38,30.62,0.2,817.52
11251,90.8,31.76,0.0,363.2
11252,232.47,-112.56,0.4,1627.29
11253,87.53,-160.51,0.7,175.06
11254,309.75,0.0,0.0,309.75
11255,346.43,93.03,0.002,692.86
11256,148.17,53.34,0.0,148.17
11257,163.32,21.12,0.0,653.28
11258,159.77,13.82,0.2,1118.39
11259,342.08,0.0,0.0,684.16
11260,171.4,-114.26,0.4,514.2
11261,255.08,30.52,0.0,1785.5600000000002
11262,244.98,39.06,0.0,1469.8799999999999
11263,192.16,92.24,0.0,768.64
11264,369.99,129.42,0.0,1109.97
11265,253.76,31.02,0.1,507.52
11266,318.03,73.14,0.0,318.03
11267,277.92,41.58,0.0,1667.52
11268,273.57,10.26,0.2,547.14
11269,382.21,41.35,0.002,1146.6299999999999
11270,206.4,99.0,0.0,825.6
11271,86.56,-176.06,0.7,519.36
11272,259.61,72.59,0.25,1557.66
11273,64.0,19.2,0.0,128.0
11274,67.99,-13.0,0.32,67.99
11275,166.71,63.33,0.0,166.71
11276,76.14,21.15,0.1,76.14
11277,110.88,16.62,0.0,221.76
11278,242.1,65.25,0.0,1210.5
11279,288.19,32.41,0.2,864.5699999999999
11280,101.04,1.98,0.0,303.12
11281,118.62,49.68,0.0,711.72
11282,94.99,-7.01,0.17,474.95
11283,278.28,58.32,0.0,1113.12
11284,181.12,-11.32,0.2,362.24
11285,92.76,12.0,0.0,278.28000000000003
11286,253.32,-233.1,0.5,506.64
11287,260.42,8.57,0.1,1302.1000000000001
11288,163.62,40.89,0.0,163.62
11289,270.96,10.8,0.0,1083.84
11290,154.38,-68.64,0.37,308.76
11291,205.44,28.68,0.0,821.76
11292,382.4,76.48,0.0,1529.6
11293,1322.93,357.19,0.0,9260.51
11294,82.14,40.2,0.0,164.28
11295,165.42,46.26,0.0,496.26
11296,21.56,10.35,0.0,150.92
11297,519.3,110.7,0.25,2596.5
11298,623.43,-290.97,0.4,3117.1499999999996
11299,41.38,4.65,0.2,124.14000000000001
11300,242.8,99.5,0.0,1214.0
11301,321.3,35.34,0.0,642.6
11302,17.9,3.4,0.0,35.8
11303,153.42,61.32,0.0,460.26
11304,170.24,53.2,0.2,680.96
11305,205.52,6.8,0.4,616.5600000000001
11306,726.39,101.64,0.0,5084.73
11307,129.22,10.22,0.0,904.54
11308,457.2,132.5,0.0,2286.0
11309,339.14,0.0,0.2,1356.56
11310,133.11,20.67,0.1,266.22
11311,488.96,151.52,0.0,1955.84
11312,165.89,-178.33,0.6,331.78
11313,77.83,-44.78,0.6,77.83
11314,247.75,15.65,0.402,1238.75
11315,292.8,67.32,0.0,1756.8000000000002
11316,264.94,99.7,0.07,529.88
11317,88.56,-71.94,0.47,885.6
11318,330.0,3.2,0.0,3300.0
11319,128.74,12.87,0.2,901.1800000000001
11320,143.47,25.09,0.2,430.40999999999997
11321,191.59,-60.77,0.4,766.36
11322,333.6,19.98,0.0,667.2
11323,202.56,95.2,0.0,810.24
11324,211.38,-89.1,0.402,422.76
11325,248.08,108.82,0.002,744.24
11326,133.76,65.52,0.0,535.04
11327,321.94,-168.65,0.37,965.8199999999999
11328,110.51,-1.33,0.17,221.02
11329,92.88,36.12,0.1,371.52
11330,145.05,59.4,0.0,725.25
11331,248.64,84.48,0.0,994.56
11332,394.98,35.52,0.0,789.96
11333,213.84,27.78,0.0,427.68
11334,242.94,-230.82,0.6,485.88
11335,143.58,51.66,0.0,287.16
11336,263.41,99.43,0.1,1580.46
11337,137.25,63.09,0.0,411.75
11338,126.27,2.52,0.0,378.81
11339,333.84,9.96,0.0,1335.36
11340,386.64,-245.16,0.4,4639.68
11341,373.68,-4.32,0.1,2989.44
11342,214.38,35.19,0.27,643.14
11343,714.3,207.15,0.0,3571.5
11344,323.98,20.25,0.2,971.94
11345,151.93,47.26,0.1,151.93
11346,355.56,14.22,0.0,355.56
11347,76.11,15.96,0.0,76.11
11348,132.35,-89.41,0.6,1455.85
11349,221.2,64.12,0.0,1548.3999999999999
11350,122.37,35.46,0.0,122.37
11351,95.65,31.09,0.2,191.3
11352,1.73,-2.68,0.8,5.1899999999999995
11353,199.34,17.42,0.2,598.02
11354,408.74,76.64,0.2,2861.1800000000003
11355,279.9,137.15,0.0,1399.5
11356,234.2,4.6,0.0,1171.0
11357,145.36,-58.16,0.6,145.36
11358,87.84,32.46,0.0,175.68
11359,445.6,160.4,0.0,2228.0
11360,99.95,16.61,0.1,199.9
11361,131.49,25.17,0.27,525.96
11362,396.9,-4.5,0.1,1984.5
11363,244.8,88.05,0.0,1224.0
11364,190.5,64.65,0.0,952.5
11365,272.76,57.24,0.0,545.52
11366,238.49,92.72,0.1,238.49
11367,256.14,102.45,0.0,256.14
11368,109.08,-4.44,0.5,436.32
11369,95.1,12.36,0.0,190.2
11370,95.1,19.92,0.0,285.29999999999995
11371,5.18,1.81,0.2,5.18
11372,671.93,188.14,0.0,4703.509999999999
11373,265.82,29.9,0.2,797.46
11374,197.76,43.44,0.0,791.04
11375,243.82,-44.18,0.17,1462.92
11376,311.8,-135.14,0.4,935.4000000000001
11377,175.8,79.08,0.0,703.2
11378,378.81,-98.55,0.5,757.62
11379,203.76,22.32,0.0,1833.84
11380,289.35,54.9,0.0,1446.75
11381,646.2,-8.08,0.2,3231.0
11382,129.89,-46.6,0.47,389.66999999999996
11383,207.12,76.56,0.0,828.48
11384,143.1,9.9,0.0,858.5999999999999
11385,276.89,18.38,0.1,1938.23
11386,277.5,-188.7,0.5,1110.0
11387,190.89,32.34,0.0,1336.23
11388,162.18,22.68,0.0,324.36
11389,213.12,18.96,0.0,1704.96
11390,599.16,0.0,0.0,1198.32
11391,111.05,29.6,0.1,111.05
11392,152.94,41.29,0.0,458.82
11393,186.66,-112.05,0.5,559.98
11394,314.92,-153.8,0.402,944.76
11395,462.96,110.88,0.0,3703.68
11396,292.73,-135.13,0.35,878.19
11397,66.42,3.96,0.0,199.26
11398,871.8,87.18,0.2,2615.3999999999996
11399,396.78,166.62,0.0,793.56
11400,244.14,82.98,0.0,488.28
11401,457.57,51.48,0.2,915.14
11402,266.35,-292.99,0.6,1598.1000000000001
11403,412.7,9.05,0.1,2063.5
11404,143.53,19.09,0.1,287.06
11405,258.58,19.39,0.2,517.16
11406,448.63,-355.61,0.47,1794.52
11407,249.84,69.84,0.25,999.36
11408,129.12,43.52,0.2,645.6
11409,205.33,-36.24,0.32,410.66
11410,262.87,8.71,0.1,2102.96
11411,298.62,83.52,0.0,1791.72
11412,254.34,106.65,0.0,2289.06
11413,164.32,-119.18,0.6,821.5999999999999
11414,166.12,44.84,0.0,332.24
11415,119.54,10.82,0.45,358.62
11416,186.69,7.35,0.0,1306.83
11417,290.1,69.6,0.0,1450.5
11418,134.38,6.72,0.2,403.14
11419,289.32,81.0,0.0,867.96
11420,81.42,-9.16,0.2,162.84
11421,201.58,44.98,0.15,1007.9000000000001
11422,456.43,-184.73,0.402,1369.29
11423,587.76,146.88,0.0,2351.04
11424,915.14,102.95,0.2,3660.56
11425,48.45,0.0,0.0,48.45
11426,460.08,0.0,0.0,1840.32
11427,299.58,0.0,0.0,299.58
11428,239.44,-127.76,0.4,1436.6399999999999
11429,264.6,-58.17,0.27,1852.2000000000003
11430,148.26,15.7,0.15,444.78
11431,201.96,71.76,0.1,403.92
11432,263.92,5.24,0.0,527.84
11433,184.66,84.94,0.0,1292.62
11434,126.54,29.43,0.27,379.62
11435,195.84,-66.72,0.5,1566.72
11436,45.66,-33.48,0.7,228.29999999999998
11437,175.32,-122.76,0.6,1051.92
11438,279.72,93.12,0.1,1398.6000000000001
11439,246.21,93.54,0.0,246.21
11440,346.7,-24.64,0.15,2080.2
11441,159.68,70.08,0.002,319.36
11442,180.7,16.2,0.0,903.5
11443,129.12,64.56,0.0,516.48
11444,400.32,112.08,0.0,1601.28
11445,218.35,-54.59,0.2,655.05
11446,174.2,69.56,0.1,696.8
11447,23.16,11.58,0.0,46.32
11448,294.57,-540.09,0.7,1767.42
11449,769.65,384.72,0.0,5387.55
11450,222.62,32.12,0.1,1113.1
11451,409.95,102.42,0.0,1229.85
11452,118.95,14.25,0.0,594.75
11453,415.15,-498.35,0.6,2490.8999999999996
11454,89.99,17.1,0.0,89.99
11455,58.17,-46.54,0.7,290.85
11456,1272.3,50.88,0.0,3816.8999999999996
11457,153.6,35.28,0.0,1228.8
11458,122.88,9.72,0.0,491.52
11459,268.2,67.05,0.0,1341.0
11460,175.35,10.5,0.0,1227.45
11461,278.07,74.88,0.0,3614.91
11462,144.99,-140.31,0.7,869.94
11463,138.96,36.09,0.0,416.88
11464,146.54,-1.96,0.25,439.62
11465,1087.94,353.58,0.2,8703.52
11466,373.98,172.02,0.0,373.98
11467,118.62,5.76,0.0,1067.58
11468,205.44,49.28,0.0,1643.52
11469,256.14,102.45,0.0,256.14
11470,327.3,150.54,0.0,654.6
11471,795.48,7.95,0.0,5568.360000000001
11472,231.94,23.14,0.2,695.8199999999999
11473,232.2,23.1,0.0,1161.0
11474,130.44,33.84,0.0,521.76
11475,243.84,-202.44,0.47,975.36
11476,202.2,22.2,0.0,808.8
11477,492.42,187.08,0.0,984.84
11478,502.92,165.66,0.0,5532.12
11479,259.15,-28.79,0.1,518.3
11480,279.58,-147.44,0.45,559.16
11481,188.19,2.35,0.2,376.38
11482,742.59,267.3,0.0,2227.77
11483,259.25,-55.09,0.2,518.5
11484,19.87,6.71,0.2,59.61
11485,124.32,-104.52,0.5,497.28
11486,201.14,38.2,0.0,201.14
11487,180.6,73.92,0.0,2528.4
11488,292.8,20.4,0.0,1171.2
11489,303.66,91.08,0.0,910.98
11490,8.96,4.39,0.0,17.92
11491,169.38,42.3,0.0,508.14
11492,10.37,3.63,0.2,20.74
11493,7.04,3.1,0.0,28.16
11494,119.56,-15.98,0.4,358.68
11495,15.01,-12.01,0.6,60.04
11496,290.84,31.46,0.002,872.52
11497,558.0,44.64,0.0,2232.0
11498,470.76,135.36,0.27,1883.04
11499,267.98,-341.74,0.6,535.96
11500,344.37,61.62,0.0,4476.81
11501,123.85,7.45,0.17,247.7
11502,161.16,70.8,0.0,644.64
11503,264.87,26.46,0.4,794.61
11504,1299.99,-572.0,0.5,2599.98
11505,216.33,-113.37,0.37,432.66
11506,317.37,107.88,0.0,317.37
11507,169.9,15.2,0.0,849.5
11508,151.65,16.65,0.0,454.95000000000005
11509,127.98,25.6,0.2,255.96
11510,110.28,55.14,0.0,220.56
11511,338.4,118.44,0.0,1353.6
11512,368.91,180.77,0.0,3320.19
11513,89.57,32.47,0.2,179.14
11514,197.94,96.99,0.0,197.94
11515,73.21,-97.61,0.7,73.21
11516,122.37,35.46,0.0,122.37
11517,64.96,-43.85,0.6,324.79999999999995
11518,164.7,29.61,0.0,494.09999999999997
11519,199.67,2.62,0.25,399.34
11520,191.86,74.58,0.002,383.72
11521,291.79,-393.95,0.6,875.3700000000001
11522,899.97,314.99,0.0,2699.91
11523,363.75,39.99,0.0,363.75
11524,262.95,63.0,0.0,1314.75
11525,242.16,82.32,0.0,1937.28
11526,274.8,96.15,0.0,1374.0
11527,83.4,2.4,0.0,417.0
11528,225.61,87.73,0.1,451.22
11529,292.11,113.82,0.0,2044.77
11530,113.4,33.96,0.0,453.6
11531,510.12,249.93,0.0,1530.3600000000001
11532,629.1,301.97,0.0,3774.6000000000004
11533,246.48,55.38,0.2,1232.3999999999999
11534,126.88,31.68,0.0,507.52
11535,147.58,-182.18,0.7,885.48
11536,314.22,3.12,0.0,314.22
11537,159.98,57.59,0.0,319.96
11538,264.99,-17.13,0.07,529.98
11539,146.88,23.49,0.0,440.64
11540,110.12,7.68,0.0,220.24
11541,149.53,4.96,0.1,149.53
11542,184.09,-159.89,0.47,2577.26
11543,148.01,54.23,0.1,296.02
11544,487.23,51.54,0.15,1461.69
11545,80.98,3.24,0.0,80.98
11546,201.96,82.98,0.1,403.92
11547,90.96,19.98,0.0,181.92
11548,319.68,18.96,0.0,2557.44
11549,440.16,35.16,0.0,1760.64
11550,204.6,53.2,0.0,409.2
11551,263.96,71.27,0.0,1055.84
11552,236.97,-102.78,0.4,1184.85
11553,147.3,19.14,0.0,147.3
11554,210.69,52.65,0.0,210.69
11555,79.8,11.97,0.0,558.6
11556,182.76,29.16,0.0,731.04
11557,377.97,105.83,0.0,1133.91
11558,410.8,69.8,0.0,2054.0
11559,381.91,79.57,0.002,1145.73
11560,299.3,-6.7,0.1,1496.5
11561,267.84,0.0,0.0,803.52
11562,321.3,35.34,0.0,642.6
11563,460.26,151.74,0.0,2761.56
11564,245.76,103.2,0.0,1966.08
11565,533.94,154.84,0.0,1601.8200000000002
11566,130.7,-176.5,0.6,522.8
11567,29.85,6.84,0.0,29.85
11568,717.48,146.52,0.07,2869.92
11569,529.29,68.76,0.0,1587.87
11570,13.98,3.91,0.0,27.96
11571,340.08,33.96,0.0,680.16
11572,16.45,5.55,0.2,32.9
11573,336.36,117.72,0.0,672.72
11574,325.26,74.7,0.0,1951.56
11575,153.02,15.26,0.4,1224.16
11576,76.25,-8.91,0.4,152.5
11577,7.76,-5.18,0.7,31.04
11578,309.6,148.5,0.0,1857.6000000000001
11579,184.75,-20.78,0.2,554.25
11580,648.24,142.56,0.0,5185.92
11581,147.0,72.0,0.0,735.0
11582,287.58,8.58,0.0,575.16
11583,55.74,27.84,0.0,111.48
11584,300.4,16.66,0.1,600.8
11585,297.6,92.16,0.0,1190.4
11586,139.44,44.56,0.0,557.76
11587,241.89,-39.99,0.15,2177.0099999999998
11588,99.6,11.94,0.0,199.2
11589,281.34,2.76,0.0,562.68
11590,110.16,39.6,0.0,660.96
11591,238.2,116.7,0.0,1191.0
11592,144.0,64.8,0.0,720.0
11593,218.16,104.64,0.0,872.64
11594,226.61,-322.93,0.6,453.22
11595,718.98,99.36,0.002,2156.94
11596,148.98,65.52,0.0,297.96
11597,151.98,66.87,0.0,151.98
11598,1114.85,-223.03,0.35,2229.7
11599,250.4,47.96,0.27,500.8
11600,131.52,-16.48,0.2,657.6
11601,426.04,174.66,0.0,426.04
11602,46.08,16.0,0.0,368.64
11603,760.98,-1141.47,0.8,3804.9
11604,204.98,45.5,0.1,819.92
11605,136.68,46.47,0.0,136.68
11606,193.68,96.84,0.0,1162.08
11607,294.6,20.58,0.0,589.2
11608,169.31,8.45,0.4,338.62
11609,599.28,17.88,0.0,2397.12
11610,132.72,-119.46,0.6,265.44
11611,173.25,74.43,0.0,519.75
11612,512.16,56.85,0.1,1536.48
11613,138.75,30.45,0.0,693.75
11614,175.82,-140.89,0.45,1582.3799999999999
11615,130.98,31.98,0.1,392.93999999999994
11616,167.28,13.38,0.0,334.56
11617,400.7,20.02,0.4,801.4
11618,202.72,3.92,0.0,1419.04
11619,151.02,9.0,0.0,453.06000000000006
11620,212.71,28.21,0.1,1276.26
11621,277.08,5.52,0.0,554.16
11622,52.4,14.15,0.0,262.0
11623,376.74,48.96,0.0,1130.22
11624,205.39,-136.93,0.4,821.56
11625,2799.96,1371.98,0.0,11199.84
11626,113.68,44.32,0.0,227.36
11627,219.9,109.92,0.0,439.8
11628,341.48,-341.48,0.5,1707.4
11629,149.1,67.08,0.0,447.29999999999995
11630,553.5,105.15,0.0,2767.5
11631,239.96,91.14,0.0,1679.72
11632,208.57,-59.11,0.4,1459.99
11633,164.09,-110.77,0.6,164.09
11634,101.19,13.35,0.17,404.76
11635,343.73,-744.91,0.7,2749.84
11636,180.25,50.05,0.1,360.5
11637,130.32,12.96,0.0,390.96
11638,875.16,-493.32,0.45,7001.28
11639,444.51,213.3,0.0,1333.53
11640,346.44,48.48,0.0,692.88
11641,272.7,125.28,0.0,2454.2999999999997
11642,140.99,-42.61,0.27,845.94
11643,92.64,24.06,0.0,185.28
11644,49.5,0.36,0.0,297.0
11645,208.53,1.89,0.0,1459.71
11646,218.79,89.64,0.0,656.37
11647,241.97,-181.51,0.6,725.91
11648,95.28,11.4,0.0,381.12
11649,262.74,-63.06,0.5,525.48
11650,218.76,6.48,0.0,875.04
11651,511.68,92.04,0.0,2046.72
11652,305.24,125.48,0.1,2136.6800000000003
11653,142.62,-275.76,0.7,142.62
11654,68.72,17.84,0.0,137.44
11655,10.56,4.75,0.0,21.12
11656,126.9,7.59,0.0,126.9
11657,102.09,-53.73,0.6,714.63
11658,207.33,53.88,0.0,207.33
11659,175.61,56.57,0.1,702.44
11660,548.87,-395.24,0.5,1646.6100000000001
11661,175.68,40.32,0.0,702.72
11662,216.72,108.24,0.0,1733.76
11663,145.17,45.0,0.0,435.51
11664,95.04,42.24,0.1,380.16
11665,218.18,-5.14,0.15,436.36
11666,260.06,-130.18,0.4,2080.48
11667,86.76,22.5,0.0,260.28000000000003
11668,408.42,179.64,0.0,2450.52
11669,90.18,-63.18,0.5,360.72
11670,238.32,0.0,0.0,1906.56
11671,164.46,-69.99,0.6,822.3000000000001
11672,292.73,35.69,0.1,1756.38
11673,160.02,6.3,0.0,960.1200000000001
11674,412.2,70.02,0.0,1236.6
11675,203.63,36.77,0.17,610.89
11676,163.96,27.84,0.0,327.92
11677,415.2,20.76,0.0,415.2
11678,173.88,0.0,0.1,695.52
11679,70.35,34.44,0.0,492.44999999999993
11680,392.22,149.04,0.0,2353.32
11681,221.83,-9.89,0.1,443.66
11682,207.18,33.12,0.0,414.36
11683,318.3,130.5,0.0,318.3
11684,165.42,55.14,0.25,661.68
11685,344.16,13.68,0.0,2753.28
11686,138.7,-25.46,0.4,277.4
11687,231.72,94.92,0.0,1390.32
11688,646.27,64.63,0.2,5170.16
11689,512.91,0.0,0.0,1538.73
11690,207.12,37.2,0.0,828.48
11691,326.88,26.08,0.0,1307.52
11692,140.94,25.02,0.1,845.64
11693,118.44,41.4,0.0,473.76
11694,98.08,19.52,0.0,784.64
11695,149.28,11.94,0.0,298.56
11696,823.96,51.5,0.2,4119.8
11697,114.81,25.23,0.0,114.81
11698,248.9,35.96,0.17,1493.4
11699,67.79,-11.57,0.402,67.79
11700,429.48,85.86,0.0,1288.44
11701,121.78,-4.58,0.2,365.34000000000003
11702,518.88,202.32,0.0,2075.52
11703,75.72,27.24,0.0,302.88
11704,8.71,-19.6,0.8,17.42
11705,100.44,16.02,0.0,301.32
11706,309.04,-20.66,0.1,618.08
11707,128.34,0.0,0.0,770.04
11708,94.35,23.55,0.0,471.75
11709,883.92,-110.49,0.2,4419.599999999999
11710,58.83,6.45,0.0,58.83
11711,104.11,20.77,0.1,208.22
11712,8.02,1.0,0.2,24.06
11713,78.33,6.96,0.1,234.99
11714,258.72,59.43,0.0,1811.0400000000002
11715,193.16,52.85,0.27,579.48
11716,97.74,34.2,0.0,586.4399999999999
11717,131.74,10.5,0.0,922.1800000000001
11718,247.21,109.87,0.1,494.42
11719,108.34,-5.96,0.27,325.02
11720,154.24,-38.56,0.2,771.2
11721,293.4,73.26,0.0,2640.6
11722,263.74,-114.44,0.4,1582.44
11723,352.54,-193.94,0.6,705.08
11724,220.19,48.89,0.1,1100.95
11725,366.74,-110.02,0.3,1466.96
11726,181.82,-27.34,0.4,1272.74
11727,302.38,22.68,0.2,907.14
11728,1088.76,315.74,0.0,6532.5599999999995
11729,477.51,219.65,0.0,5252.61
11730,224.26,34.84,0.1,448.52
11731,660.29,-115.57,0.2,1320.58
11732,278.4,-106.08,0.37,835.1999999999999
11733,258.85,-0.11,0.45,2070.8
11734,238.46,-0.11,0.5,1669.22
11735,520.38,-395.64,0.5,3642.66
11736,108.78,6.8,0.2,217.56
11737,275.58,112.98,0.0,826.74
11738,298.78,7.47,0.2,896.3399999999999
11739,496.33,175.09,0.15,1985.32
11740,290.88,37.8,0.0,1745.28
11741,326.64,42.24,0.0,2613.12
11742,292.68,14.58,0.0,1756.08
11743,159.66,20.7,0.0,319.32
11744,150.53,35.69,0.2,602.12
11745,243.7,21.9,0.0,1218.5
11746,102.9,20.58,0.0,720.3000000000001
11747,303.84,39.48,0.0,911.52
11748,291.02,-116.42,0.4,582.04
11749,118.44,48.48,0.0,473.76
11750,284.19,47.79,0.002,852.5699999999999
11751,168.81,64.14,0.0,168.81
11752,121.8,48.6,0.0,609.0
11753,298.8,35.82,0.0,1792.8000000000002
11754,429.12,107.28,0.0,3432.96
11755,285.21,65.13,0.002,855.6299999999999
11756,135.48,-172.74,0.6,270.96
11757,111.12,18.84,0.0,444.48
11758,175.8,6.96,0.0,703.2
11759,253.8,88.83,0.0,761.4000000000001
11760,96.6,-61.86,0.5,193.2
11761,145.98,68.58,0.0,437.93999999999994
11762,106.56,37.26,0.0,319.68
11763,170.34,10.2,0.0,170.34
11764,460.08,13.8,0.0,1840.32
11765,58.64,15.62,0.1,351.84000000000003
11766,72.54,19.56,0.0,217.62
11767,173.45,40.46,0.1,1907.9499999999998
11768,208.33,32.29,0.1,833.32
11769,161.94,72.84,0.0,323.88
11770,80.55,-115.47,0.7,80.55
11771,159.41,-47.83,0.4,956.46
11772,222.44,2.2,0.0,444.88
11773,173.16,43.2,0.0,1038.96
11774,145.8,62.64,0.0,437.40000000000003
11775,240.67,-26.0,0.35,722.01
11776,174.56,-15.28,0.2,349.12
11777,146.16,8.64,0.0,876.96
11778,242.18,-302.72,0.6,968.72
11779,83.4,8.28,0.0,333.6
11780,128.47,22.84,0.1,128.47
11781,192.4,35.68,0.202,192.4
11782,306.34,20.38,0.1,612.68
11783,132.48,5.28,0.0,132.48
11784,263.66,79.01,0.1,1318.3000000000002
11785,181.26,75.96,0.0,1631.34
11786,723.72,-217.2,0.5,2894.88
11787,120.42,45.63,0.0,1083.78
11788,209.34,33.48,0.0,1256.04
11789,267.48,128.16,0.0,3209.76
11790,149.97,-49.35,0.27,599.88
11791,169.38,81.18,0.0,1016.28
11792,248.52,12.36,0.0,994.08
11793,259.76,72.32,0.002,779.28
11794,124.88,49.88,0.1,624.4
11795,45.69,7.29,0.0,45.69
11796,123.42,8.58,0.0,246.84
11797,417.42,87.48,0.0,2504.52
11798,459.3,188.3,0.0,2296.5
11799,207.7,6.22,0.402,415.4
11800,161.4,35.5,0.0,807.0
11801,11.67,-7.78,0.7,35.01
11802,139.86,-100.8,0.5,979.0200000000001
11803,159.73,-101.21,0.4,479.18999999999994
11804,256.74,110.34,0.0,513.48
11805,211.62,10.56,0.0,211.62
11806,224.94,34.95,0.1,674.8199999999999
11807,391.02,112.82,0.002,782.04
11808,311.58,45.63,0.25,934.74
11809,274.8,98.88,0.0,549.6
11810,327.4,-7.28,0.1,327.4
11811,365.52,142.32,0.0,4386.24
11812,227.83,-14.75,0.07,455.66
11813,391.86,113.58,0.0,2351.16
11814,787.53,165.38,0.0,2362.59
11815,282.95,61.91,0.27,2263.6
11816,104.85,50.33,0.0,104.85
11817,74.95,36.73,0.0,374.75
11818,383.22,122.58,0.0,2299.32
11819,274.68,0.0,0.0,549.36
11820,226.4,33.96,0.0,452.8
11821,86.4,8.64,0.4,259.20000000000005
11822,62.64,-91.92,0.7,501.12
11823,283.14,104.76,0.0,1698.84
11824,229.2,36.66,0.0,458.4
11825,292.18,9.7,0.4,1168.72
11826,81.69,4.89,0.0,81.69
11827,243.0,119.04,0.0,972.0
11828,212.64,99.94,0.0,1275.84
11829,191.7,70.92,0.0,1150.1999999999998
11830,194.58,71.97,0.0,194.58
11831,182.3,47.3,0.0,911.5
11832,90.1,-7.54,0.4,180.2
11833,583.02,215.64,0.0,3498.12
11834,188.4,37.68,0.0,565.2
11835,118.8,49.8,0.0,475.2
11836,346.59,-104.85,0.47,3119.31
11837,330.27,46.23,0.0,330.27
11838,170.46,73.26,0.0,1534.14
11839,502.58,-55.84,0.1,1005.16
11840,105.45,32.55,0.0,527.25
11841,274.74,101.64,0.0,274.74
11842,244.23,39.06,0.0,1709.61
11843,275.07,-48.15,0.2,275.07
11844,532.8,95.88,0.0,2131.2
11845,207.33,53.88,0.0,207.33
11846,193.83,15.33,0.0,1356.8100000000002
11847,115.44,49.62,0.0,115.44
11848,132.3,35.64,0.0,1190.7
11849,99.14,24.08,0.1,594.84
11850,345.74,118.76,0.1,4494.62
11851,373.9,41.53,0.1,1121.6999999999998
11852,117.96,15.24,0.0,471.84
11853,21.12,6.6,0.2,105.60000000000001
11854,238.51,-328.01,0.6,477.02
11855,327.82,32.74,0.4,1966.92
11856,279.68,-38.52,0.2,1398.4
11857,264.82,-176.54,0.4,1059.28
11858,289.98,52.02,0.0,2609.82
11859,93.25,2.53,0.27,186.5
11860,64.76,-14.14,0.45,323.8
11861,90.63,14.49,0.0,271.89
11862,219.33,78.93,0.0,657.99
11863,168.12,21.84,0.0,168.12
11864,100.92,-95.88,0.6,201.84
11865,11.84,4.44,0.2,11.84
11866,103.56,3.06,0.0,207.12
11867,45.03,9.45,0.0,45.03
11868,10.82,3.52,0.2,43.28
11869,5.31,-1.59,0.6,10.62
11870,5.04,1.76,0.2,10.08
11871,54.75,15.75,0.0,273.75
11872,113.52,-66.24,0.4,227.04
11873,588.78,184.0,0.2,1177.56
11874,117.18,32.76,0.0,703.08
11875,115.72,-196.76,0.7,231.44
11876,84.48,4.2,0.0,84.48
11877,56.1,15.1,0.0,280.5
11878,94.08,27.24,0.0,188.16
11879,162.54,37.26,0.0,975.24
11880,123.7,-120.74,0.6,742.2
11881,27.72,3.47,0.2,83.16
11882,536.52,101.88,0.0,2146.08
11883,176.1,87.9,0.0,1761.0
11884,38.19,-26.73,0.7,190.95
11885,112.2,52.71,0.0,112.2
11886,172.32,39.63,0.0,172.32
11887,200.52,42.0,0.0,802.08
11888,97.56,1.56,0.4,487.8
11889,129.78,59.64,0.0,1816.92
11890,6.63,1.79,0.0,19.89
11891,157.59,28.35,0.0,472.77
11892,125.1,60.03,0.0,125.1
11893,119.57,-47.83,0.6,119.57
11894,136.14,10.86,0.0,408.41999999999996
11895,345.33,162.27,0.0,3107.97
11896,169.29,65.88,0.0,1523.61
11897,78.75,35.4,0.0,393.75
11898,398.35,-331.96,0.7,3186.8
11899,164.88,80.79,0.0,494.64
11900,156.96,-117.72,0.6,313.92
11901,237.51,26.04,0.0,1662.57
11902,83.46,40.05,0.0,83.46
11903,142.08,22.71,0.0,142.08
11904,241.96,41.13,0.0,483.92
11905,161.51,19.67,0.1,484.53
11906,127.9,47.3,0.0,639.5
11907,322.8,16.1,0.2,1614.0
11908,108.08,54.04,0.0,756.56
11909,104.68,35.33,0.2,523.4000000000001
11910,131.07,14.4,0.0,131.07
11911,132.72,15.92,0.0,530.88
11912,230.38,20.16,0.2,691.14
11913,142.83,41.4,0.0,142.83
11914,73.92,13.86,0.0,517.44
11915,123.92,38.73,0.2,619.6
11916,57.3,23.4,0.0,286.5
11917,44.64,3.52,0.0,178.56
11918,175.8,79.08,0.0,703.2
11919,175.73,-151.16,0.5,527.1899999999999
11920,162.0,11.34,0.0,1458.0
11921,146.4,65.85,0.0,732.0
11922,55.1,-31.84,0.6,771.4
11923,73.68,25.76,0.0,294.72
11924,148.39,-148.43,0.7,445.16999999999996
11925,122.94,1.2,0.0,122.94
11926,154.34,-88.24,0.37,308.68
11927,138.77,-92.51,0.4,277.54
11928,122.25,24.45,0.0,122.25
11929,91.84,45.0,0.0,734.72
11930,49.71,10.92,0.0,49.71
11931,53.76,17.64,0.0,215.04
11932,198.45,59.43,0.0,1389.1499999999999
11933,96.9,0.0,0.0,193.8
11934,42.84,11.07,0.0,128.52
11935,216.72,43.2,0.0,1300.32
11936,75.24,9.0,0.0,225.71999999999997
11937,120.93,44.25,0.1,362.79
11938,245.27,100.79,0.1,981.08
11939,13.62,6.13,0.0,40.86
11940,84.98,-124.66,0.7,169.96
11941,187.56,7.48,0.0,375.12
11942,464.52,-100.66,0.4,3251.64
11943,138.72,56.8,0.0,1109.76
11944,69.65,20.87,0.2,208.95000000000002
11945,12.96,6.35,0.0,25.92
11946,182.52,-6.12,0.4,730.08
11947,122.63,11.45,0.25,245.26
11948,133.25,45.8,0.1,666.25
11949,195.84,70.44,0.0,783.36
11950,12.59,-20.14,0.8,37.769999999999996
11951,188.78,65.0,0.1,377.56
11952,121.92,36.48,0.2,731.52
11953,153.2,15.3,0.0,766.0
11954,319.2,143.64,0.0,1915.1999999999998
11955,112.86,7.26,0.1,1128.6
11956,64.78,-12.96,0.2,64.78
11957,374.06,141.26,0.1,748.12
11958,87.38,-1.24,0.27,611.66
11959,122.22,49.98,0.0,855.54
11960,154.3,15.42,0.2,308.6
11961,272.54,-54.58,0.4,1090.16
11962,188.8,1.88,0.0,377.6
11963,29.47,9.95,0.2,88.41
11964,83.28,34.08,0.0,333.12
11965,174.64,-8.78,0.4,1571.7599999999998
11966,100.27,-6.69,0.4,200.54
11967,310.5,49.68,0.0,1863.0
11968,85.1,-73.84,0.7,510.59999999999997
11969,2357.49,884.06,0.2,16502.43
11970,68.1,32.55,0.0,340.5
11971,168.96,-45.14,0.4,844.8000000000001
11972,84.48,-50.72,0.4,844.8000000000001
11973,19.73,1.73,0.2,177.57
11974,10.44,-7.66,0.7,62.64
11975,256.17,56.34,0.0,256.17
11976,113.86,-25.79,0.47,797.02
11977,494.97,148.49,0.0,1484.91
11978,56.91,-94.86,0.7,56.91
11979,190.51,65.59,0.1,762.04
11980,325.63,28.49,0.2,1953.78
11981,193.2,23.16,0.0,772.8
11982,114.39,18.3,0.0,114.39
11983,65.12,16.93,0.0,260.48
11984,157.0,18.8,0.0,785.0
11985,130.22,-14.86,0.47,781.3199999999999
11986,49.02,11.22,0.0,98.04
11987,102.8,26.72,0.0,411.2
11988,82.28,16.44,0.0,164.56
11989,172.62,-62.16,0.5,1208.3400000000001
11990,73.23,-8.07,0.27,146.46
11991,129.84,-8.67,0.1,129.84
11992,333.84,163.56,0.0,1001.52
11993,876.3,-292.1,0.4,8763.0
11994,86.97,19.11,0.0,86.97
11995,184.59,75.6,0.0,1292.13
11996,86.56,26.92,0.1,173.12
11997,77.88,22.59,0.0,467.28
11998,145.53,20.34,0.0,436.59000000000003
11999,232.85,-97.03,0.4,465.7
12000,138.6,2.76,0.0,554.4
12001,92.88,15.66,0.0,557.28
12002,206.66,-79.26,0.4,413.32
12003,51.42,4.62,0.0,51.42
12004,209.51,-29.59,0.15,419.02
12005,220.46,-19.3,0.2,440.92
12006,359.64,31.95,0.1,1078.92
12007,64.44,-66.72,0.602,128.88
12008,200.54,40.1,0.2,601.62
12009,35.94,14.7,0.0,107.82
12010,47.62,3.57,0.2,142.85999999999999
12011,11.56,5.66,0.0,23.12
12012,43.2,1.2,0.0,216.0
12013,105.84,1.02,0.0,317.52
12014,138.39,35.01,0.17,138.39
12015,41.2,-96.14,0.7,41.2
12016,96.84,-60.12,0.5,387.36
12017,148.32,66.72,0.0,148.32
12018,60.0,1.8,0.0,60.0
12019,136.26,30.66,0.2,545.04
12020,137.07,21.87,0.0,411.21
12021,216.11,-15.28,0.15,648.33
12022,87.8,13.64,0.1,175.6
12023,122.88,9.72,0.0,491.52
12024,239.97,71.99,0.0,719.91
12025,735.48,271.98,0.0,4412.88
12026,60.24,11.4,0.0,120.48
12027,309.24,86.58,0.0,309.24
12028,209.57,-23.58,0.2,419.14
12029,173.92,45.2,0.0,695.68
12030,158.76,15.84,0.4,317.52
12031,117.46,44.05,0.2,352.38
12032,63.27,-24.21,0.5,379.62
12033,108.42,22.74,0.0,216.84
12034,127.82,-44.77,0.6,127.82
12035,123.9,39.6,0.0,619.5
12036,74.76,2.16,0.0,299.04
12037,123.9,39.6,0.0,619.5
12038,26.98,8.77,0.2,107.92
12039,93.03,46.41,0.0,651.21
12040,156.74,-121.54,0.6,940.44
12041,143.91,63.27,0.0,431.73
12042,193.01,-334.55,0.7,386.02
12043,92.58,-8.31,0.1,277.74
12044,75.83,-22.82,0.5,227.49
12045,146.1,46.74,0.0,292.2
12046,63.39,17.73,0.0,63.39
12047,1199.98,180.0,0.4,4799.92
12048,56.57,5.57,0.1,282.85
12049,81.69,6.51,0.0,81.69
12050,202.78,-304.22,0.8,811.12
12051,146.28,21.93,0.0,146.28
12052,76.74,36.06,0.0,153.48
12053,95.76,-102.96,0.6,287.28000000000003
12054,60.98,4.57,0.2,426.85999999999996
12055,91.44,30.12,0.0,182.88
12056,183.92,-88.96,0.4,1103.52
12057,175.47,62.93,0.002,175.47
12058,599.29,93.22,0.1,3595.74
12059,1044.63,240.26,0.0,3133.8900000000003
12060,139.77,-81.09,0.5,279.54
12061,66.5,-3.56,0.402,66.5
12062,163.5,31.02,0.0,327.0
12063,41.26,9.58,0.27,123.78
12064,100.26,25.02,0.0,601.5600000000001
12065,116.04,12.72,0.0,464.16
12066,153.36,65.92,0.0,306.72
12067,166.89,25.02,0.0,166.89
12068,419.14,-68.11,0.2,1676.56
12069,95.64,14.34,0.0,191.28
12070,63.95,-9.67,0.27,127.9
12071,224.82,92.16,0.0,674.46
12072,195.16,-61.88,0.4,1170.96
12073,135.3,37.8,0.0,676.5
12074,16.52,7.6,0.0,66.08
12075,169.87,53.14,0.17,509.61
12076,113.76,14.76,0.0,227.52
12077,95.64,14.34,0.0,191.28
12078,89.25,6.69,0.2,178.5
12079,151.65,16.65,0.0,454.95000000000005
12080,131.77,38.08,0.17,395.31000000000006
12081,120.45,22.8,0.0,602.25
12082,217.02,80.28,0.0,434.04
12083,130.74,53.58,0.0,261.48
12084,197.4,-30.39,0.35,197.4
12085,159.62,-29.38,0.4,638.48
12086,447.88,-283.82,0.4,2687.2799999999997
12087,136.36,36.8,0.0,272.72
12088,26.64,2.28,0.0,106.56
12089,21.72,10.64,0.0,86.88
12090,105.84,48.66,0.0,211.68
12091,248.89,-433.79,0.65,497.78
12092,72.75,5.7,0.0,363.75
12093,187.02,42.84,0.0,1122.1200000000001
12094,528.43,0.0,0.3,2642.1499999999996
12095,53.91,24.75,0.0,161.73
12096,99.52,-24.56,0.47,1094.72
12097,96.84,29.04,0.0,193.68
12098,135.8,66.54,0.0,950.6000000000001
12099,341.99,-319.19,0.7,1025.97
12100,121.07,37.01,0.15,242.14
12101,141.19,-68.33,0.4,847.14
12102,150.63,-3.51,0.1,1054.4099999999999
12103,479.92,41.99,0.2,959.84
12104,129.06,46.44,0.0,387.18
12105,239.28,95.52,0.0,1914.24
12106,179.06,-152.32,0.6,1074.3600000000001
12107,120.96,29.52,0.1,967.68
12108,152.25,76.05,0.0,761.25
12109,244.08,56.1,0.0,488.16
12110,130.56,27.36,0.0,522.24
12111,104.0,13.82,0.1,312.0
12112,332.94,6.66,0.0,998.8199999999999
12113,258.53,-47.4,0.4,517.06
12114,194.53,-17.03,0.2,389.06
12115,141.4,45.24,0.0,141.4
12116,134.4,40.32,0.0,940.8000000000001
12117,71.12,9.78,0.2,355.6
12118,91.0,20.02,0.0,91.0
12119,417.6,-127.12,0.402,1670.4
12120,101.52,-98.16,0.7,203.04
12121,290.7,93.0,0.0,581.4
12122,333.58,25.02,0.2,1000.74
12123,44.94,0.0,0.0,89.88
12124,121.79,13.7,0.2,487.16
12125,87.84,39.51,0.0,263.52
12126,56.52,23.7,0.0,113.04
12127,35.24,13.72,0.0,70.48
12128,269.19,91.44,0.0,807.5699999999999
12129,127.87,-9.13,0.3,383.61
12130,114.81,25.23,0.0,114.81
12131,244.74,70.92,0.0,489.48
12132,285.38,-17.84,0.2,285.38
12133,40.68,-9.15,0.2,122.03999999999999
12134,273.89,109.49,0.1,2191.12
12135,204.15,53.07,0.0,204.15
12136,65.16,-52.2,0.5,195.48
12137,84.3,22.74,0.0,252.89999999999998
12138,178.56,10.68,0.0,357.12
12139,148.01,54.23,0.1,296.02
12140,252.06,52.92,0.0,504.12
12141,86.4,4.32,0.0,518.4000000000001
12142,526.34,-75.19,0.3,2105.36
12143,56.82,28.41,0.0,170.46
12144,59.58,13.08,0.0,119.16
12145,39.92,11.18,0.0,159.68
12146,180.96,13.57,0.2,904.8000000000001
12147,194.4,83.52,0.0,777.6
12148,81.0,17.82,0.0,243.0
12149,190.82,-114.5,0.5,190.82
12150,113.0,-70.66,0.6,113.0
12151,180.84,54.24,0.0,723.36
12152,52.86,21.66,0.0,105.72
12153,113.64,17.04,0.0,227.28
12154,185.88,83.65,0.0,1115.28
12155,139.35,41.79,0.0,139.35
12156,599.99,234.0,0.0,599.99
12157,337.68,97.92,0.0,675.36
12158,62.46,24.3,0.0,187.38
12159,174.42,71.7,0.1,697.68
12160,76.07,12.65,0.4,228.20999999999998
12161,353.76,141.48,0.0,1415.04
12162,225.9,60.84,0.0,1355.4
12163,92.46,-14.82,0.5,369.84
12164,41.43,11.16,0.0,41.43
12165,15.56,7.31,0.0,31.12
12166,140.27,6.17,0.1,701.35
12167,69.62,-85.36,0.6,417.72
12168,748.75,-162.23,0.4,5990.0
12169,191.6,91.97,0.0,766.4
12170,701.37,-50.1,0.3,1402.74
12171,259.44,101.16,0.0,518.88
12172,71.67,29.37,0.0,71.67
12173,447.84,219.44,0.0,3582.72
12174,174.4,-82.85,0.6,174.4
12175,204.96,-106.68,0.5,819.84
12176,110.76,8.76,0.0,664.5600000000001
12177,165.41,-190.27,0.6,661.64
12178,194.62,-223.88,0.6,1167.72
12179,224.57,-77.6,0.45,449.14
12180,128.43,1.26,0.0,128.43
12181,54.12,16.68,0.0,216.48
12182,62.61,18.78,0.0,62.61
12183,166.8,24.96,0.0,1334.4
12184,53.98,-10.8,0.4,161.94
12185,5.16,0.84,0.2,15.48
12186,139.77,47.52,0.0,139.77
12187,99.48,23.82,0.0,198.96
12188,1.91,-1.53,0.7,3.82
12189,2621.32,553.39,0.1,28834.52
12190,262.89,-385.59,0.7,525.78
12191,450.0,162.0,0.0,2250.0
12192,100.8,21.42,0.2,201.6
12193,185.27,-81.59,0.5,555.8100000000001
12194,133.33,40.12,0.07,133.33
12195,131.88,10.5,0.0,923.16
12196,77.47,-31.25,0.6,929.64
12197,221.54,73.79,0.1,1107.7
12198,136.68,46.47,0.0,136.68
12199,120.13,22.49,0.2,240.26
12200,219.84,76.92,0.0,879.36
12201,145.84,-24.32,0.4,437.52
12202,113.76,-51.24,0.4,568.8000000000001
12203,146.74,-102.74,0.6,146.74
12204,89.88,0.0,0.0,359.52
12205,158.04,79.02,0.0,948.24
12206,217.73,31.43,0.1,1959.57
12207,141.12,40.86,0.0,423.36
12208,170.59,64.39,0.1,1023.54
12209,253.8,73.44,0.0,1522.8000000000002
12210,179.94,-44.99,0.4,359.88
12211,186.69,87.74,0.0,560.0699999999999
12212,76.5,-5.1,0.4,382.5
12213,175.56,12.24,0.0,1053.3600000000001
12214,92.06,-225.56,0.8,552.36
12215,175.68,-102.48,0.4,702.72
12216,68.7,16.32,0.2,137.4
12217,111.2,18.88,0.0,444.8
12218,295.1,17.7,0.0,1475.5
12219,234.28,-54.68,0.4,1639.96
12220,203.55,28.35,0.0,1017.75
12221,149.11,-87.05,0.4,596.44
12222,229.56,51.78,0.07,459.12
12223,81.69,6.51,0.0,81.69
12224,102.9,15.42,0.0,205.8
12225,125.69,40.49,0.1,628.45
12226,77.14,36.12,0.0,539.98
12227,321.55,20.1,0.2,1929.3000000000002
12228,287.64,5.4,0.0,3451.68
12229,120.78,-13.59,0.2,120.78
12230,111.73,16.15,0.17,111.73
12231,90.56,25.28,0.0,724.48
12232,704.76,0.0,0.0,2819.04
12233,213.84,53.46,0.0,427.68
12234,173.94,38.22,0.0,347.88
12235,196.8,84.6,0.0,787.2
12236,121.1,-100.92,0.7,726.5999999999999
12237,142.04,38.35,0.0,568.16
12238,169.38,0.0,0.0,1016.28
12239,199.12,67.68,0.0,398.24
12240,171.45,-5.85,0.1,857.25
12241,112.92,28.2,0.0,225.84
12242,137.4,49.44,0.0,137.4
12243,111.6,4.35,0.0,558.0
12244,70.32,28.8,0.0,281.28
12245,223.1,-106.06,0.6,892.4
12246,294.08,-85.99,0.35,882.24
12247,2472.66,1038.42,0.0,14835.96
12248,140.2,7.0,0.0,701.0
12249,780.75,179.55,0.0,2342.25
12250,44.67,12.06,0.0,134.01
12251,38.86,-99.1,0.8,155.44
12252,84.66,-33.87,0.6,84.66
12253,15.48,2.61,0.0,15.48
12254,55.36,19.38,0.2,221.44
12255,169.8,28.86,0.0,169.8
12256,115.5,49.62,0.0,231.0
12257,83.4,27.48,0.0,166.8
12258,198.48,46.2,0.27,1786.32
12259,183.24,18.18,0.0,1649.16
12260,155.39,40.75,0.2,621.56
12261,104.28,26.07,0.0,312.84000000000003
12262,149.58,0.0,0.0,448.74
12263,179.35,-5.99,0.4,358.7
12264,129.45,-121.8,0.5,647.25
12265,180.12,37.8,0.0,720.48
12266,82.98,30.6,0.0,497.88
12267,285.48,128.46,0.0,570.96
12268,78.76,-57.76,0.7,708.84
12269,248.08,108.82,0.002,744.24
12270,97.8,2.88,0.0,195.6
12271,274.68,32.94,0.0,824.04
12272,169.44,33.84,0.0,338.88
12273,74.55,17.85,0.0,521.85
12274,164.07,21.24,0.0,492.21
12275,355.48,46.2,0.0,710.96
12276,95.97,26.39,0.2,383.88
12277,115.99,-3.89,0.1,115.99
12278,103.68,-45.72,0.5,414.72
12279,148.32,66.72,0.0,148.32
12280,96.78,30.0,0.0,193.56
12281,220.08,50.58,0.0,660.24
12282,245.7,95.76,0.0,1474.1999999999998
12283,126.45,17.7,0.0,632.25
12284,170.07,57.81,0.0,170.07
12285,128.43,1.26,0.0,128.43
12286,454.62,38.28,0.17,2727.7200000000003
12287,166.31,15.65,0.15,498.93
12288,166.89,38.37,0.0,166.89
12289,229.68,103.32,0.0,918.72
12290,40.64,-32.51,0.7,284.48
12291,41.42,8.28,0.2,82.84
12292,221.4,48.7,0.0,1107.0
12293,51.6,10.8,0.0,206.4
12294,126.45,41.67,0.0,379.35
12295,80.46,40.14,0.0,482.76
12296,84.12,42.06,0.0,168.24
12297,131.57,-32.89,0.2,394.71
12298,136.27,-27.29,0.4,272.54
12299,119.52,-14.4,0.17,358.56
12300,220.62,54.3,0.27,1323.72
12301,169.68,30.54,0.0,169.68
12302,131.1,65.5,0.0,655.5
12303,342.51,54.6,0.0,2397.5699999999997
12304,204.55,-22.73,0.1,818.2
12305,49.74,11.91,0.0,49.74
12306,59.52,19.02,0.0,178.56
12307,128.52,-1.53,0.15,385.56000000000006
12308,144.42,23.1,0.0,144.42
12309,23.68,8.88,0.2,47.36
12310,467.1,-825.3,0.7,1868.4
12311,131.94,60.66,0.0,791.64
12312,221.51,68.87,0.1,443.02
12313,122.49,-28.59,0.4,122.49
12314,173.61,22.5,0.0,520.83
12315,107.3,-64.42,0.4,214.6
12316,90.59,-43.61,0.5,815.3100000000001
12317,20.88,9.6,0.0,167.04
12318,99.48,23.82,0.0,198.96
12319,150.12,21.0,0.0,150.12
12320,71.96,25.19,0.2,359.79999999999995
12321,224.04,62.72,0.0,448.08
12322,93.45,36.3,0.0,467.25
12323,155.43,55.89,0.0,466.29
12324,232.95,34.8,0.0,1164.75
12325,68.46,25.33,0.0,479.21999999999997
12326,181.88,-222.82,0.6,181.88
12327,176.43,17.64,0.0,176.43
12328,37.48,12.04,0.1,74.96
12329,73.98,19.97,0.0,147.96
12330,90.57,11.77,0.0,271.71
12331,61.95,7.35,0.0,433.65000000000003
12332,70.95,14.85,0.0,354.75
12333,90.02,24.22,0.0,630.14
12334,35.22,12.66,0.0,105.66
12335,163.62,78.48,0.0,490.86
12336,48.63,2.91,0.0,48.63
12337,104.4,27.12,0.0,417.6
12338,99.45,44.7,0.0,497.25
12339,184.92,77.64,0.0,739.68
12340,62.85,1.2,0.0,314.25
12341,134.3,60.4,0.0,671.5
12342,66.6,31.95,0.0,199.79999999999998
12343,61.12,-50.0,0.45,122.24
12344,125.1,14.94,0.0,375.29999999999995
12345,148.41,23.67,0.0,445.23
12346,206.4,24.75,0.0,1032.0
12347,54.82,17.82,0.2,164.46
12348,18.65,-12.43,0.7,130.54999999999998
12349,108.91,29.89,0.2,326.73
12350,141.71,51.17,0.17,425.13
12351,153.58,3.34,0.1,614.32
12352,99.6,46.8,0.0,99.6
12353,116.1,24.3,0.0,1044.8999999999999
12354,73.95,7.38,0.0,73.95
12355,239.5,16.7,0.0,1197.5
12356,125.9,-75.71,0.5,881.3000000000001
12357,391.86,90.12,0.0,783.72
12358,144.66,24.57,0.0,144.66
12359,129.89,-46.6,0.47,389.66999999999996
12360,200.52,42.0,0.0,802.08
12361,148.92,37.23,0.0,148.92
12362,109.44,32.64,0.0,875.52
12363,1499.95,449.99,0.0,7499.75
12364,178.2,-115.92,0.4,712.8
12365,671.98,50.4,0.2,1343.96
12366,123.24,3.69,0.0,123.24
12367,75.75,10.5,0.0,378.75
12368,265.26,13.26,0.0,530.52
12369,97.68,11.7,0.0,195.36
12370,212.58,39.45,0.3,212.58
12371,145.5,8.73,0.0,145.5
12372,195.72,73.32,0.2,978.6
12373,128.37,55.17,0.0,128.37
12374,44.64,-11.91,0.4,223.2
12375,146.79,44.01,0.0,440.37
12376,171.16,0.0,0.0,342.32
12377,191.6,13.36,0.0,766.4
12378,81.99,-39.06,0.37,81.99
12379,156.87,39.15,0.0,470.61
12380,86.4,4.32,0.0,518.4000000000001
12381,222.35,-0.1,0.1,1111.75
12382,129.7,14.58,0.2,259.4
12383,187.76,60.5,0.1,563.28
12384,306.78,82.83,0.0,306.78
12385,25.92,9.07,0.2,129.60000000000002
12386,172.14,73.98,0.0,344.28
12387,254.34,34.42,0.202,508.68
12388,140.19,-1.77,0.2,280.38
12389,109.8,19.74,0.0,219.6
12390,189.54,-8.46,0.1,2274.48
12391,319.56,146.97,0.0,319.56
12392,139.8,57.3,0.0,279.6
12393,50.13,10.5,0.0,50.13
12394,65.82,26.31,0.0,65.82
12395,300.42,18.0,0.0,901.26
12396,47.64,19.5,0.0,95.28
12397,144.9,56.5,0.0,724.5
12398,111.22,4.44,0.0,111.22
12399,109.38,27.3,0.0,218.76
12400,173.61,10.26,0.0,1562.4900000000002
12401,364.74,109.42,0.0,1094.22
12402,106.38,36.54,0.1,425.52
12403,66.67,7.75,0.4,133.34
12404,76.56,-42.96,0.5,612.48
12405,139.44,57.15,0.0,139.44
12406,163.8,63.84,0.0,655.2
12407,99.11,-54.55,0.4,297.33
12408,240.1,93.52,0.0,1680.7
12409,587.97,170.51,0.0,1763.91
12410,143.16,28.62,0.0,143.16
12411,123.72,38.28,0.0,494.88
12412,62.63,-55.13,0.5,313.15000000000003
12413,156.53,-90.07,0.6,1408.77
12414,104.76,3.06,0.0,628.5600000000001
12415,49.85,-47.41,0.6,99.7
12416,278.64,55.62,0.0,1671.84
12417,159.84,-16.11,0.1,799.2
12418,111.06,15.54,0.0,222.12
12419,542.65,102.5,0.1,1627.9499999999998
12420,302.04,-151.08,0.4,1208.16
12421,158.04,42.66,0.0,1422.36
12422,250.38,-120.24,0.5,751.14
12423,125.4,41.25,0.0,627.0
12424,145.05,26.1,0.0,725.25
12425,118.92,8.28,0.0,475.68
12426,50.64,8.56,0.0,202.56
12427,48.06,-8.7,0.17,96.12
12428,100.8,-42.84,0.6,201.6
12429,139.56,34.08,0.1,418.68
12430,160.32,24.0,0.0,641.28
12431,29.22,12.86,0.0,87.66
12432,3.37,-2.24,0.7,10.11
12433,143.76,32.88,0.0,1150.08
12434,94.02,12.18,0.0,282.06
12435,112.86,45.1,0.0,1241.46
12436,160.99,-18.83,0.4,482.97
12437,9.78,4.01,0.0,19.56
12438,128.43,1.26,0.0,128.43
12439,33.9,8.79,0.0,33.9
12440,75.36,25.56,0.0,301.44
12441,48.16,13.48,0.0,96.32
12442,93.68,1.84,0.0,187.36
12443,45.45,6.3,0.0,136.35000000000002
12444,143.1,9.96,0.0,286.2
12445,61.8,14.82,0.0,123.6
12446,64.56,14.2,0.0,129.12
12447,54.96,19.23,0.0,54.96
12448,249.95,20.0,0.0,1249.75
12449,54.9,15.36,0.0,109.8
12450,77.49,27.09,0.0,232.46999999999997
12451,93.15,6.21,0.1,186.3
12452,124.08,0.0,0.0,496.32
12453,189.94,81.42,0.002,379.88
12454,119.16,1.08,0.0,476.64
12455,65.34,11.61,0.0,588.0600000000001
12456,115.03,-163.97,0.6,230.06
12457,193.2,23.16,0.0,772.8
12458,55.89,3.09,0.47,279.45
12459,176.49,19.35,0.0,529.47
12460,65.13,2.58,0.0,65.13
12461,41.47,-46.67,0.6,82.94
12462,177.79,-94.85,0.4,711.16
12463,197.72,55.36,0.0,790.88
12464,64.8,27.2,0.0,129.6
12465,289.32,49.14,0.0,578.64
12466,194.04,34.92,0.0,776.16
12467,142.05,69.6,0.0,710.25
12468,351.86,46.82,0.1,2814.88
12469,200.76,7.98,0.0,602.28
12470,62.1,14.85,0.0,310.5
12471,215.54,-58.5,0.3,862.16
12472,62.61,18.78,0.0,62.61
12473,185.64,90.96,0.0,742.56
12474,381.96,42.0,0.0,763.92
12475,145.35,0.0,0.0,436.04999999999995
12476,163.05,-146.85,0.5,815.25
12477,135.35,54.08,0.1,406.04999999999995
12478,132.72,-24.36,0.4,929.04
12479,129.87,61.02,0.0,389.61
12480,62.64,1.2,0.0,250.56
12481,166.74,43.26,0.0,1167.18
12482,68.12,-19.45,0.47,476.84000000000003
12483,198.09,29.7,0.0,198.09
12484,164.09,-110.77,0.6,164.09
12485,434.91,182.49,0.0,3044.3700000000003
12486,170.73,44.37,0.0,170.73
12487,251.73,123.3,0.0,755.1899999999999
12488,208.03,-171.65,0.6,208.03
12489,84.6,12.66,0.0,169.2
12490,97.56,-11.76,0.5,585.36
12491,27.6,6.3,0.0,55.2
12492,38.16,19.08,0.0,343.43999999999994
12493,151.36,-7.58,0.4,454.08000000000004
12494,73.52,35.28,0.0,147.04
12495,179.9,46.76,0.0,1259.3
12496,140.59,-6.83,0.17,421.77
12497,97.44,38.88,0.0,389.76
12498,56.56,15.27,0.0,113.12
12499,98.46,39.36,0.0,196.92
12500,102.15,16.29,0.0,306.45000000000005
12501,192.6,86.6,0.0,963.0
12502,312.09,21.84,0.0,312.09
12503,117.0,-88.92,0.5,702.0
12504,20.16,9.88,0.0,141.12
12505,53.14,3.46,0.1,159.42000000000002
12506,193.32,61.74,0.0,1159.92
12507,97.56,38.04,0.0,195.12
12508,184.46,-6.16,0.4,1660.14
12509,81.17,10.77,0.4,324.68
12510,53.28,4.68,0.0,319.68
12511,82.84,21.52,0.0,165.68
12512,161.4,32.2,0.0,807.0
12513,119.28,35.76,0.0,477.12
12514,351.84,147.72,0.0,1407.36
12515,166.8,15.0,0.0,667.2
12516,295.95,144.9,0.0,1479.75
12517,42.6,10.56,0.0,170.4
12518,213.8,-205.25,0.5,641.4000000000001
12519,239.96,83.99,0.2,1199.8
12520,126.9,49.2,0.0,1269.0
12521,76.36,-3.86,0.4,534.52
12522,13.47,-22.9,0.8,175.11
12523,134.61,63.24,0.0,134.61
12524,207.06,41.3,0.0,1449.42
12525,183.72,29.36,0.0,367.44
12526,100.15,-146.93,0.7,200.3
12527,572.8,50.12,0.2,1145.6
12528,194.52,23.28,0.0,778.08
12529,100.08,18.0,0.0,100.08
12530,54.38,1.36,0.2,108.76
12531,244.73,67.97,0.1,978.92
12532,158.4,60.1,0.0,792.0
12533,179.88,61.08,0.0,1079.28
12534,186.54,50.37,0.0,559.62
12535,60.42,9.66,0.0,120.84
12536,66.6,18.6,0.0,266.4
12537,170.93,5.69,0.4,341.86
12538,259.25,-55.09,0.2,518.5
12539,66.96,8.64,0.0,267.84
12540,116.04,27.84,0.0,232.08
12541,25.68,11.56,0.0,154.07999999999998
12542,5.48,-4.02,0.7,21.92
12543,47.61,9.03,0.0,47.61
12544,159.98,57.59,0.0,319.96
12545,109.8,30.72,0.0,439.2
12546,30.34,-17.44,0.6,182.04
12547,54.24,11.88,0.0,216.96
12548,115.64,40.4,0.17,693.84
12549,138.24,49.14,0.1,691.2
12550,11.23,-8.24,0.7,89.84
12551,174.08,40.0,0.0,696.32
12552,355.38,-201.42,0.4,1776.9
12553,11.21,3.36,0.0,11.21
12554,74.64,35.76,0.0,298.56
12555,289.92,40.56,0.0,579.84
12556,115.86,2.46,0.1,811.02
12557,378.3,166.44,0.0,378.3
12558,48.49,17.23,0.1,96.98
12559,102.45,14.25,0.0,512.25
12560,104.76,41.85,0.0,314.28000000000003
12561,32.5,13.6,0.0,162.5
12562,34.43,13.73,0.15,103.28999999999999
12563,58.19,-62.11,0.7,116.38
12564,153.68,44.36,0.1,307.36
12565,6.1,2.21,0.2,12.2
12566,196.92,78.72,0.0,787.68
12567,94.02,1.86,0.0,282.06
12568,171.2,42.8,0.0,856.0
12569,192.0,63.36,0.0,768.0
12570,205.44,39.0,0.0,821.76
12571,223.94,-19.96,0.1,447.88
12572,124.26,6.18,0.0,248.52
12573,215.73,4.05,0.0,1941.57
12574,74.64,35.76,0.0,298.56
12575,122.49,31.83,0.0,122.49
12576,97.6,15.6,0.0,195.2
12577,292.34,46.76,0.0,292.34
12578,163.3,-9.23,0.1,1469.7
12579,162.54,81.24,0.0,325.08
12580,47.04,17.4,0.0,94.08
12581,171.42,34.26,0.0,342.84
12582,172.3,84.4,0.0,861.5
12583,229.44,0.0,0.2,688.3199999999999
12584,122.43,-3.09,0.2,489.72
12585,60.6,6.6,0.0,303.0
12586,168.03,38.64,0.0,168.03
12587,60.75,29.76,0.0,60.75
12588,179.46,43.02,0.0,358.92
12589,111.72,37.92,0.0,446.88
12590,141.33,14.13,0.0,141.33
12591,248.88,-149.4,0.5,995.52
12592,8.22,2.22,0.0,24.660000000000004
12593,175.17,38.52,0.0,175.17
12594,221.7,64.2,0.0,1108.5
12595,64.64,-107.74,0.7,193.92000000000002
12596,90.48,7.92,0.0,723.84
12597,959.97,120.0,0.2,3839.88
12598,267.96,48.12,0.0,1071.84
12599,231.36,64.68,0.0,925.44
12600,380.86,38.09,0.2,3046.88
12601,219.78,59.34,0.0,439.56
12602,106.32,23.28,0.0,850.56
12603,146.88,27.36,0.25,440.64
12604,153.28,3.64,0.17,613.12
12605,130.46,-20.02,0.15,521.84
12606,49.2,18.15,0.0,246.0
12607,330.04,118.8,0.0,660.08
12608,295.65,26.58,0.0,295.65
12609,138.35,58.34,0.1,415.04999999999995
12610,228.24,104.94,0.0,1369.44
12611,98.5,49.2,0.0,492.5
12612,493.92,-28.22,0.3,3457.44
12613,58.8,15.84,0.0,117.6
12614,137.81,22.97,0.4,551.24
12615,145.44,18.9,0.0,436.32
12616,156.02,-223.66,0.7,156.02
12617,69.3,16.62,0.0,138.6
12618,130.9,4.36,0.1,392.70000000000005
12619,568.61,92.33,0.2,2274.44
12620,173.21,46.51,0.002,173.21
12621,67.86,1.32,0.0,203.57999999999998
12622,78.64,33.76,0.0,314.56
12623,215.82,47.34,0.0,1294.92
12624,901.95,297.64,0.0,2705.8500000000004
12625,70.56,-49.41,0.5,211.68
12626,258.12,74.52,0.1,516.24
12627,49.44,23.16,0.0,197.76
12628,626.35,-23.49,0.2,1879.0500000000002
12629,183.0,84.12,0.0,732.0
12630,29.88,2.64,0.0,59.76
12631,105.12,28.38,0.0,210.24
12632,559.99,175.0,0.2,559.99
12633,96.81,9.51,0.002,96.81
12634,188.8,1.88,0.0,377.6
12635,181.86,50.92,0.0,1273.02
12636,307.92,-34.64,0.2,1539.6000000000001
12637,170.28,-4.32,0.2,851.4
12638,107.98,37.79,0.2,323.94
12639,67.44,24.24,0.0,269.76
12640,359.97,-71.99,0.4,1799.8500000000001
12641,97.02,13.56,0.0,194.04
12642,146.88,52.83,0.0,440.64
12643,152.1,30.42,0.0,912.5999999999999
12644,97.92,35.22,0.0,195.84
12645,242.73,55.53,0.17,970.92
12646,740.67,68.37,0.35,2222.0099999999998
12647,935.76,102.9,0.0,6550.32
12648,187.2,20.52,0.0,1123.1999999999998
12649,47.9,-7.9,0.2,287.4
12650,105.4,15.8,0.0,527.0
12651,854.49,290.43,0.0,5981.43
12652,97.86,33.24,0.0,293.58
12653,623.96,39.0,0.2,3119.8
12654,146.82,42.57,0.0,146.82
12655,89.4,16.98,0.0,178.8
12656,182.63,-65.78,0.5,913.15
12657,20.72,6.48,0.2,41.44
12658,273.0,79.14,0.0,546.0
12659,129.12,6.44,0.2,258.24
12660,134.55,51.0,0.0,672.75
12661,207.12,76.56,0.0,828.48
12662,20.61,-4.38,0.2,41.22
12663,94.12,36.28,0.17,376.48
12664,417.46,-83.54,0.4,2504.7599999999998
12665,149.95,65.98,0.0,749.75
12666,162.24,50.16,0.0,1297.92
12667,268.74,91.26,0.0,1612.44
12668,43.92,14.88,0.0,263.52
12669,859.2,75.18,0.2,2577.6000000000004
12670,123.24,3.69,0.0,123.24
12671,65.34,30.0,0.0,130.68
12672,146.96,8.84,0.17,293.92
12673,217.02,19.5,0.0,651.0600000000001
12674,193.92,85.32,0.0,1163.52
12675,248.82,4.92,0.0,497.64
12676,143.4,51.6,0.0,143.4
12677,90.4,-123.56,0.7,90.4
12678,53.28,7.44,0.0,159.84
12679,148.92,37.23,0.0,148.92
12680,37.94,18.21,0.0,75.88
12681,194.04,32.88,0.0,1164.24
12682,60.57,7.83,0.0,181.71
12683,421.1,105.28,0.0,842.2
12684,332.28,43.14,0.0,664.56
12685,43.5,10.88,0.0,130.5
12686,195.36,23.4,0.0,781.44
12687,167.34,81.96,0.0,334.68
12688,41.93,-50.32,0.7,41.93
12689,243.69,41.4,0.0,243.69
12690,139.23,68.22,0.0,417.68999999999994
12691,48.69,23.86,0.0,438.21
12692,136.74,47.86,0.2,273.48
12693,201.48,18.12,0.0,805.92
12694,154.28,17.12,0.1,308.56
12695,85.36,7.68,0.0,341.44
12696,59.98,17.99,0.0,119.96
12697,46.2,14.25,0.0,231.0
12698,142.02,45.36,0.0,426.06000000000006
12699,199.2,27.84,0.0,1195.1999999999998
12700,103.38,40.26,0.0,206.76
12701,42.62,-68.19,0.8,298.34
12702,156.24,50.74,0.2,781.2
12703,80.35,-32.21,0.4,321.4
12704,63.24,25.92,0.0,126.48
12705,174.96,50.58,0.0,1049.76
12706,62.65,29.45,0.0,313.25
12707,170.73,80.19,0.0,512.1899999999999
12708,118.26,57.87,0.0,354.78000000000003
12709,126.63,17.64,0.0,379.89
12710,139.19,-144.09,0.602,278.38
12711,93.64,1.48,0.4,842.76
12712,126.2,28.01,0.1,378.6
12713,147.45,30.9,0.0,737.25
12714,155.34,17.01,0.0,466.02
12715,131.84,26.32,0.0,527.36
12716,45.22,-27.14,0.6,271.32
12717,256.17,86.73,0.002,768.51
12718,328.0,54.67,0.1,1968.0
12719,113.82,53.46,0.0,227.64
12720,79.68,23.04,0.17,318.72
12721,110.88,22.14,0.0,221.76
12722,120.71,-18.11,0.2,120.71
12723,325.16,120.12,0.0,3576.76
12724,202.61,-70.93,0.4,607.83
12725,151.19,13.23,0.2,151.19
12726,303.57,-291.51,0.5,1821.42
12727,156.46,0.0,0.4,156.46
12728,186.39,9.27,0.0,559.17
12729,172.17,11.97,0.0,516.51
12730,95.62,9.56,0.2,191.24
12731,101.14,-1.34,0.2,707.98
12732,128.8,14.08,0.0,1030.4
12733,315.24,14.7,0.402,945.72
12734,52.86,-70.5,0.7,52.86
12735,115.71,51.87,0.0,809.9699999999999
12736,126.93,14.07,0.1,380.79
12737,226.12,97.2,0.0,452.24
12738,86.94,33.9,0.0,260.82
12739,115.2,51.84,0.0,460.8
12740,163.62,78.48,0.0,490.86
12741,151.92,-48.66,0.5,303.84
12742,44.71,1.96,0.1,134.13
12743,183.14,48.06,0.2,366.28
12744,74.97,17.91,0.0,224.91
12745,130.73,53.69,0.1,392.18999999999994
12746,335.52,117.43,0.2,1342.08
12747,44.97,13.47,0.0,44.97
12748,164.32,44.32,0.0,657.28
12749,243.86,-142.3,0.4,731.58
12750,192.6,32.7,0.0,963.0
12751,61.45,-6.71,0.45,245.8
12752,807.75,153.47,0.0,4038.75
12753,108.6,-6.54,0.5,325.79999999999995
12754,168.24,11.19,0.1,504.72
12755,107.4,0.0,0.0,214.8
12756,42.77,-27.81,0.4,42.77
12757,102.11,16.97,0.1,204.22
12758,180.98,47.05,0.0,180.98
12759,183.42,-139.5,0.5,733.68
12760,136.18,-6.65,0.17,408.54
12761,202.72,-13.55,0.4,608.16
12762,248.86,-74.66,0.6,746.58
12763,206.78,-27.58,0.4,413.56
12764,292.94,27.56,0.15,585.88
12765,102.54,18.42,0.0,205.08
12766,217.02,80.28,0.0,434.04
12767,74.03,-9.85,0.47,296.12
12768,251.94,65.12,0.002,251.94
12769,164.72,-79.72,0.4,1153.04
12770,56.64,-60.9,0.6,56.64
12771,45.68,21.01,0.0,91.36
12772,304.56,88.32,0.0,1218.24
12773,12.96,6.22,0.0,25.92
12774,307.56,-34.17,0.1,922.6800000000001
12775,146.91,-40.29,0.27,587.64
12776,137.77,-27.59,0.4,275.54
12777,122.33,-0.07,0.5,611.65
12778,166.05,26.55,0.0,498.15000000000003
12779,129.15,23.22,0.0,387.45000000000005
12780,74.52,5.94,0.0,74.52
12781,59.88,1.08,0.47,419.16
12782,65.64,-26.07,0.47,196.92000000000002
12783,216.72,75.84,0.0,2600.64
12784,160.69,-58.97,0.4,1124.83
12785,156.87,3.06,0.0,470.61
12786,153.6,76.8,0.0,1228.8
12787,29.67,2.67,0.0,29.67
12788,90.9,15.3,0.0,545.4000000000001
12789,169.74,32.25,0.0,169.74
12790,5.55,-1.04,0.2,11.1
12791,102.09,-89.85,0.5,102.09
12792,243.33,121.65,0.0,243.33
12793,97.74,-8.16,0.4,488.7
12794,192.53,-275.11,0.65,577.59
12795,299.16,68.76,0.0,1794.96
12796,149.18,-308.5,0.7,1193.44
12797,182.37,52.86,0.0,182.37
12798,403.79,62.69,0.1,2018.95
12799,238.65,22.71,0.37,238.65
12800,180.12,37.8,0.0,720.48
12801,7.36,0.15,0.0,14.72
12802,218.64,10.92,0.0,874.56
12803,139.59,69.75,0.0,418.77
12804,1117.92,55.9,0.0,4471.68
12805,92.5,-181.94,0.7,92.5
12806,563.24,56.32,0.2,2816.2
12807,184.17,36.81,0.1,184.17
12808,4912.59,196.5,0.0,14737.77
12809,278.82,125.47,0.0,2509.38
12810,97.37,23.93,0.27,584.22
12811,124.44,-14.64,0.15,248.88
12812,233.57,-87.67,0.6,934.28
12813,200.54,-13.38,0.4,802.16
12814,198.0,65.28,0.0,792.0
12815,272.28,40.8,0.0,1089.12
12816,250.44,75.12,0.0,1001.76
12817,91.87,-45.95,0.4,91.87
12818,147.96,16.2,0.0,443.88
12819,343.66,22.9,0.1,1374.64
12820,568.32,90.84,0.0,2273.28
12821,52.2,18.78,0.0,104.4
12822,109.68,6.48,0.17,548.4000000000001
12823,144.1,-90.08,0.6,288.2
12824,99.54,45.72,0.0,597.24
12825,108.24,47.52,0.0,432.96
12826,194.76,64.2,0.0,779.04
12827,260.82,12.96,0.0,1564.92
12828,272.4,43.44,0.0,2179.2
12829,83.56,30.08,0.0,83.56
12830,105.48,43.2,0.0,632.88
12831,89.36,-8.44,0.47,357.44
12832,109.63,4.0,0.47,767.41
12833,127.2,29.2,0.0,636.0
12834,34.58,10.03,0.0,34.58
12835,34.4,15.82,0.0,172.0
12836,104.0,13.82,0.1,208.0
12837,239.04,31.05,0.0,239.04
12838,75.9,-64.02,0.5,834.9000000000001
12839,139.15,-86.99,0.6,417.45000000000005
12840,113.7,26.1,0.0,1137.0
12841,148.56,32.64,0.0,594.24
12842,40.61,-14.35,0.6,324.88
12843,50.8,22.32,0.0,101.6
12844,209.76,18.84,0.0,629.28
12845,8.13,-13.83,0.8,56.910000000000004
12846,199.08,55.68,0.0,796.32
12847,3.3,1.07,0.2,3.3
12848,50.7,10.14,0.0,101.4
12849,268.32,24.12,0.0,536.64
12850,387.36,116.16,0.2,1549.44
12851,570.15,159.63,0.0,570.15
12852,221.76,55.44,0.0,1330.56
12853,198.42,-130.98,0.5,396.84
12854,88.2,18.45,0.0,264.6
12855,477.3,138.42,0.0,2386.5
12856,174.06,50.4,0.0,1566.54
12857,148.51,16.87,0.3,594.04
12858,362.94,36.29,0.0,1088.82
12859,180.96,48.84,0.0,723.84
12860,165.31,-173.6,0.6,165.31
12861,173.88,53.82,0.0,521.64
12862,842.72,202.25,0.0,6741.76
12863,318.03,73.14,0.0,318.03
12864,154.95,58.47,0.1,464.84999999999997
12865,147.45,30.9,0.0,737.25
12866,174.24,-191.76,0.7,871.2
12867,462.56,97.65,0.1,925.12
12868,173.46,55.44,0.0,1214.22
12869,262.14,73.38,0.0,524.28
12870,265.74,77.04,0.0,531.48
12871,143.82,41.58,0.0,862.92
12872,186.91,-35.05,0.2,1121.46
12873,214.7,83.73,0.0,1073.5
12874,280.26,44.82,0.0,1681.56
12875,60.03,28.8,0.0,180.09
12876,449.92,203.14,0.07,899.84
12877,46.98,-1.08,0.1,281.88
12878,166.83,46.71,0.0,166.83
12879,152.19,48.69,0.0,456.57
12880,54.9,15.37,0.0,274.5
12881,14.78,3.99,0.0,29.56
12882,85.64,-0.04,0.1,342.56
12883,1801.63,-337.81,0.2,10809.78
12884,258.43,-11.21,0.3,3618.02
12885,197.28,19.68,0.0,789.12
12886,50.4,15.6,0.0,100.8
12887,837.6,62.82,0.2,2512.8
12888,316.0,31.6,0.0,1264.0
12889,311.04,86.94,0.0,1866.2400000000002
12890,270.96,-64.38,0.2,812.8799999999999
12891,91.84,34.86,0.0,642.88
12892,163.56,57.24,0.0,327.12
12893,122.58,45.33,0.0,122.58
12894,124.68,17.4,0.0,498.72
12895,62.4,8.58,0.2,187.2
12896,25.06,12.53,0.0,175.42
12897,136.38,28.62,0.0,136.38
12898,175.68,64.92,0.0,702.72
12899,195.12,25.32,0.0,780.48
12900,4.31,-6.9,0.8,8.62
12901,482.94,-376.69,0.5,2897.64
12902,78.3,29.36,0.2,156.6
12903,305.53,-6.83,0.1,611.06
12904,225.0,103.32,0.0,2700.0
12905,124.32,12.42,0.0,372.96
12906,123.84,49.44,0.0,990.72
12907,245.16,73.44,0.0,980.64
12908,275.42,-93.58,0.47,550.84
12909,304.25,-152.15,0.4,2129.75
12910,133.2,-85.26,0.5,266.4
12911,109.12,39.28,0.0,436.48
12912,113.83,-68.33,0.6,682.98
12913,86.4,22.08,0.1,172.8
12914,70.08,11.04,0.0,560.64
12915,231.12,46.2,0.1,462.24
12916,215.46,0.0,0.0,3016.44
12917,384.57,-174.93,0.402,1922.85
12918,123.92,55.76,0.0,495.68
12919,156.65,69.62,0.1,469.95000000000005
12920,78.57,39.24,0.0,235.70999999999998
12921,164.71,63.49,0.17,1152.97
12922,155.92,-222.2,0.6,155.92
12923,186.3,-156.6,0.5,931.5
12924,106.56,43.68,0.0,852.48
12925,114.84,51.66,0.0,229.68
12926,169.3,3.3,0.0,846.5
12927,46.15,-49.67,0.6,138.45
12928,51.65,18.72,0.2,619.8
12929,217.2,102.06,0.0,651.5999999999999
12930,194.02,-123.94,0.402,388.04
12931,157.58,-15.78,0.4,315.16
12932,131.85,54.0,0.0,659.25
12933,41.85,4.65,0.1,83.7
12934,305.91,47.55,0.1,611.82
12935,356.56,19.78,0.1,713.12
12936,102.54,35.88,0.0,205.08
12937,55.92,27.36,0.0,111.84
12938,136.78,51.67,0.1,136.78
12939,71.28,17.82,0.0,213.84
12940,258.33,23.22,0.0,258.33
12941,67.74,-62.34,0.5,135.48
12942,205.44,-90.48,0.5,1643.52
12943,100.5,-3.87,0.47,703.5
12944,236.88,82.8,0.0,1895.04
12945,90.48,7.92,0.0,723.84
12946,160.98,20.93,0.0,160.98
12947,90.3,29.76,0.0,180.6
12948,437.67,56.88,0.0,1313.01
12949,248.29,-538.13,0.7,1489.74
12950,55.26,-38.7,0.5,221.04
12951,153.86,2.54,0.4,923.1600000000001
12952,446.4,0.0,0.0,2232.0
12953,382.81,-4.55,0.15,1148.43
12954,83.88,29.36,0.2,83.88
12955,191.28,53.52,0.0,1530.24
12956,147.94,56.16,0.0,1923.22
12957,142.89,14.28,0.0,142.89
12958,165.38,56.93,0.1,826.9
12959,129.93,12.99,0.0,389.79
12960,647.6,57.5,0.1,3238.0
12961,198.27,-32.22,0.2,1586.16
12962,110.31,27.15,0.27,330.93
12963,25.5,6.63,0.0,76.5
12964,124.86,48.69,0.0,124.86
12965,99.67,-42.41,0.6,199.34
12966,140.23,-154.33,0.7,560.92
12967,177.89,-38.59,0.4,711.56
12968,145.89,17.46,0.0,437.66999999999996
12969,263.31,5.25,0.0,263.31
12970,85.14,21.24,0.0,510.84000000000003
12971,127.47,1.26,0.0,127.47
12972,170.96,70.08,0.0,683.84
12973,22.14,6.42,0.0,66.42
12974,170.55,17.01,0.0,511.65000000000003
12975,276.22,48.3,0.2,552.44
12976,8.32,2.81,0.2,41.6
12977,161.16,19.32,0.0,644.64
12978,220.48,-14.78,0.1,1322.8799999999999
12979,186.71,58.01,0.1,560.13
12980,95.16,9.48,0.0,380.64
12981,97.26,18.46,0.0,97.26
12982,21.39,6.2,0.0,21.39
12983,1293.49,80.84,0.2,9054.43
12984,70.65,16.2,0.0,353.25
12985,502.49,-87.94,0.2,1507.47
12986,90.9,36.36,0.0,272.70000000000005
12987,209.01,-7.71,0.402,418.02
12988,176.15,78.23,0.1,704.6
12989,114.95,32.19,0.0,574.75
12990,127.51,-85.71,0.402,127.51
12991,346.37,6.53,0.47,2770.96
12992,94.35,23.55,0.0,471.75
12993,298.62,35.82,0.0,2687.58
12994,145.07,-15.76,0.17,435.21
12995,161.0,32.96,0.17,322.0
12996,272.88,8.1,0.0,1637.28
12997,184.54,-134.3,0.45,738.16
12998,39.68,16.27,0.0,79.36
12999,132.26,43.64,0.0,132.26
13000,78.37,-107.15,0.7,313.48
13001,114.37,-133.55,0.7,457.48
13002,152.65,70.22,0.0,763.25
13003,280.74,-15.45,0.27,842.22
13004,62.96,28.33,0.0,251.84
13005,189.96,43.68,0.0,1139.76
13006,73.95,-59.19,0.5,147.9
13007,6.3,3.02,0.0,12.6
13008,41.96,10.64,0.1,125.88
13009,146.79,20.52,0.0,440.37
13010,87.04,20.0,0.0,174.08
13011,196.98,39.39,0.0,196.98
13012,1603.14,100.2,0.2,6412.56
13013,107.4,8.58,0.0,214.8
13014,218.4,-65.52,0.4,873.6
13015,77.03,-33.98,0.5,385.15
13016,204.63,57.27,0.0,204.63
13017,244.48,75.76,0.0,488.96
13018,125.4,15.0,0.0,627.0
13019,88.02,31.68,0.0,176.04
13020,193.32,7.68,0.0,773.28
13021,224.01,-143.37,0.5,672.03
13022,306.23,-147.02,0.5,918.69
13023,96.0,-56.0,0.4,480.0
13024,161.6,30.44,0.002,323.2
13025,149.49,14.94,0.0,448.47
13026,179.97,86.39,0.0,539.91
13027,141.33,-113.07,0.5,282.66
13028,111.88,21.24,0.0,223.76
13029,101.85,22.26,0.0,712.9499999999999
13030,445.8,-108.27,0.3,3120.6
13031,284.36,-75.83,0.4,568.72
13032,163.68,-16.47,0.2,818.4000000000001
13033,187.56,-218.84,0.7,375.12
13034,93.84,34.68,0.0,563.04
13035,149.1,67.08,0.0,447.29999999999995
13036,175.77,64.98,0.0,527.3100000000001
13037,41.47,14.52,0.2,331.76
13038,109.89,29.67,0.0,109.89
13039,207.14,-269.38,0.7,828.56
13040,74.78,-24.34,0.6,299.12
13041,87.42,32.34,0.0,174.84
13042,201.65,55.43,0.2,604.95
13043,166.0,23.2,0.0,830.0
13044,101.75,-169.63,0.7,203.5
13045,89.46,44.73,0.0,268.38
13046,220.2,17.58,0.0,440.4
13047,214.8,0.0,0.0,859.2
13048,113.76,1.08,0.0,227.52
13049,79.38,25.38,0.0,238.14
13050,339.96,122.39,0.0,1359.84
13051,45.36,21.77,0.0,317.52
13052,98.39,-47.59,0.4,590.34
13053,189.72,87.24,0.0,758.88
13054,193.68,73.56,0.0,774.72
13055,140.67,1.38,0.0,140.67
13056,168.81,64.14,0.0,168.81
13057,64.96,21.44,0.0,129.92
13058,68.28,23.16,0.0,273.12
13059,338.31,13.44,0.0,2368.17
13060,91.5,42.06,0.0,183.0
13061,201.76,58.3,0.17,605.28
13062,118.06,25.81,0.27,354.18
13063,26.52,12.18,0.0,53.04
13064,12.96,6.22,0.0,25.92
13065,192.03,25.35,0.17,768.12
13066,345.28,117.36,0.0,690.56
13067,475.86,114.18,0.0,475.86
13068,106.65,-1.44,0.25,319.95000000000005
13069,107.4,0.0,0.0,214.8
13070,238.93,62.17,0.27,477.86
13071,658.75,146.39,0.1,1976.25
13072,44.4,22.2,0.0,133.2
13073,60.96,6.66,0.0,182.88
13074,999.09,70.41,0.15,3996.36
13075,19.92,6.97,0.2,99.60000000000001
13076,170.49,-261.42,0.7,170.49
13077,103.6,20.72,0.0,725.1999999999999
13078,158.94,28.44,0.0,953.64
13079,54.54,-27.36,0.4,490.86
13080,93.3,44.7,0.0,466.5
13081,135.54,40.59,0.0,406.62
13082,15.92,5.37,0.2,79.6
13083,385.86,92.58,0.0,771.72
13084,158.22,64.8,0.0,949.3199999999999
13085,57.5,20.13,0.2,345.0
13086,111.84,54.72,0.0,447.36
13087,169.28,59.24,0.0,338.56
13088,194.4,83.52,0.0,777.6
13089,139.03,19.06,0.2,417.09000000000003
13090,78.42,-35.52,0.47,235.26
13091,171.51,58.29,0.0,171.51
13092,39.85,7.93,0.1,79.7
13093,47.04,0.9,0.0,94.08
13094,87.96,19.32,0.0,175.92
13095,125.7,16.2,0.0,1257.0
13096,137.14,46.24,0.2,274.28
13097,224.24,105.36,0.0,896.96
13098,14.62,6.87,0.0,29.24
13099,8.28,2.98,0.0,16.56
13100,266.74,56.68,0.2,800.22
13101,122.16,59.76,0.0,488.64
13102,15.24,7.16,0.0,45.72
13103,95.13,0.0,0.0,665.91
13104,119.9,38.3,0.0,599.5
13105,45.96,8.64,0.0,183.84
13106,107.76,49.56,0.0,431.04
13107,93.18,0.0,0.0,93.18
13108,9.22,3.34,0.2,36.88
13109,298.8,26.82,0.0,1792.8000000000002
13110,215.19,10.53,0.0,1936.71
13111,51.35,9.65,0.1,102.7
13112,219.84,76.92,0.0,879.36
13113,206.43,43.26,0.0,1445.01
13114,141.57,52.38,0.0,424.71
13115,385.02,126.99,0.0,1155.06
13116,204.6,26.55,0.0,1023.0
13117,87.84,-92.28,0.6,351.36
13118,114.66,4.56,0.0,229.32
13119,61.02,0.0,0.0,122.04
13120,437.94,78.57,0.0,3941.46
13121,163.91,16.37,0.4,491.73
13122,256.73,32.93,0.002,513.46
13123,128.06,-23.78,0.3,384.18
13124,140.6,26.6,0.0,1406.0
13125,288.36,-25.08,0.402,576.72
13126,62.35,-10.91,0.2,374.1
13127,171.29,-371.23,0.7,2055.48
13128,46.65,14.85,0.0,233.25
13129,194.67,5.19,0.25,389.34
13130,281.34,2.76,0.0,562.68
13131,144.66,43.38,0.0,144.66
13132,15.07,4.14,0.2,45.21
13133,178.68,-60.78,0.5,178.68
13134,1.62,-4.47,0.8,3.24
13135,959.98,335.99,0.2,1919.96
13136,148.39,41.2,0.1,445.16999999999996
13137,148.88,14.87,0.1,446.64
13138,387.72,-67.85,0.2,1938.6000000000001
13139,189.58,14.78,0.002,379.16
13140,83.88,-4.22,0.4,419.4
13141,174.31,32.83,0.1,697.24
13142,269.28,-40.44,0.2,807.8399999999999
13143,73.2,3.66,0.0,73.2
13144,360.96,61.32,0.0,1443.84
13145,182.07,40.05,0.0,182.07
13146,21.07,1.58,0.2,63.21
13147,44.28,13.68,0.0,177.12
13148,22.38,-7.83,0.6,67.14
13149,172.04,-106.12,0.4,516.12
13150,75.87,18.9,0.0,227.61
13151,145.86,66.99,0.0,1604.46
13152,143.64,12.72,0.1,287.28
13153,176.22,45.81,0.0,176.22
13154,144.1,-111.68,0.6,432.29999999999995
13155,184.68,81.24,0.0,1108.08
13156,1124.1,146.1,0.0,11241.0
13157,108.48,45.54,0.0,216.96
13158,136.78,5.13,0.2,136.78
13159,83.7,41.01,0.0,418.5
13160,500.17,-530.33,0.602,2500.85
13161,134.73,22.41,0.4,404.18999999999994
13162,365.22,21.9,0.0,730.44
13163,187.83,75.06,0.0,563.49
13164,99.3,16.74,0.17,397.2
13165,301.77,9.03,0.0,301.77
13166,184.47,38.61,0.0,2398.11
13167,146.4,61.44,0.0,292.8
13168,143.4,2.85,0.0,143.4
13169,78.57,39.24,0.0,235.70999999999998
13170,80.64,38.7,0.0,725.76
13171,168.3,-10.17,0.5,504.90000000000003
13172,52.65,8.85,0.0,263.25
13173,23.83,6.55,0.2,71.49
13174,225.28,54.0,0.0,901.12
13175,207.24,74.52,0.0,828.96
13176,246.3,24.6,0.0,1231.5
13177,270.14,-209.38,0.6,1080.56
13178,226.56,101.76,0.0,1812.48
13179,78.29,-58.75,0.6,313.16
13180,20.7,9.94,0.0,41.4
13181,99.05,6.98,0.17,891.4499999999999
13182,165.8,44.7,0.0,829.0
13183,301.77,9.03,0.0,301.77
13184,146.22,17.52,0.0,292.44
13185,15.99,1.0,0.2,15.99
13186,190.88,43.88,0.0,381.76
13187,58.3,15.1,0.0,291.5
13188,99.7,-58.22,0.4,398.8
13189,771.34,-424.28,0.4,1542.68
13190,220.08,96.78,0.0,440.16
13191,99.5,-3.64,0.17,298.5
13192,120.84,19.32,0.0,483.36
13193,352.38,81.05,0.0,704.76
13194,247.71,116.4,0.0,247.71
13195,84.42,27.44,0.2,337.68
13196,253.65,-170.51,0.402,507.3
13197,412.9,20.62,0.2,825.8
13198,90.72,17.07,0.1,453.6
13199,43.18,13.49,0.2,302.26
13200,101.76,-57.74,0.4,508.8
13201,165.82,-79.04,0.6,2321.48
13202,72.25,-23.6,0.6,650.25
13203,78.29,-19.63,0.6,313.16
13204,126.95,-488.77,0.8,253.9
13205,139.8,-25.2,0.5,559.2
13206,55.86,27.93,0.0,391.02
13207,192.81,-205.68,0.7,192.81
13208,364.74,120.36,0.0,364.74
13209,167.83,55.87,0.1,503.49
13210,118.8,14.82,0.2,356.4
13211,62.46,25.56,0.0,124.92
13212,1049.44,440.76,0.0,8395.52
13213,168.93,-125.01,0.5,506.79
13214,43.2,0.96,0.1,86.4
13215,422.86,15.86,0.2,1268.58
13216,93.48,43.92,0.0,186.96
13217,333.0,-16.65,0.2,999.0
13218,61.47,24.57,0.0,184.41
13219,219.75,-202.17,0.5,219.75
13220,171.05,-71.93,0.5,1197.3500000000001
13221,92.6,41.6,0.0,463.0
13222,286.32,57.24,0.0,572.64
13223,119.8,47.89,0.1,359.4
13224,109.81,-53.87,0.47,219.62
13225,121.25,-28.39,0.4,485.0
13226,213.09,-18.03,0.17,426.18
13227,492.77,55.44,0.2,1971.08
13228,200.88,32.04,0.0,803.52
13229,172.37,-107.83,0.6,689.48
13230,135.54,40.59,0.0,406.62
13231,34.02,3.36,0.0,68.04
13232,101.64,29.4,0.0,711.48
13233,194.4,83.52,0.0,777.6
13234,252.06,12.6,0.0,504.12
13235,115.01,-4.18,0.17,115.01
13236,104.94,36.72,0.0,629.64
13237,143.22,4.2,0.0,1002.54
13238,157.95,69.48,0.0,473.84999999999997
13239,159.0,4.68,0.0,636.0
13240,113.4,33.96,0.0,453.6
13241,123.7,-4.55,0.17,1113.3
13242,146.04,18.96,0.0,584.16
13243,220.8,15.57,0.15,220.8
13244,243.54,68.04,0.0,2191.86
13245,416.06,68.42,0.15,1664.24
13246,212.1,80.58,0.0,212.1
13247,848.4,322.32,0.0,3393.6
13248,246.48,76.38,0.0,739.4399999999999
13249,43.58,4.36,0.2,43.58
13250,291.36,122.28,0.0,1165.44
13251,151.38,52.92,0.0,454.14
13252,204.77,6.77,0.1,819.08
13253,47.58,2.37,0.0,47.58
13254,175.44,12.24,0.0,701.76
13255,1704.56,511.37,0.0,22159.28
13256,89.25,7.05,0.0,446.25
13257,62.81,-35.6,0.47,125.62
13258,319.97,36.0,0.2,1279.88
13259,146.94,72.0,0.0,146.94
13260,427.59,128.25,0.0,1282.77
13261,293.58,108.57,0.0,2055.06
13262,68.6,18.52,0.0,274.4
13263,228.74,10.13,0.1,686.22
13264,96.84,26.1,0.0,193.68
13265,180.29,53.03,0.15,1262.03
13266,231.98,43.7,0.002,463.96
13267,245.04,9.78,0.0,490.08
13268,56.57,-74.95,0.6,113.14
13269,49.73,-64.69,0.6,99.46
13270,171.29,-39.97,0.4,342.58
13271,270.29,-67.57,0.6,1621.7400000000002
13272,145.76,17.44,0.0,583.04
13273,148.8,46.08,0.0,297.6
13274,265.26,13.26,0.0,530.52
13275,65.37,24.84,0.0,65.37
13276,247.02,106.2,0.0,741.0600000000001
13277,153.41,36.13,0.202,306.82
13278,49.86,9.42,0.0,149.57999999999998
13279,86.4,-56.16,0.4,259.20000000000005
13280,78.37,-41.96,0.4,548.59
13281,113.88,34.14,0.0,227.76
13282,83.75,13.91,0.4,251.25
13283,743.04,181.56,0.1,2972.16
13284,13.2,0.24,0.0,13.2
13285,140.22,65.88,0.0,420.65999999999997
13286,154.2,66.24,0.0,616.8
13287,195.78,76.32,0.0,391.56
13288,185.4,44.46,0.0,1112.4
13289,172.86,57.03,0.0,172.86
13290,3393.68,610.86,0.0,27149.44
13291,48.84,5.85,0.0,48.84
13292,174.47,-69.8,0.5,523.41
13293,43.5,6.0,0.0,217.5
13294,213.22,15.99,0.2,639.66
13295,266.69,-142.27,0.4,1600.1399999999999
13296,210.68,50.56,0.0,421.36
13297,192.84,24.96,0.0,1157.04
13298,128.7,25.74,0.0,128.7
13299,66.36,7.96,0.0,132.72
13300,137.88,66.18,0.0,137.88
13301,223.12,16.72,0.2,1115.6
13302,285.7,97.1,0.0,1428.5
13303,103.57,3.43,0.4,207.14
13304,91.53,0.9,0.0,274.59000000000003
13305,234.0,28.08,0.0,1404.0
13306,186.06,0.0,0.0,1302.42
13307,229.02,-111.84,0.402,687.0600000000001
13308,165.0,59.4,0.0,1815.0
13309,169.74,32.25,0.0,169.74
13310,246.4,-102.38,0.35,492.8
13311,59.28,26.64,0.0,237.12
13312,338.88,47.4,0.0,1355.52
13313,57.98,-66.7,0.6,57.98
13314,71.84,6.4,0.0,287.36
13315,207.9,4.14,0.0,1247.4
13316,139.09,28.39,0.17,834.54
13317,153.83,-69.97,0.402,307.66
13318,224.91,-0.09,0.3,1349.46
13319,295.06,106.96,0.2,2655.54
13320,107.82,24.78,0.0,215.64
13321,230.1,44.04,0.27,1610.7
13322,231.39,-2.61,0.1,1156.9499999999998
13323,104.27,-156.43,0.7,208.54
13324,59.0,-7.54,0.45,118.0
13325,101.81,-49.39,0.4,1425.3400000000001
13326,126.72,28.42,0.2,633.6
13327,263.68,57.76,0.27,2109.44
13328,288.54,17.28,0.0,577.08
13329,105.84,48.66,0.0,211.68
13330,111.96,-94.05,0.5,335.88
13331,151.36,-5.06,0.1,302.72
13332,163.44,57.0,0.17,653.76
13333,149.46,26.88,0.0,149.46
13334,97.32,17.46,0.0,194.64
13335,173.76,-117.36,0.6,695.04
13336,138.6,30.42,0.0,415.79999999999995
13337,189.42,52.92,0.0,1325.9399999999998
13338,1198.33,70.49,0.15,11983.3
13339,46.22,-27.78,0.4,184.88
13340,140.45,21.03,0.4,983.1499999999999
13341,256.74,110.34,0.0,513.48
13342,56.3,15.76,0.0,112.6
13343,146.1,18.9,0.0,730.5
13344,143.86,-6.5,0.1,575.44
13345,116.4,24.33,0.1,1047.6000000000001
13346,146.6,58.6,0.0,733.0
13347,123.48,41.86,0.0,864.36
13348,130.44,30.0,0.0,260.88
13349,230.26,20.44,0.1,460.52
13350,46.92,15.9,0.0,93.84
13351,154.48,63.28,0.0,617.92
13352,98.04,2.88,0.0,392.16
13353,25.92,9.07,0.2,129.60000000000002
13354,422.98,-76.97,0.45,1268.94
13355,71.21,-14.35,0.4,284.84
13356,319.83,51.03,0.0,2238.81
13357,101.4,27.36,0.0,405.6
13358,154.14,13.68,0.1,154.14
13359,122.37,35.46,0.0,122.37
13360,144.42,23.1,0.0,144.42
13361,119.96,33.59,0.0,239.92
13362,165.65,-4.63,0.27,662.6
13363,128.32,22.88,0.002,128.32
13364,110.08,3.28,0.0,440.32
13365,829.32,215.52,0.0,3317.28
13366,144.97,12.22,0.17,144.97
13367,130.26,31.26,0.0,260.52
13368,199.95,63.98,0.0,999.75
13369,302.94,18.18,0.0,908.8199999999999
13370,125.64,-56.55,0.6,125.64
13371,207.36,35.25,0.0,207.36
13372,267.36,29.4,0.0,534.72
13373,206.4,24.75,0.0,1032.0
13374,110.72,-14.38,0.15,221.44
13375,150.0,28.5,0.0,750.0
13376,97.18,6.07,0.2,194.36
13377,120.08,39.6,0.0,480.32
13378,126.82,43.66,0.1,126.82
13379,255.96,104.94,0.0,2303.64
13380,133.35,5.25,0.0,666.75
13381,62.34,8.7,0.0,124.68
13382,86.62,8.66,0.0,173.24
13383,352.59,158.55,0.0,2468.1299999999997
13384,94.8,27.48,0.0,284.4
13385,271.49,84.83,0.2,814.47
13386,424.71,157.14,0.0,3822.39
13387,105.53,-7.61,0.3,316.59000000000003
13388,184.86,51.66,0.0,1109.16
13389,37.66,18.45,0.0,263.62
13390,477.24,9.54,0.0,1908.96
13391,122.76,41.67,0.0,368.28000000000003
13392,1522.64,169.18,0.1,13703.76
13393,61.44,28.26,0.0,184.32
13394,215.46,-71.84,0.4,1077.3
13395,130.24,52.08,0.0,520.96
13396,94.4,0.94,0.0,94.4
13397,333.48,49.98,0.0,666.96
13398,220.56,105.84,0.0,1323.3600000000001
13399,173.52,29.34,0.0,1561.68
13400,114.34,6.86,0.0,114.34
13401,113.52,23.76,0.0,908.16
13402,55.58,-81.58,0.7,222.32
13403,212.88,0.0,0.0,1277.28
13404,245.48,29.96,0.1,490.96
13405,186.95,-74.95,0.4,1121.6999999999998
13406,94.43,-42.49,0.6,283.29
13407,102.87,27.36,0.1,308.61
13408,84.16,-6.56,0.1,252.48
13409,252.16,90.72,0.0,2017.28
13410,271.92,21.72,0.0,1631.52
13411,109.98,5.49,0.0,109.98
13412,145.56,53.31,0.1,436.68
13413,182.24,21.84,0.0,364.48
13414,113.16,11.28,0.0,339.48
13415,127.12,-76.38,0.4,1398.3200000000002
13416,134.6,25.07,0.25,403.79999999999995
13417,409.26,114.54,0.0,818.52
13418,88.04,22.89,0.0,352.16
13419,16.19,-6.88,0.6,32.38
13420,241.68,38.64,0.0,1933.44
13421,446.66,120.86,0.15,893.32
13422,137.86,-41.36,0.6,413.58000000000004
13423,63.49,4.76,0.2,253.96
13424,719.88,64.68,0.0,10078.32
13425,229.18,38.2,0.4,458.36
13426,136.2,-92.76,0.5,1089.6
13427,138.69,58.23,0.0,416.07
13428,185.58,59.31,0.0,556.74
13429,124.59,53.55,0.0,124.59
13430,76.64,26.82,0.2,153.28
13431,195.6,70.4,0.0,782.4
13432,191.21,-376.07,0.7,191.21
13433,76.11,15.96,0.0,76.11
13434,159.75,59.1,0.0,798.75
13435,207.33,-29.07,0.5,414.66
13436,327.24,81.78,0.0,654.48
13437,57.57,5.76,0.2,230.28
13438,341.96,-427.45,0.6,1709.8
13439,111.98,26.88,0.0,223.96
13440,340.41,20.37,0.0,2382.8700000000003
13441,122.03,-20.98,0.3,366.09000000000003
13442,88.92,39.96,0.0,533.52
13443,93.51,2.79,0.0,280.53000000000003
13444,253.49,-116.01,0.602,1267.45
13445,125.22,33.78,0.0,375.65999999999997
13446,58.83,6.45,0.0,58.83
13447,121.26,35.04,0.17,242.52
13448,65.88,23.04,0.0,395.28
13449,63.2,23.38,0.0,316.0
13450,151.92,65.28,0.0,303.84
13451,109.2,43.68,0.0,436.8
13452,218.4,69.81,0.0,2839.2000000000003
13453,376.86,97.98,0.0,376.86
13454,147.66,24.54,0.1,442.98
13455,144.42,23.1,0.0,144.42
13456,272.84,-115.96,0.6,1364.1999999999998
13457,15.12,4.91,0.2,75.6
13458,130.95,40.59,0.0,392.84999999999997
13459,188.4,54.6,0.0,753.6
13460,258.96,121.71,0.0,258.96
13461,221.16,15.48,0.0,442.32
13462,304.2,5.94,0.0,1825.1999999999998
13463,54.6,17.4,0.0,218.4
13464,108.48,21.66,0.0,325.44
13465,139.0,16.6,0.0,695.0
13466,509.87,-39.67,0.1,1019.74
13467,212.16,80.52,0.0,848.64
13468,103.68,2.28,0.1,518.4000000000001
13469,114.19,-247.49,0.7,913.52
13470,107.28,-53.64,0.5,429.12
13471,96.77,5.33,0.1,387.08
13472,82.3,16.42,0.1,246.89999999999998
13473,337.1,-8.44,0.2,1011.3000000000001
13474,228.6,75.3,0.0,1143.0
13475,81.16,36.04,0.1,162.32
13476,248.64,109.32,0.0,994.56
13477,144.34,35.26,0.1,433.02
13478,224.4,-13.56,0.5,897.6
13479,272.79,32.55,0.25,1909.5300000000002
13480,198.45,89.28,0.0,198.45
13481,433.92,164.88,0.0,3471.36
13482,198.42,33.72,0.0,198.42
13483,145.8,62.64,0.0,437.40000000000003
13484,83.43,12.96,0.1,250.29000000000002
13485,58.83,22.35,0.0,58.83
13486,129.13,10.63,0.15,258.26
13487,62.61,18.78,0.0,62.61
13488,66.53,22.13,0.1,133.06
13489,387.09,127.71,0.0,387.09
13490,168.46,-40.02,0.2,168.46
13491,273.18,76.44,0.0,546.36
13492,182.27,-22.03,0.17,546.8100000000001
13493,74.64,-33.76,0.4,746.4
13494,143.48,-123.53,0.5,717.4
13495,117.56,-55.69,0.45,587.8
13496,19.44,9.33,0.0,58.32000000000001
13497,308.52,27.72,0.0,1851.12
13498,35.7,2.82,0.0,71.4
13499,45.37,-9.29,0.17,45.37
13500,175.17,38.52,0.0,175.17
13501,180.12,63.03,0.0,180.12
13502,145.86,11.64,0.0,291.72
13503,79.74,26.31,0.0,79.74
13504,92.94,25.09,0.0,278.82
13505,81.82,-1.48,0.4,572.74
13506,232.39,85.15,0.1,697.17
13507,18.43,-12.29,0.7,147.44
13508,137.77,-220.55,0.7,551.08
13509,134.61,39.03,0.0,134.61
13510,264.82,-66.2,0.2,794.46
13511,167.5,-5.68,0.4,1172.5
13512,246.3,39.36,0.0,738.9000000000001
13513,199.58,11.06,0.1,798.32
13514,131.76,59.22,0.0,395.28
13515,100.8,29.16,0.0,604.8
13516,135.06,-9.42,0.27,945.4200000000001
13517,108.42,47.7,0.0,216.84
13518,153.66,63.12,0.1,460.98
13519,217.89,-9.81,0.1,1089.4499999999998
13520,25.49,4.78,0.2,50.98
13521,175.92,82.68,0.0,527.76
13522,23.36,6.07,0.0,93.44
13523,1348.7,-219.16,0.2,8092.200000000001
13524,284.36,-75.83,0.4,568.72
13525,47.92,19.6,0.0,191.68
13526,196.1,41.1,0.0,980.5
13527,268.16,5.9,0.1,536.32
13528,3.42,1.07,0.2,3.42
13529,219.33,78.93,0.0,657.99
13530,148.22,12.86,0.2,889.3199999999999
13531,256.8,71.88,0.0,513.6
13532,97.66,-63.5,0.6,195.32
13533,942.78,94.28,0.2,3771.12
13534,97.02,-4.88,0.4,485.09999999999997
13535,142.46,-121.3,0.47,1994.44
13536,264.9,58.26,0.0,264.9
13537,291.42,131.1,0.0,582.84
13538,158.85,35.73,0.2,317.7
13539,370.74,123.51,0.1,1112.22
13540,112.16,-100.96,0.5,897.28
13541,96.9,26.1,0.0,484.5
13542,352.86,35.28,0.0,705.72
13543,166.83,4.98,0.0,166.83
13544,196.88,6.44,0.1,787.52
13545,271.22,24.05,0.1,1898.5400000000002
13546,191.85,90.15,0.0,959.25
13547,191.96,30.68,0.0,383.92
13548,104.58,9.24,0.0,732.06
13549,594.82,59.48,0.2,1189.64
13550,56.73,19.26,0.0,56.73
13551,243.81,121.86,0.0,731.4300000000001
13552,156.51,-35.22,0.2,626.04
13553,433.31,-10.45,0.17,866.62
13554,249.18,72.24,0.0,498.36
13555,414.0,45.52,0.0,828.0
13556,145.98,26.19,0.0,437.93999999999994
13557,164.5,24.1,0.25,493.5
13558,39.96,3.5,0.2,199.8
13559,214.83,60.06,0.0,2363.13
13560,158.1,-28.5,0.5,1581.0
13561,35.35,12.82,0.2,318.15000000000003
13562,30.88,3.86,0.2,123.52
13563,96.9,0.0,0.0,193.8
13564,242.56,12.0,0.0,1940.48
13565,47.61,-29.55,0.5,95.22
13566,139.68,44.64,0.0,558.72
13567,173.61,10.26,0.0,1562.4900000000002
13568,54.69,5.46,0.0,54.69
13569,139.35,-86.43,0.5,278.7
13570,293.62,88.42,0.17,1174.48
13571,182.72,84.05,0.0,1461.76
13572,44.41,-30.2,0.47,133.23
13573,159.56,59.04,0.0,638.24
13574,21.2,-11.66,0.6,63.599999999999994
13575,263.92,5.24,0.0,527.84
13576,248.64,19.8,0.0,994.56
13577,350.88,24.48,0.0,2807.04
13578,141.9,8.4,0.0,709.5
13579,114.96,24.0,0.0,919.68
13580,142.85,46.37,0.2,428.54999999999995
13581,772.68,-57.95,0.2,3863.3999999999996
13582,160.2,67.14,0.0,961.1999999999999
13583,325.8,107.46,0.0,977.4000000000001
13584,154.26,13.86,0.0,462.78
13585,131.27,45.17,0.1,262.54
13586,60.48,21.72,0.0,241.92
13587,441.96,101.65,0.0,883.92
13588,82.5,6.6,0.0,412.5
13589,165.24,-239.61,0.6,165.24
13590,828.84,0.0,0.0,4973.04
13591,157.77,37.8,0.0,473.31000000000006
13592,165.68,43.04,0.0,662.72
13593,238.27,-7.97,0.4,953.08
13594,65.97,31.01,0.0,197.91
13595,164.7,65.88,0.0,494.09999999999997
13596,207.36,35.25,0.0,207.36
13597,80.32,27.28,0.0,321.28
13598,378.92,63.72,0.002,1515.68
13599,178.32,19.56,0.0,1069.92
13600,6.85,2.14,0.2,13.7
13601,18.96,8.53,0.0,37.92
13602,246.11,-0.04,0.1,1230.5500000000002
13603,166.18,-99.74,0.4,332.36
13604,195.84,-111.06,0.4,979.2
13605,10.48,-17.29,0.8,62.88
13606,123.9,39.6,0.0,619.5
13607,205.97,-41.27,0.5,617.91
13608,7.78,3.5,0.0,7.78
13609,71.52,15.6,0.0,572.16
13610,236.95,102.67,0.1,947.8
13611,158.58,20.58,0.0,317.16
13612,169.3,-27.53,0.2,169.3
13613,102.78,3.78,0.47,411.12
13614,103.56,18.6,0.0,207.12
13615,291.96,52.38,0.0,1751.7599999999998
13616,164.75,52.97,0.1,988.5
13617,112.2,52.71,0.0,112.2
13618,130.34,24.64,0.0,912.38
13619,245.7,51.52,0.0,1719.8999999999999
13620,85.43,-185.11,0.7,170.86
13621,204.15,53.07,0.0,204.15
13622,432.66,-394.26,0.55,1297.98
13623,77.46,3.09,0.0,77.46
13624,53.01,4.77,0.0,53.01
13625,199.44,0.0,0.0,797.76
13626,127.89,15.33,0.0,127.89
13627,81.67,-110.27,0.6,81.67
13628,297.36,-119.07,0.5,2081.52
13629,297.3,-89.2,0.4,1486.5
13630,57.6,17.28,0.0,172.8
13631,239.97,2.4,0.0,719.91
13632,255.78,30.66,0.0,511.56
13633,217.32,4.32,0.0,434.64
13634,295.95,144.9,0.0,1479.75
13635,9.1,1.71,0.2,9.1
13636,8.92,3.92,0.0,35.68
13637,2.82,0.99,0.2,5.64
13638,193.25,-50.6,0.35,386.5
13639,229.2,34.38,0.0,458.4
13640,51.96,-37.44,0.5,207.84
13641,87.9,21.96,0.0,175.8
13642,133.2,11.85,0.0,666.0
13643,341.46,44.31,0.0,2390.22
13644,194.8,60.32,0.0,779.2
13645,738.63,280.62,0.0,2215.89
13646,158.91,11.91,0.2,317.82
13647,93.66,26.18,0.0,655.62
13648,177.95,-42.29,0.2,355.9
13649,321.84,80.46,0.0,1931.04
13650,202.38,4.02,0.0,404.76
13651,275.5,22.66,0.15,1102.0
13652,287.24,65.6,0.002,861.72
13653,204.96,77.88,0.0,1229.76
13654,175.47,46.5,0.17,526.41
13655,141.63,25.47,0.0,141.63
13656,136.74,13.65,0.0,136.74
13657,144.34,35.26,0.1,433.02
13658,484.6,199.12,0.1,1938.4
13659,189.46,31.86,0.002,378.92
13660,109.8,30.72,0.0,439.2
13661,187.57,-192.95,0.65,375.14
13662,44.04,-86.61,0.7,44.04
13663,190.89,59.37,0.1,190.89
13664,199.26,7.92,0.0,597.78
13665,68.6,26.72,0.0,137.2
13666,68.3,31.4,0.0,341.5
13667,218.16,104.64,0.0,872.64
13668,114.06,-148.29,0.7,114.06
13669,115.5,49.62,0.0,231.0
13670,206.76,28.92,0.0,413.52
13671,159.98,57.59,0.0,319.96
13672,58.18,12.34,0.2,232.72
13673,35.09,4.09,0.4,70.18
13674,40.29,10.48,0.0,120.87
13675,166.74,24.99,0.0,166.74
13676,152.22,25.86,0.0,456.65999999999997
13677,7.52,2.63,0.2,37.599999999999994
13678,231.42,95.07,0.1,694.26
13679,155.05,-228.71,0.6,155.05
13680,149.31,-65.79,0.5,895.86
13681,71.04,-59.7,0.5,71.04
13682,117.56,-58.78,0.4,117.56
13683,149.18,31.58,0.2,895.08
13684,509.88,5.04,0.0,2039.52
13685,39.13,-8.8,0.2,39.13
13686,77.1,0.72,0.0,154.2
13687,117.6,47.04,0.0,235.2
13688,85.32,1.62,0.0,511.91999999999996
13689,181.33,28.75,0.37,362.66
13690,283.2,48.12,0.0,566.4
13691,163.38,9.78,0.0,326.76
13692,198.96,95.44,0.0,795.84
13693,207.12,68.28,0.0,1242.72
13694,49.95,23.94,0.0,149.85000000000002
13695,151.2,-136.08,0.7,604.8
13696,124.32,3.72,0.0,372.96
13697,220.19,73.31,0.25,1321.1399999999999
13698,192.13,21.61,0.2,384.26
13699,215.87,45.87,0.2,863.48
13700,45.12,22.08,0.0,90.24
13701,85.3,14.5,0.0,170.6
13702,738.29,-166.15,0.2,2214.87
13703,230.5,106.0,0.0,1152.5
13704,281.15,-95.23,0.35,843.4499999999999
13705,192.0,31.2,0.2,960.0
13706,50.7,13.68,0.0,101.4
13707,136.15,-88.67,0.6,816.9000000000001
13708,39.96,14.39,0.0,79.92
13709,128.43,-20.55,0.5,256.86
13710,97.2,20.4,0.0,194.4
13711,274.62,109.8,0.0,549.24
13712,141.63,36.81,0.0,141.63
13713,88.68,25.68,0.0,177.36
13714,188.76,69.84,0.0,755.04
13715,167.86,53.62,0.0,1175.02
13716,249.73,51.28,0.27,1748.11
13717,84.16,3.7,0.1,252.48
13718,50.87,13.52,0.1,152.60999999999999
13719,67.98,-78.18,0.6,67.98
13720,105.12,28.38,0.0,210.24
13721,120.82,-38.3,0.4,483.28
13722,67.9,25.8,0.0,339.5
13723,47.88,-84.6,0.7,95.76
13724,108.76,7.24,0.4,652.5600000000001
13725,143.13,57.24,0.0,143.13
13726,98.64,9.84,0.0,197.28
13727,74.7,33.6,0.0,149.4
13728,45.36,21.77,0.0,317.52
13729,124.29,42.24,0.0,124.29
13730,9.33,0.82,0.2,9.33
13731,7999.98,-3839.99,0.5,31999.92
13732,991.76,-347.12,0.4,2975.2799999999997
13733,149.13,47.7,0.0,447.39
13734,69.3,3.42,0.4,138.6
13735,25.34,8.87,0.2,152.04
13736,90.94,16.12,0.1,181.88
13737,88.65,0.0,0.0,265.95000000000005
13738,60.6,27.84,0.0,121.2
13739,133.5,55.95,0.0,667.5
13740,138.96,36.09,0.0,416.88
13741,251.91,47.86,0.0,2267.19
13742,71.22,14.94,0.0,71.22
13743,100.99,-11.81,0.4,807.92
13744,164.6,21.36,0.0,329.2
13745,62.64,0.6,0.0,375.84000000000003
13746,38.31,4.2,0.0,38.31
13747,455.49,86.49,0.0,1366.47
13748,148.8,46.08,0.0,297.6
13749,99.72,39.84,0.0,299.15999999999997
13750,121.2,27.84,0.0,727.2
13751,47.21,15.34,0.2,330.47
13752,340.38,54.42,0.0,680.76
13753,44.46,14.67,0.0,88.92
13754,131.57,-55.99,0.6,526.28
13755,90.93,14.13,0.17,363.72
13756,89.16,32.94,0.0,178.32
13757,83.79,-11.49,0.27,167.58
13758,113.82,56.88,0.0,341.46
13759,261.78,28.77,0.0,261.78
13760,102.84,9.24,0.0,205.68
13761,142.02,2.79,0.0,426.06000000000006
13762,144.42,18.75,0.0,144.42
13763,47.52,11.4,0.0,142.56
13764,61.56,22.74,0.0,184.68
13765,99.53,13.25,0.4,199.06
13766,39.98,9.2,0.0,79.96
13767,103.9,-145.46,0.6,207.8
13768,133.2,23.97,0.0,133.2
13769,95.28,24.72,0.0,381.12
13770,13.4,6.43,0.0,13.4
13771,29.34,10.86,0.0,88.02
13772,135.45,67.65,0.0,677.25
13773,64.28,7.88,0.27,321.4
13774,236.97,-102.78,0.4,1184.85
13775,79.74,0.0,0.0,239.21999999999997
13776,125.37,0.0,0.0,376.11
13777,192.56,-154.13,0.5,577.6800000000001
13778,162.54,81.24,0.0,325.08
13779,24.56,11.54,0.0,49.12
13780,462.13,169.33,0.1,1848.52
13781,170.88,1.68,0.0,683.52
13782,106.11,23.22,0.27,318.33
13783,84.98,-124.66,0.7,169.96
13784,100.8,6.0,0.0,403.2
13785,260.88,12.96,0.0,1043.52
13786,45.22,-17.06,0.6,271.32
13787,110.81,8.57,0.1,332.43
13788,11.96,5.86,0.0,23.92
13789,27.36,-4.84,0.2,136.8
13790,148.59,28.23,0.0,148.59
13791,435.17,-59.84,0.2,1740.68
13792,83.4,9.96,0.0,166.8
13793,97.98,-24.5,0.2,195.96
13794,219.67,31.69,0.1,439.34
13795,38.85,0.0,0.0,194.25
13796,84.52,42.24,0.0,169.04
13797,196.97,9.85,0.4,393.94
13798,229.45,-22.97,0.1,458.9
13799,122.12,-24.47,0.5,854.84
13800,322.13,-4.48,0.27,966.39
13801,57.4,-44.03,0.7,57.4
13802,76.9,-7.7,0.1,153.8
13803,135.63,40.68,0.0,406.89
13804,106.82,36.02,0.2,213.64
13805,116.71,-40.89,0.4,233.42
13806,100.4,8.0,0.0,502.0
13807,64.26,32.1,0.0,128.52
13808,37.24,10.8,0.0,148.96
13809,49.59,17.28,0.0,148.77
13810,47.95,16.18,0.2,143.85000000000002
13811,118.8,49.8,0.0,475.2
13812,20.07,9.23,0.0,60.21
13813,140.76,-178.36,0.7,563.04
13814,65.7,5.2,0.0,328.5
13815,146.48,17.75,0.1,1025.36
13816,17.96,5.84,0.2,89.80000000000001
13817,10.82,2.57,0.2,32.46
13818,123.07,-4.69,0.2,492.28
13819,35.76,12.12,0.0,71.52
13820,1242.9,262.39,0.1,6214.5
13821,101.7,11.16,0.0,610.2
13822,180.48,61.2,0.0,1443.84
13823,184.66,84.94,0.0,1292.62
13824,41.7,4.98,0.0,41.7
13825,151.98,66.87,0.0,151.98
13826,90.05,-1.13,0.2,90.05
13827,140.74,52.78,0.2,1125.92
13828,95.98,12.0,0.2,191.96
13829,98.88,6.9,0.0,197.76
13830,24.72,5.16,0.0,74.16
13831,122.89,-67.65,0.4,860.23
13832,51.81,18.63,0.0,51.81
13833,53.64,13.41,0.0,53.64
13834,163.32,21.12,0.0,653.28
13835,3.98,1.44,0.2,3.98
13836,145.32,30.48,0.0,290.64
13837,17.86,4.24,0.2,71.44
13838,102.11,-12.31,0.17,102.11
13839,138.36,42.88,0.0,276.72
13840,343.77,120.12,0.0,2406.39
13841,132.15,11.85,0.0,660.75
13842,133.2,23.97,0.0,133.2
13843,172.69,15.25,0.1,690.76
13844,241.92,-56.45,0.4,967.68
13845,77.67,-20.25,0.5,233.01
13846,80.01,3.15,0.0,240.03000000000003
13847,103.14,-98.01,0.6,103.14
13848,130.26,48.18,0.0,390.78
13849,87.42,0.0,0.0,262.26
13850,155.25,24.84,0.0,465.75
13851,60.6,13.92,0.0,181.8
13852,100.08,28.98,0.0,200.16
13853,387.22,38.02,0.002,1548.88
13854,84.8,21.2,0.0,424.0
13855,90.85,9.07,0.2,90.85
13856,159.41,-27.04,0.17,1753.51
13857,137.16,0.0,0.0,137.16
13858,42.12,-11.97,0.47,126.35999999999999
13859,54.34,5.43,0.2,217.36
13860,38.34,16.47,0.0,115.02000000000001
13861,368.55,4.05,0.1,1105.65
13862,180.08,-12.34,0.27,540.24
13863,59.6,4.1,0.0,298.0
13864,151.68,17.04,0.2,910.08
13865,94.28,31.37,0.1,282.84000000000003
13866,22.74,8.87,0.0,68.22
13867,113.76,1.08,0.0,227.52
13868,108.28,-182.54,0.65,216.56
13869,319.77,121.5,0.0,319.77
13870,148.41,34.11,0.0,445.23
13871,286.8,-172.2,0.6,1434.0
13872,76.18,-172.7,0.7,152.36
13873,111.15,48.91,0.0,555.75
13874,68.81,-123.86,0.8,344.05
13875,70.12,21.04,0.0,280.48
13876,47.49,-39.93,0.5,94.98
13877,107.46,18.24,0.0,214.92
13878,113.76,1.08,0.0,227.52
13879,2399.96,839.99,0.2,11999.8
13880,883.84,99.43,0.2,3535.36
13881,108.63,-10.29,0.47,217.26
13882,272.7,46.2,0.0,2727.0
13883,146.76,42.54,0.0,146.76
13884,48.58,-40.1,0.6,48.58
13885,80.1,37.62,0.0,240.29999999999998
13886,120.0,-40.0,0.4,600.0
13887,422.63,0.0,0.3,2958.41
13888,232.62,104.64,0.0,465.24
13889,469.99,136.3,0.0,469.99
13890,118.86,55.86,0.0,832.02
13891,87.42,32.34,0.0,174.84
13892,211.96,42.39,0.0,423.92
13893,97.74,28.32,0.0,195.48
13894,127.95,21.75,0.0,383.85
13895,136.59,-144.85,0.602,546.36
13896,132.05,-55.03,0.4,396.15000000000003
13897,172.8,-28.8,0.4,1555.2
13898,94.05,15.9,0.0,470.25
13899,195.18,19.52,0.2,195.18
13900,177.57,-37.73,0.2,355.14
13901,207.0,25.88,0.2,621.0
13902,78.57,24.3,0.0,707.1299999999999
13903,104.02,14.56,0.0,728.14
13904,82.84,21.52,0.0,165.68
13905,94.9,-33.26,0.6,569.4000000000001
13906,24.64,4.0,0.2,98.56
13907,118.35,36.63,0.0,355.04999999999995
13908,46.96,22.54,0.0,375.68
13909,96.6,11.58,0.0,193.2
13910,68.07,10.2,0.0,68.07
13911,29.55,3.54,0.0,29.55
13912,47.52,9.48,0.0,190.08
13913,157.79,-115.72,0.7,157.79
13914,127.3,28.57,0.2,381.9
13915,180.4,-90.2,0.4,360.8
13916,149.76,52.38,0.0,449.28
13917,90.3,3.6,0.0,270.9
13918,131.2,28.8,0.0,524.8
13919,142.2,2.7,0.0,1279.8
13920,220.54,-485.24,0.7,1323.24
13921,19.44,9.33,0.0,58.32000000000001
13922,103.08,21.6,0.0,206.16
13923,61.38,-37.92,0.4,306.90000000000003
13924,54.18,8.1,0.0,162.54
13925,105.06,36.72,0.0,315.18
13926,58.8,15.84,0.0,235.2
13927,97.8,2.88,0.0,195.6
13928,93.6,14.1,0.27,187.2
13929,192.16,67.26,0.2,960.8
13930,94.08,27.24,0.0,188.16
13931,79.6,-33.26,0.4,716.4
13932,157.32,66.0,0.0,629.28
13933,332.94,53.27,0.0,998.8199999999999
13934,135.09,28.35,0.0,405.27
13935,159.73,63.85,0.1,638.92
13936,103.58,-33.67,0.6,103.58
13937,205.67,-12.1,0.15,411.34
13938,60.92,23.72,0.0,121.84
13939,91.38,14.58,0.0,182.76
13940,65.28,3.9,0.0,65.28
13941,141.66,2.7,0.0,849.96
13942,225.99,-10.11,0.1,1129.95
13943,73.08,-17.16,0.4,438.48
13944,84.5,5.9,0.0,422.5
13945,100.76,-45.4,0.4,906.84
13946,146.69,-22.03,0.4,293.38
13947,103.08,21.6,0.0,206.16
13948,102.78,29.76,0.0,205.56
13949,62.58,14.28,0.0,438.06
13950,174.24,59.22,0.0,174.24
13951,88.1,34.3,0.0,440.5
13952,75.6,4.14,0.27,151.2
13953,485.88,9.72,0.0,2915.2799999999997
13954,155.7,34.2,0.0,467.09999999999997
13955,39.0,17.55,0.0,117.0
13956,67.18,-16.79,0.6,67.18
13957,111.84,4.44,0.0,447.36
13958,166.1,54.8,0.0,830.5
13959,151.56,39.33,0.0,454.68
13960,20.52,5.28,0.0,41.04
13961,183.92,51.48,0.0,367.84
13962,168.3,58.89,0.0,168.3
13963,61.2,18.96,0.0,61.2
13964,187.99,-17.69,0.15,375.98
13965,104.2,-125.06,0.6,104.2
13966,11.68,5.49,0.0,23.36
13967,46.2,-24.64,0.4,323.40000000000003
13968,48.8,1.7,0.17,244.0
13969,113.28,29.43,0.0,113.28
13970,39.99,11.6,0.0,39.99
13971,134.95,20.29,0.27,404.84999999999997
13972,47.0,-14.2,0.27,94.0
13973,41.58,9.66,0.1,166.32
13974,136.2,21.72,0.0,544.8
13975,57.6,8.64,0.0,115.2
13976,13.9,4.52,0.2,27.8
13977,254.68,-30.8,0.17,1018.72
13978,107.4,8.58,0.0,214.8
13979,109.8,43.92,0.0,219.6
13980,683.25,61.35,0.0,3416.25
13981,88.2,7.92,0.0,88.2
13982,143.13,57.24,0.0,143.13
13983,141.51,-4.74,0.1,424.53
13984,184.95,-92.52,0.5,554.8499999999999
13985,95.16,9.48,0.0,380.64
13986,84.96,38.16,0.0,254.88
13987,99.0,13.86,0.0,198.0
13988,169.65,39.0,0.0,848.25
13989,68.56,-37.74,0.6,342.8
13990,44.69,5.03,0.2,312.83
13991,40.41,18.59,0.0,363.68999999999994
13992,70.2,21.69,0.0,210.60000000000002
13993,129.52,11.44,0.1,388.56000000000006
13994,91.71,10.98,0.0,91.71
13995,444.88,4.4,0.0,1779.52
13996,119.47,-35.85,0.4,238.94
13997,87.3,-36.4,0.4,436.5
13998,511.26,-178.98,0.6,2045.04
13999,101.52,1.0,0.0,203.04
14000,57.2,-26.33,0.5,171.60000000000002
14001,127.71,59.94,0.0,383.13
14002,197.28,88.68,0.0,1183.68
14003,93.42,14.94,0.0,186.84
14004,33.82,9.13,0.0,67.64
14005,133.7,-80.22,0.6,534.8
14006,66.77,10.01,0.4,66.77
14007,82.56,1.02,0.2,165.12
14008,23.34,7.2,0.0,46.68
14009,146.74,-102.74,0.6,146.74
14010,74.52,10.35,0.0,223.56
14011,9.33,0.82,0.2,9.33
14012,82.35,23.04,0.0,247.04999999999998
14013,57.0,5.7,0.0,114.0
14014,81.66,3.24,0.0,163.32
14015,39.56,-7.16,0.5,118.68
14016,127.47,1.26,0.0,127.47
14017,52.74,21.6,0.0,105.48
14018,97.32,45.72,0.0,194.64
14019,1649.95,659.98,0.0,8249.75
14020,96.66,3.78,0.0,289.98
14021,70.47,3.51,0.0,70.47
14022,5.34,1.87,0.2,5.34
14023,87.6,30.6,0.0,438.0
14024,38.16,17.91,0.0,38.16
14025,46.49,-54.31,0.7,278.94
14026,356.16,163.8,0.0,2493.1200000000003
14027,130.5,33.9,0.0,652.5
14028,146.94,36.72,0.0,146.94
14029,84.67,-1.46,0.4,254.01
14030,387.0,61.92,0.0,1161.0
14031,170.19,64.65,0.0,170.19
14032,203.16,26.4,0.0,812.64
14033,143.05,52.42,0.1,429.15000000000003
14034,44.55,-5.4,0.5,133.64999999999998
14035,336.24,100.86,0.0,1008.72
14036,172.21,9.55,0.1,172.21
14037,121.6,39.52,0.2,608.0
14038,17.14,6.17,0.0,34.28
14039,146.45,45.56,0.1,439.34999999999997
14040,69.34,-57.71,0.47,485.38
14041,10.9,3.6,0.0,54.5
14042,7.88,1.77,0.2,7.88
14043,27.97,6.99,0.2,55.94
14044,461.3,124.46,0.0,3229.1
14045,54.46,1.78,0.4,108.92
14046,76.45,-87.95,0.6,76.45
14047,74.49,-17.91,0.5,148.98
14048,157.59,18.9,0.0,472.77
14049,191.84,-145.85,0.5,575.52
14050,27.06,6.48,0.0,54.12
14051,69.8,-41.92,0.4,209.39999999999998
14052,320.61,26.4,0.15,961.83
14053,29.4,5.88,0.0,58.8
14054,49.44,-5.04,0.5,395.52
14055,61.92,17.28,0.0,247.68
14056,166.8,19.92,0.0,667.2
14057,13.63,3.58,0.2,54.52
14058,88.83,36.36,0.0,266.49
14059,57.36,6.84,0.0,114.72
14060,40.12,16.9,0.1,80.24
14061,274.06,102.77,0.2,1918.42
14062,65.28,-17.42,0.4,326.4
14063,49.97,2.45,0.2,449.73
14064,83.88,3.33,0.0,251.64
14065,143.04,48.48,0.0,1144.32
14066,74.55,12.66,0.0,74.55
14067,95.49,39.15,0.0,286.46999999999997
14068,381.36,106.78,0.0,2669.52
14069,46.26,12.49,0.0,138.78
14070,44.78,-20.26,0.4,268.68
14071,148.1,-46.96,0.4,444.29999999999995
14072,46.98,19.26,0.0,281.88
14073,120.89,-16.63,0.2,362.67
14074,21.72,2.82,0.0,43.44
14075,132.05,-5.05,0.47,660.25
14076,14.7,4.12,0.0,102.89999999999999
14077,1025.88,235.95,0.0,6155.280000000001
14078,102.9,20.58,0.0,720.3000000000001
14079,30.4,0.56,0.0,121.6
14080,82.22,18.08,0.0,82.22
14081,49.3,-10.7,0.4,98.6
14082,79.92,32.76,0.0,479.52
14083,125.34,60.15,0.0,125.34
14084,191.86,74.58,0.002,383.72
14085,67.58,-60.88,0.6,202.74
14086,130.56,62.64,0.0,522.24
14087,135.7,31.2,0.0,678.5
14088,57.89,11.84,0.17,289.45
14089,118.75,-2.66,0.1,356.25
14090,53.57,0.59,0.1,107.14
14091,20.16,9.24,0.0,40.32
14092,80.62,29.5,0.1,161.24
14093,171.15,34.17,0.1,513.45
14094,144.15,43.44,0.27,432.45000000000005
14095,161.1,66.0,0.0,483.29999999999995
14096,144.27,12.96,0.0,432.81000000000006
14097,66.24,3.96,0.0,264.96
14098,77.4,33.21,0.0,232.20000000000002
14099,67.86,7.44,0.0,135.72
14100,102.55,-1.31,0.1,615.3
14101,48.9,8.56,0.2,195.6
14102,44.75,-0.57,0.2,44.75
14103,146.79,73.35,0.0,440.37
14104,87.98,7.3,0.4,175.96
14105,138.43,-51.97,0.6,553.72
14106,75.96,9.0,0.0,303.84
14107,96.0,31.68,0.0,192.0
14108,136.34,47.69,0.2,136.34
14109,104.9,25.18,0.0,524.5
14110,44.91,-35.93,0.7,269.46
14111,26.88,13.44,0.0,80.64
14112,56.11,5.57,0.2,392.77
14113,137.84,67.52,0.0,551.36
14114,78.66,33.0,0.0,157.32
14115,168.63,31.92,0.0,1180.4099999999999
14116,91.69,11.05,0.1,550.14
14117,86.96,19.12,0.0,347.84
14118,152.4,13.65,0.0,762.0
14119,58.44,7.56,0.0,116.88
14120,314.35,-15.72,0.2,943.0500000000001
14121,96.96,12.6,0.0,193.92
14122,51.96,12.99,0.0,103.92
14123,50.46,0.99,0.0,50.46
14124,72.24,26.6,0.0,505.67999999999995
14125,123.6,40.68,0.0,494.4
14126,174.96,50.58,0.0,1049.76
14127,119.55,26.25,0.0,597.75
14128,12.96,6.22,0.0,25.92
14129,91.42,15.98,0.2,182.84
14130,79.44,12.84,0.2,397.2
14131,135.58,-23.14,0.402,271.16
14132,98.76,-44.48,0.4,197.52
14133,109.38,42.6,0.0,328.14
14134,40.92,3.07,0.2,204.60000000000002
14135,78.85,-11.6,0.32,157.7
14136,136.57,22.63,0.1,819.42
14137,61.92,-29.94,0.4,123.84
14138,1432.0,125.3,0.2,7160.0
14139,523.92,-26.2,0.2,2619.6
14140,76.85,-27.27,0.402,76.85
14141,107.82,24.78,0.0,215.64
14142,285.58,-57.12,0.4,1142.32
14143,117.29,7.49,0.1,1407.48
14144,97.56,48.78,0.0,195.12
14145,121.5,59.52,0.0,243.0
14146,330.59,-115.71,0.4,330.59
14147,81.42,38.25,0.0,81.42
14148,162.84,63.48,0.0,651.36
14149,88.68,32.76,0.0,266.04
14150,47.39,-2.12,0.1,142.17000000000002
14151,37.92,2.22,0.0,75.84
14152,128.88,-61.32,0.6,515.52
14153,91.48,19.24,0.1,640.36
14154,146.79,-0.09,0.5,880.74
14155,129.28,6.97,0.1,1163.52
14156,123.06,-29.58,0.5,246.12
14157,97.86,43.02,0.0,195.72
14158,56.58,24.87,0.0,56.58
14159,53.21,-2.71,0.4,159.63
14160,43.16,-5.8,0.4,129.48
14161,72.14,3.98,0.1,144.28
14162,126.24,41.64,0.0,757.4399999999999
14163,198.45,89.28,0.0,198.45
14164,248.82,89.55,0.0,248.82
14165,53.42,4.67,0.2,160.26
14166,53.62,16.63,0.1,160.85999999999999
14167,50.52,21.72,0.0,151.56
14168,85.32,34.98,0.0,255.95999999999998
14169,56.97,4.5,0.0,170.91
14170,58.32,25.65,0.0,58.32
14171,32.51,-21.13,0.4,65.02
14172,105.6,52.8,0.0,422.4
14173,63.48,30.44,0.0,126.96
14174,2.41,-2.01,0.7,2.41
14175,48.06,16.32,0.0,144.18
14176,171.84,65.28,0.0,343.68
14177,47.4,0.9,0.0,142.2
14178,66.36,11.88,0.0,398.15999999999997
14179,127.17,32.49,0.1,763.02
14180,149.22,35.73,0.0,447.65999999999997
14181,101.41,20.23,0.1,202.82
14182,272.5,106.2,0.0,1362.5
14183,124.5,37.3,0.0,622.5
14184,102.32,37.84,0.0,409.28
14185,49.84,-103.16,0.7,299.04
14186,116.64,17.46,0.0,233.28
14187,1690.04,422.51,0.0,6760.16
14188,100.86,-60.58,0.6,806.88
14189,146.36,-201.28,0.6,146.36
14190,122.43,14.49,0.0,857.01
14191,125.06,34.7,0.1,375.18
14192,49.32,5.4,0.0,49.32
14193,544.38,157.87,0.0,1633.1399999999999
14194,69.84,22.32,0.0,139.68
14195,54.12,15.12,0.0,108.24
14196,53.91,12.39,0.0,53.91
14197,146.82,42.57,0.0,146.82
14198,105.72,29.52,0.0,422.88
14199,57.96,0.48,0.0,231.84
14200,79.99,5.74,0.45,239.96999999999997
14201,165.9,76.2,0.0,1659.0
14202,30.53,-8.23,0.4,183.18
14203,205.92,51.36,0.0,1647.36
14204,177.48,19.97,0.2,532.4399999999999
14205,124.09,-11.06,0.1,124.09
14206,40.68,12.96,0.0,162.72
14207,34.38,8.91,0.0,103.14000000000001
14208,101.98,-150.44,0.6,203.96
14209,113.64,17.04,0.0,227.28
14210,267.3,11.88,0.1,1603.8000000000002
14211,125.1,4.95,0.0,375.29999999999995
14212,61.06,28.09,0.0,122.12
14213,129.12,48.42,0.2,645.6
14214,189.6,22.68,0.0,758.4
14215,137.34,0.0,0.0,137.34
14216,175.37,75.19,0.002,175.37
14217,83.52,2.72,0.4,668.16
14218,155.52,5.12,0.4,1244.16
14219,33.57,-53.71,0.8,268.56
14220,39.33,8.07,0.27,78.66
14221,78.82,-98.54,0.6,315.28
14222,51.62,14.9,0.1,103.24
14223,51.54,10.8,0.0,51.54
14224,189.96,15.12,0.0,759.84
14225,3.96,0.08,0.0,7.92
14226,60.6,8.4,0.0,242.4
14227,18.16,1.82,0.2,36.32
14228,196.98,39.39,0.0,196.98
14229,51.95,-13.03,0.4,155.85000000000002
14230,252.41,34.89,0.002,504.82
14231,78.05,-137.95,0.7,624.4
14232,4899.93,2302.97,0.0,34299.51
14233,657.93,-93.99,0.3,3289.6499999999996
14234,266.04,21.24,0.0,1064.16
14235,271.44,122.15,0.0,814.3199999999999
14236,631.96,303.34,0.0,2527.84
14237,309.58,-56.76,0.4,1238.32
14238,27.0,3.78,0.0,81.0
14239,956.66,-225.1,0.32,6696.62
14240,51.48,14.4,0.0,205.92
14241,154.89,26.28,0.0,464.66999999999996
14242,110.78,-110.8,0.6,221.56
14243,80.95,-4.05,0.4,161.9
14244,113.6,44.3,0.0,908.8
14245,325.08,64.8,0.0,2925.72
14246,279.9,137.15,0.0,1399.5
14247,253.92,5.04,0.0,507.84
14248,132.84,29.22,0.0,398.52
14249,57.6,0.96,0.4,230.4
14250,114.66,46.98,0.0,229.32
14251,169.74,32.25,0.0,169.74
14252,114.75,10.26,0.0,344.25
14253,150.72,10.32,0.0,1808.6399999999999
14254,130.62,37.86,0.0,261.24
14255,52.44,3.6,0.0,209.76
14256,12.35,5.43,0.0,12.35
14257,38.11,-45.77,0.6,152.44
14258,144.1,-90.08,0.6,288.2
14259,203.52,18.24,0.0,1628.16
14260,29.85,6.84,0.0,29.85
14261,44.93,12.98,0.1,44.93
14262,119.07,-99.27,0.7,238.14
14263,4164.05,83.28,0.0,20820.25
14264,1322.35,-99.18,0.2,3967.0499999999997
14265,271.98,88.39,0.2,543.96
14266,218.64,10.92,0.0,874.56
14267,159.2,23.84,0.0,1273.6
14268,103.77,14.52,0.0,103.77
14269,212.94,-42.7,0.4,1490.58
14270,84.1,21.0,0.0,420.5
14271,129.84,40.38,0.1,389.52
14272,151.88,-3.08,0.5,759.4
14273,687.4,48.12,0.0,3437.0
14274,173.37,81.48,0.0,173.37
14275,65.13,2.58,0.0,65.13
14276,219.18,19.18,0.2,438.36
14277,159.8,70.31,0.0,639.2
14278,97.02,31.02,0.0,194.04
14279,69.84,27.9,0.0,139.68
14280,124.5,-146.31,0.6,124.5
14281,57.96,-37.68,0.4,173.88
14282,76.74,1.5,0.0,153.48
14283,176.88,74.28,0.0,353.76
14284,74.45,20.1,0.0,372.25
14285,218.59,-313.49,0.7,1311.54
14286,53.7,4.29,0.0,53.7
14287,67.92,7.44,0.0,203.76
14288,136.2,23.04,0.0,544.8
14289,7.97,2.89,0.2,15.94
14290,131.76,0.0,0.0,395.28
14291,61.8,6.15,0.0,309.0
14292,311.4,68.4,0.0,1868.3999999999999
14293,269.24,65.78,0.1,538.48
14294,90.24,44.16,0.0,360.96
14295,120.37,36.04,0.1,361.11
14296,72.77,-26.24,0.5,218.31
14297,74.88,-25.47,0.5,224.64
14298,98.04,39.12,0.0,392.16
14299,28.26,-48.06,0.7,113.04
14300,43.3,4.33,0.2,86.6
14301,98.46,39.36,0.0,196.92
14302,109.1,-102.59,0.5,763.6999999999999
14303,97.24,17.48,0.0,194.48
14304,96.66,3.78,0.0,289.98
14305,135.72,14.88,0.0,542.88
14306,54.0,4.86,0.0,108.0
14307,363.06,-314.94,0.7,3630.6
14308,71.17,11.77,0.1,284.68
14309,64.96,31.12,0.0,259.84
14310,102.9,13.7,0.4,514.5
14311,125.25,7.5,0.0,626.25
14312,71.52,23.52,0.0,572.16
14313,136.24,-6.14,0.1,817.44
14314,85.32,40.08,0.0,85.32
14315,62.4,8.1,0.0,124.8
14316,48.96,22.02,0.0,48.96
14317,84.84,12.72,0.0,169.68
14318,110.23,-129.53,0.6,220.46
14319,175.56,-27.69,0.3,877.8
14320,139.13,-89.15,0.5,973.91
14321,52.2,-14.64,0.5,208.8
14322,110.28,20.94,0.0,220.56
14323,166.13,36.77,0.1,1162.9099999999999
14324,5.94,1.6,0.0,17.82
14325,142.15,-95.99,0.6,284.3
14326,101.46,32.46,0.0,202.92
14327,108.22,-45.14,0.4,432.88
14328,113.04,23.64,0.0,452.16
14329,115.07,-39.2,0.5,345.21
14330,48.87,14.16,0.0,48.87
14331,43.83,-32.49,0.5,131.49
14332,94.65,42.45,0.0,473.25
14333,62.16,24.84,0.0,62.16
14334,52.78,-15.02,0.4,211.12
14335,101.4,45.6,0.0,405.6
14336,7.4,3.03,0.0,14.8
14337,185.86,-106.94,0.6,743.44
14338,51.7,13.9,0.0,258.5
14339,59.04,9.9,0.0,354.24
14340,127.71,-86.94,0.5,1149.3899999999999
14341,249.9,72.45,0.0,1249.5
14342,79.53,-95.46,0.7,79.53
14343,113.3,-34.02,0.4,226.6
14344,88.13,22.49,0.1,176.26
14345,95.22,37.98,0.0,571.3199999999999
14346,101.76,46.8,0.0,203.52
14347,117.18,15.12,0.0,820.26
14348,147.49,-31.97,0.4,294.98
14349,98.92,-54.08,0.45,494.6
14350,126.4,36.64,0.0,505.6
14351,111.06,24.42,0.0,333.18
14352,213.53,-315.01,0.6,427.06
14353,126.45,6.3,0.0,632.25
14354,184.8,73.8,0.0,924.0
14355,52.86,4.74,0.0,105.72
14356,58.2,4.56,0.0,232.8
14357,561.0,44.8,0.0,2805.0
14358,112.82,-50.86,0.4,676.92
14359,73.95,7.38,0.0,73.95
14360,49.08,21.54,0.0,98.16
14361,86.4,12.0,0.0,691.2
14362,123.48,41.86,0.0,864.36
14363,151.24,5.02,0.4,453.72
14364,54.72,6.0,0.0,218.88
14365,108.92,27.2,0.0,217.84
14366,494.64,197.82,0.0,1483.92
14367,107.76,49.56,0.0,431.04
14368,32.4,11.97,0.0,97.19999999999999
14369,273.48,27.3,0.0,546.96
14370,105.72,2.04,0.0,422.88
14371,11.81,4.28,0.2,23.62
14372,90.59,-23.02,0.37,90.59
14373,81.45,21.9,0.0,407.25
14374,79.74,39.78,0.0,478.43999999999994
14375,146.1,18.9,0.0,730.5
14376,134.62,-0.02,0.1,134.62
14377,51.16,18.92,0.0,102.32
14378,69.3,33.9,0.0,207.89999999999998
14379,103.5,-27.6,0.4,517.5
14380,59.94,28.17,0.0,179.82
14381,104.58,-172.56,0.8,941.22
14382,40.01,-22.67,0.4,80.02
14383,80.74,-11.12,0.2,242.21999999999997
14384,133.12,50.56,0.0,532.48
14385,80.58,6.68,0.4,402.9
14386,97.52,0.96,0.0,97.52
14387,106.16,29.68,0.0,424.64
14388,81.38,-50.51,0.5,569.66
14389,100.74,31.2,0.0,201.48
14390,147.78,-73.92,0.4,1477.8
14391,60.3,1.8,0.0,603.0
14392,91.1,-136.66,0.7,182.2
14393,68.8,-41.3,0.4,137.6
14394,84.26,-75.9,0.6,337.04
14395,54.66,3.78,0.0,163.98
14396,174.12,76.56,0.0,1044.72
14397,101.61,6.75,0.4,101.61
14398,37.2,-7.02,0.2,111.60000000000001
14399,154.7,0.0,0.0,773.5
14400,117.6,57.6,0.0,470.4
14401,1099.5,362.84,0.0,10995.0
14402,115.56,12.6,0.0,462.24
14403,73.2,25.6,0.0,146.4
14404,135.28,64.88,0.0,541.12
14405,728.95,-157.94,0.4,6560.55
14406,225.84,56.4,0.0,903.36
14407,88.35,2.55,0.0,441.75
14408,65.16,7.16,0.0,130.32
14409,35.44,16.66,0.0,35.44
14410,70.7,21.14,0.0,494.90000000000003
14411,115.44,-106.26,0.5,230.88
14412,197.7,98.7,0.0,1977.0
14413,47.82,10.5,0.0,95.64
14414,76.94,-1.54,0.47,230.82
14415,262.94,-66.65,0.25,525.88
14416,151.2,75.6,0.0,907.1999999999999
14417,109.67,-30.74,0.5,329.01
14418,2152.78,726.56,0.2,6458.34
14419,86.96,22.6,0.0,173.92
14420,169.92,15.24,0.0,509.76
14421,252.3,10.08,0.0,756.9000000000001
14422,283.2,2.82,0.0,849.5999999999999
14423,61.84,8.0,0.0,123.68
14424,96.6,11.58,0.0,193.2
14425,49.08,-5.37,0.17,147.24
14426,47.04,18.33,0.0,47.04
14427,127.58,-23.5,0.4,510.32
14428,263.66,17.51,0.1,1318.3000000000002
14429,91.15,-145.85,0.7,364.6
14430,48.84,0.0,0.0,195.36
14431,136.15,23.74,0.2,408.45000000000005
14432,25.92,9.07,0.2,129.60000000000002
14433,166.92,80.1,0.0,333.84
14434,48.2,19.28,0.15,96.4
14435,62.57,-36.43,0.45,125.14
14436,143.36,8.96,0.2,143.36
14437,90.24,-10.56,0.4,451.2
14438,54.18,27.06,0.0,108.36
14439,80.68,3.88,0.17,161.36
14440,44.6,-86.26,0.7,44.6
14441,121.89,48.39,0.17,609.45
14442,93.69,38.34,0.0,281.07
14443,64.2,6.36,0.0,256.8
14444,163.88,40.97,0.0,327.76
14445,86.54,-3.92,0.1,432.70000000000005
14446,49.5,13.37,0.0,247.5
14447,90.61,-193.43,0.7,543.66
14448,75.0,-1.86,0.17,225.0
14449,58.72,-19.58,0.4,176.16
14450,65.16,11.7,0.0,390.96
14451,54.82,17.82,0.2,164.46
14452,123.72,39.54,0.0,247.44
14453,53.72,13.97,0.0,214.88
14454,137.22,64.44,0.0,411.65999999999997
14455,114.78,5.7,0.0,229.56
14456,73.08,0.7,0.0,511.56
14457,57.28,-2.88,0.2,114.56
14458,3.86,1.4,0.2,3.86
14459,631.18,-462.86,0.7,2524.72
14460,100.26,21.0,0.0,200.52
14461,238.0,38.08,0.0,476.0
14462,376.51,-43.03,0.3,1129.53
14463,59.7,25.05,0.0,298.5
14464,279.86,134.33,0.0,3918.04
14465,318.08,34.99,0.0,1272.32
14466,90.57,11.77,0.0,271.71
14467,111.67,6.98,0.2,1005.03
14468,108.48,21.66,0.0,325.44
14469,43.16,-72.04,0.7,172.64
14470,44.1,11.88,0.0,132.3
14471,204.9,85.8,0.0,2049.0
14472,116.04,27.84,0.0,232.08
14473,120.84,19.32,0.0,483.36
14474,81.03,17.82,0.0,81.03
14475,64.56,27.93,0.1,193.68
14476,137.09,-34.27,0.2,1096.72
14477,141.68,44.96,0.15,283.36
14478,125.19,29.97,0.0,375.57
14479,171.91,-12.53,0.17,687.64
14480,155.12,-3.01,0.45,1085.8400000000001
14481,42.09,-26.13,0.5,84.18
14482,178.24,64.16,0.0,356.48
14483,74.4,11.16,0.0,223.20000000000002
14484,48.36,1.05,0.1,48.36
14485,119.46,15.51,0.0,1314.06
14486,156.51,52.82,0.2,626.04
14487,80.83,12.11,0.4,323.32
14488,175.68,68.4,0.0,1054.08
14489,75.8,11.36,0.0,151.6
14490,48.96,-16.68,0.5,97.92
14491,50.94,1.98,0.0,101.88
14492,186.36,27.84,0.0,745.44
14493,81.42,40.68,0.0,162.84
14494,92.42,7.91,0.3,277.26
14495,98.22,34.32,0.0,196.44
14496,51.78,19.14,0.0,51.78
14497,84.56,40.46,0.0,591.9200000000001
14498,199.39,-37.49,0.2,1196.34
14499,5.08,1.65,0.2,5.08
14500,101.1,35.34,0.0,202.2
14501,195.44,-195.46,0.7,195.44
14502,2399.96,569.99,0.2,11999.8
14503,105.44,32.64,0.0,421.76
14504,90.3,29.76,0.0,180.6
14505,1793.98,843.17,0.0,3587.96
14506,77.91,5.25,0.0,545.37
14507,55.78,-26.51,0.6,55.78
14508,75.36,30.12,0.0,150.72
14509,59.4,-44.58,0.6,178.2
14510,251.52,81.74,0.2,1509.1200000000001
14511,121.05,50.82,0.0,121.05
14512,150.8,-143.29,0.6,150.8
14513,121.32,7.26,0.0,121.32
14514,83.79,34.29,0.0,251.37
14515,96.66,3.84,0.0,193.32
14516,351.22,4.39,0.2,1053.66
14517,80.01,34.38,0.0,240.03000000000003
14518,158.58,64.98,0.0,951.48
14519,158.58,22.2,0.0,475.74
14520,103.35,14.16,0.27,310.04999999999995
14521,479.99,56.0,0.4,959.98
14522,151.52,47.32,0.2,757.6
14523,130.62,10.44,0.0,130.62
14524,43.92,19.32,0.0,175.68
14525,219.6,-140.64,0.5,1756.8
14526,50.25,12.54,0.0,50.25
14527,229.12,-11.52,0.2,1832.96
14528,225.24,58.56,0.0,675.72
14529,134.22,32.79,0.1,402.65999999999997
14530,83.44,-17.18,0.27,500.64
14531,77.52,-29.76,0.4,310.08
14532,90.45,28.8,0.0,452.25
14533,126.09,21.42,0.0,126.09
14534,74.07,5.85,0.0,222.20999999999998
14535,132.9,3.9,0.0,1329.0
14536,141.03,26.73,0.0,423.09000000000003
14537,101.04,29.28,0.0,202.08
14538,110.04,8.79,0.0,110.04
14539,254.94,2.52,0.0,509.88
14540,110.04,8.79,0.0,110.04
14541,183.06,30.78,0.17,732.24
14542,61.18,7.28,0.0,428.26
14543,795.21,245.41,0.002,3976.05
14544,146.88,52.83,0.0,440.64
14545,207.36,31.08,0.0,829.44
14546,56.41,-35.75,0.4,169.23
14547,696.42,160.18,0.0,1392.84
14548,123.94,-84.26,0.47,619.7
14549,79.2,11.04,0.0,316.8
14550,112.92,28.2,0.0,225.84
14551,137.34,0.0,0.0,137.34
14552,291.1,75.69,0.0,1455.5
14553,491.55,240.86,0.0,2457.75
14554,117.66,12.9,0.0,352.98
14555,93.94,8.44,0.0,93.94
14556,1245.6,62.28,0.0,3736.7999999999997
14557,336.36,30.24,0.0,672.72
14558,53.55,6.3,0.0,267.75
14559,67.35,4.65,0.0,336.75
14560,99.3,16.74,0.17,397.2
14561,54.82,17.82,0.2,164.46
14562,82.86,-7.41,0.1,248.57999999999998
14563,177.3,40.05,0.25,886.5
14564,100.92,-95.88,0.6,201.84
14565,102.54,35.88,0.0,205.08
14566,90.96,2.7,0.0,181.92
14567,70.31,-14.11,0.3,140.62
14568,225.58,22.56,0.2,676.74
14569,65.12,15.8,0.1,260.48
14570,89.58,30.42,0.0,179.16
14571,64.68,8.09,0.2,452.76000000000005
14572,196.83,6.39,0.1,1180.98
14573,9.86,3.45,0.2,39.44
14574,87.75,6.27,0.17,351.0
14575,155.52,23.31,0.0,466.56000000000006
14576,95.04,30.36,0.0,380.16
14577,97.74,10.74,0.0,293.21999999999997
14578,73.54,-9.2,0.2,220.62
14579,54.66,7.08,0.0,109.32
14580,285.12,-532.32,0.7,1140.48
14581,109.95,12.09,0.0,109.95
14582,143.13,57.24,0.0,143.13
14583,79.36,-21.83,0.6,79.36
14584,33.57,11.75,0.2,67.14
14585,30.74,-47.17,0.7,30.74
14586,97.02,35.88,0.0,291.06
14587,59.82,12.54,0.0,119.64
14588,371.2,41.76,0.2,1856.0
14589,180.96,13.57,0.2,904.8000000000001
14590,70.43,-271.24,0.8,493.01000000000005
14591,176.4,84.63,0.0,1234.8
14592,51.97,-10.39,0.2,103.94
14593,178.38,-53.52,0.4,535.14
14594,135.2,44.6,0.0,676.0
14595,94.02,1.86,0.0,282.06
14596,82.6,33.0,0.0,413.0
14597,78.25,-3.53,0.1,156.5
14598,118.19,-0.07,0.27,354.57
14599,123.36,36.96,0.0,246.72
14600,229.56,15.96,0.0,918.24
14601,3.41,0.89,0.2,3.41
14602,234.92,28.16,0.0,469.84
14603,4.34,-3.04,0.7,13.02
14604,156.74,-214.3,0.7,1253.92
14605,3266.38,1061.57,0.2,9799.14
14606,247.1,-58.69,0.2,1482.6
14607,116.88,38.52,0.0,467.52
14608,166.48,-116.62,0.6,832.4
14609,145.8,72.84,0.0,874.8000000000001
14610,80.01,19.11,0.0,560.07
14611,177.84,81.6,0.0,1422.72
14612,127.47,1.26,0.0,127.47
14613,144.75,20.25,0.0,723.75
14614,111.79,43.6,0.0,782.5300000000001
14615,178.2,21.33,0.0,1603.8
14616,32.19,12.21,0.0,32.19
14617,174.42,-19.38,0.1,697.68
14618,64.44,-133.2,0.7,257.76
14619,96.78,30.96,0.0,290.34000000000003
14620,583.87,-14.63,0.2,1751.6100000000001
14621,85.54,-47.1,0.4,342.16
14622,135.98,34.0,0.0,271.96
14623,6.93,-11.08,0.8,6.93
14624,20.54,6.42,0.2,123.24
14625,94.4,38.7,0.0,472.0
14626,58.96,8.8,0.0,235.84
14627,74.48,35.0,0.0,521.36
14628,109.8,30.72,0.0,439.2
14629,140.1,5.4,0.0,1401.0
14630,125.22,40.02,0.0,375.65999999999997
14631,173.25,0.0,0.0,866.25
14632,60.0,-37.2,0.5,240.0
14633,97.63,30.37,0.1,195.26
14634,257.85,56.7,0.0,257.85
14635,147.9,14.76,0.0,295.8
14636,266.69,-30.01,0.2,533.38
14637,4.84,-3.39,0.7,14.52
14638,141.9,4.2,0.0,709.5
14639,17.94,8.79,0.0,53.82000000000001
14640,8.94,4.11,0.0,26.82
14641,75.49,9.16,0.1,226.46999999999997
14642,132.87,58.95,0.1,930.09
14643,98.46,39.36,0.0,196.92
14644,154.78,31.66,0.17,464.34000000000003
14645,931.18,314.27,0.2,2793.54
14646,160.54,-1.73,0.07,160.54
14647,362.35,27.18,0.2,1087.0500000000002
14648,287.52,129.38,0.0,2300.16
14649,944.2,217.1,0.0,4721.0
14650,161.4,35.5,0.0,807.0
14651,100.2,6.0,0.0,400.8
14652,4.54,1.65,0.2,9.08
14653,63.21,-94.83,0.7,63.21
14654,137.88,66.18,0.0,137.88
14655,48.93,4.38,0.0,48.93
14656,89.55,20.52,0.0,268.65
14657,76.96,9.92,0.0,615.68
14658,118.44,41.4,0.0,473.76
14659,31.74,12.66,0.0,63.48
14660,69.86,-6.79,0.27,349.3
14661,130.24,39.04,0.0,520.96
14662,5.18,1.81,0.2,5.18
14663,81.78,28.62,0.0,81.78
14664,103.56,18.6,0.0,207.12
14665,195.26,-268.54,0.6,1171.56
14666,165.51,59.58,0.0,165.51
14667,107.46,12.84,0.0,214.92
14668,12.83,-8.98,0.7,25.66
14669,111.95,-12.25,0.45,559.75
14670,141.83,-45.53,0.5,709.1500000000001
14671,90.36,27.06,0.0,180.72
14672,66.0,31.6,0.0,330.0
14673,53.22,-2.4,0.1,159.66
14674,136.38,28.62,0.0,136.38
14675,109.85,-54.97,0.6,219.7
14676,333.6,40.02,0.0,667.2
14677,72.22,25.28,0.2,288.88
14678,40.78,0.51,0.2,122.34
14679,146.4,7.2,0.0,732.0
14680,65.92,13.16,0.0,131.84
14681,175.99,-74.21,0.402,527.97
14682,123.24,33.24,0.0,369.71999999999997
14683,116.71,-40.89,0.4,233.42
14684,90.07,11.95,0.1,180.14
14685,332.64,76.41,0.0,2993.7599999999998
14686,84.19,-40.73,0.4,252.57
14687,171.4,-114.26,0.4,514.2
14688,303.86,94.52,0.1,607.72
14689,143.1,5.7,0.0,286.2
14690,96.3,7.56,0.0,577.8
14691,130.56,30.0,0.0,391.68
14692,66.72,-25.6,0.4,266.88
14693,139.8,57.3,0.0,279.6
14694,299.97,131.99,0.0,899.9100000000001
14695,158.94,50.76,0.0,953.64
14696,178.74,14.22,0.0,1072.44
14697,145.35,7.2,0.0,436.04999999999995
14698,74.64,9.68,0.0,298.56
14699,117.15,8.19,0.0,117.15
14700,597.13,49.76,0.4,1791.3899999999999
14701,111.84,16.68,0.0,447.36
14702,116.88,15.12,0.0,467.52
14703,96.18,8.64,0.0,192.36
14704,108.42,43.32,0.0,216.84
14705,170.64,73.32,0.0,511.91999999999996
14706,110.6,51.94,0.0,774.1999999999999
14707,799.96,343.98,0.0,3199.84
14708,209.16,-108.15,0.4,1464.12
14709,251.91,47.86,0.0,2267.19
14710,158.38,-34.31,0.4,633.52
14711,85.91,17.57,0.17,171.82
14712,158.98,-95.42,0.4,317.96
14713,333.23,66.56,0.1,999.69
14714,60.37,-2.03,0.4,181.10999999999999
14715,62.34,4.98,0.0,187.02
14716,64.69,-36.71,0.4,194.07
14717,41.16,10.2,0.0,164.64
14718,101.33,-43.09,0.6,101.33
14719,74.6,4.13,0.1,223.79999999999998
14720,77.4,0.0,0.0,464.40000000000003
14721,168.37,1.81,0.1,673.48
14722,247.59,39.6,0.25,742.77
14723,278.7,83.58,0.0,557.4
14724,251.01,122.94,0.0,753.03
14725,81.45,28.5,0.0,407.25
14726,141.48,9.84,0.0,565.92
14727,1325.76,149.15,0.2,7954.5599999999995
14728,772.68,108.18,0.0,3090.72
14729,119.96,33.59,0.0,479.84
14730,74.66,-6.07,0.5,671.9399999999999
14731,218.38,-10.92,0.2,655.14
14732,182.16,71.04,0.0,182.16
14733,64.8,-6.48,0.4,259.2
14734,80.16,12.0,0.0,160.32
14735,298.12,-4.26,0.3,1788.72
14736,126.72,20.16,0.0,760.3199999999999
14737,234.3,16.38,0.0,468.6
14738,137.25,63.09,0.0,411.75
14739,53.25,20.77,0.0,159.75
14740,65.31,18.93,0.0,65.31
14741,48.86,17.1,0.0,48.86
14742,11.7,3.95,0.2,23.4
14743,104.82,7.32,0.0,209.64
14744,181.44,8.04,0.1,725.76
14745,1048.35,-69.89,0.4,5241.75
14746,587.97,164.63,0.0,1763.91
14747,83.46,32.52,0.0,166.92
14748,591.32,112.35,0.0,2365.28
14749,69.5,6.14,0.1,139.0
14750,167.27,-50.65,0.47,1338.16
14751,171.0,17.1,0.0,1026.0
14752,95.85,22.95,0.0,287.54999999999995
14753,196.88,6.44,0.1,787.52
14754,130.68,60.0,0.0,522.72
14755,96.66,30.87,0.0,289.98
14756,145.15,-87.11,0.4,1016.0500000000001
14757,69.04,4.12,0.0,138.08
14758,79.29,34.83,0.0,237.87
14759,349.32,104.76,0.0,698.64
14760,105.34,-53.66,0.47,526.7
14761,136.64,39.62,0.0,956.4799999999999
14762,128.9,54.41,0.1,128.9
14763,83.86,-26.57,0.4,83.86
14764,163.98,18.0,0.0,983.8799999999999
14765,48.6,20.88,0.0,48.6
14766,95.16,11.4,0.0,380.64
14767,98.52,49.26,0.0,295.56
14768,74.16,4.92,0.4,444.96
14769,130.0,40.3,0.0,650.0
14770,115.92,49.8,0.0,347.76
14771,168.2,6.72,0.0,336.4
14772,51.14,5.66,0.1,102.28
14773,125.82,-115.83,0.5,1132.3799999999999
14774,34.02,14.28,0.0,68.04
14775,147.33,51.48,0.0,441.99
14776,166.92,4.98,0.0,333.84
14777,75.92,2.24,0.0,151.84
14778,60.12,22.24,0.0,541.0799999999999
14779,148.65,29.73,0.0,148.65
14780,167.34,55.2,0.0,334.68
14781,66.9,29.4,0.0,334.5
14782,86.6,-46.26,0.4,606.1999999999999
14783,145.76,3.24,0.1,291.52
14784,129.15,30.96,0.0,387.45000000000005
14785,148.28,23.0,0.1,593.12
14786,173.16,81.36,0.0,692.64
14787,54.6,7.56,0.0,218.4
14788,80.55,-27.45,0.5,241.64999999999998
14789,112.5,11.1,0.4,1125.0
14790,123.92,38.73,0.2,619.6
14791,58.75,-2.63,0.1,117.5
14792,181.95,38.21,0.0,545.8499999999999
14793,130.27,-0.05,0.2,390.81000000000006
14794,115.2,13.8,0.0,576.0
14795,57.1,-123.74,0.7,228.4
14796,241.5,-106.26,0.5,3381.0
14797,118.68,10.68,0.0,474.72
14798,233.04,102.48,0.0,932.16
14799,88.56,14.04,0.0,531.36
14800,48.16,22.15,0.0,337.12
14801,73.26,-51.3,0.5,146.52
14802,92.05,-0.05,0.4,276.15
14803,149.28,7.44,0.0,298.56
14804,124.56,49.76,0.0,498.24
14805,31.75,-25.43,0.7,63.5
14806,210.69,-105.39,0.5,421.38
14807,91.13,-1.15,0.17,364.52
14808,168.3,-50.52,0.5,336.6
14809,99.6,19.2,0.17,199.2
14810,20.77,2.34,0.2,41.54
14811,80.32,6.4,0.0,321.28
14812,181.8,72.72,0.0,1090.8000000000002
14813,63.84,6.36,0.0,255.36
14814,123.87,33.87,0.27,495.48
14815,24.82,1.55,0.2,49.64
14816,110.26,19.9,0.17,220.52
14817,104.33,-4.66,0.1,730.31
14818,3149.93,1480.47,0.0,22049.51
14819,1448.82,209.27,0.1,14488.199999999999
14820,266.22,-168.68,0.4,1331.1000000000001
14821,270.62,2.71,0.0,541.24
14822,114.91,11.47,0.1,919.28
14823,328.59,-147.87,0.4,985.77
14824,98.22,34.32,0.0,196.44
14825,87.96,7.02,0.0,175.92
14826,198.9,55.68,0.0,198.9
14827,72.99,-4.41,0.5,218.96999999999997
14828,60.6,7.2,0.0,242.4
14829,421.48,176.52,0.002,842.96
14830,99.11,-54.55,0.4,297.33
14831,101.76,46.8,0.0,203.52
14832,18.28,6.22,0.0,36.56
14833,758.35,265.42,0.2,4550.1
14834,350.58,98.16,0.0,701.16
14835,824.95,247.49,0.0,4124.75
14836,96.84,29.04,0.0,193.68
14837,382.14,91.68,0.0,764.28
14838,72.0,4.32,0.0,216.0
14839,197.49,17.76,0.0,197.49
14840,78.08,2.92,0.2,156.16
14841,44.94,0.0,0.0,89.88
14842,103.2,18.48,0.0,619.2
14843,243.5,75.4,0.0,1217.5
14844,98.64,9.84,0.0,295.92
14845,112.21,4.93,0.1,448.84
14846,98.39,-11.07,0.2,98.39
14847,100.01,-163.39,0.7,200.02
14848,148.17,-5.97,0.5,296.34
14849,126.54,23.94,0.0,759.24
14850,82.37,-19.56,0.2,164.74
14851,276.26,-109.63,0.37,276.26
14852,238.08,26.16,0.0,1904.64
14853,88.44,15.84,0.0,353.76
14854,84.67,-183.71,0.7,1185.38
14855,120.0,7.2,0.0,120.0
14856,8.93,3.12,0.2,17.86
14857,146.12,-96.58,0.47,730.6
14858,122.58,42.9,0.0,245.16
14859,161.1,28.9,0.0,805.5
14860,91.68,-103.14,0.6,183.36
14861,177.93,76.41,0.0,1601.3700000000001
14862,138.96,36.09,0.0,416.88
14863,40.32,12.84,0.0,161.28
14864,145.32,45.0,0.0,290.64
14865,7.48,-5.98,0.7,7.48
14866,77.47,8.99,0.4,309.88
14867,134.95,-90.17,0.7,1889.2999999999997
14868,29.97,14.09,0.0,89.91
14869,7.98,3.91,0.0,23.94
14870,200.97,74.34,0.0,602.91
14871,37.3,4.94,0.4,74.6
14872,154.04,7.64,0.4,308.08
14873,75.96,9.0,0.0,303.84
14874,139.44,57.15,0.0,139.44
14875,39.96,16.38,0.0,119.88
14876,61.8,27.18,0.0,185.39999999999998
14877,141.57,49.5,0.0,424.71
14878,600.36,66.0,0.0,1200.72
14879,105.36,-6.48,0.5,842.88
14880,40.03,12.51,0.2,240.18
14881,121.32,7.26,0.0,121.32
14882,156.46,-39.11,0.6,156.46
14883,109.85,-47.63,0.4,219.7
14884,124.4,-21.33,0.3,497.6
14885,34.44,16.19,0.0,103.32
14886,151.88,-3.08,0.5,759.4
14887,96.42,23.1,0.0,192.84
14888,109.98,5.49,0.0,109.98
14889,112.32,6.72,0.0,898.56
14890,5.98,2.69,0.0,5.98
14891,7.07,2.39,0.2,14.14
14892,126.38,-98.63,0.5,631.9
14893,253.36,-35.09,0.35,253.36
14894,194.4,83.52,0.0,777.6
14895,172.38,34.44,0.0,344.76
14896,134.13,25.47,0.0,134.13
14897,109.32,12.0,0.0,437.28
14898,40.26,10.44,0.0,80.52
14899,223.63,-149.09,0.4,894.52
14900,61.28,6.12,0.0,122.56
14901,102.54,13.32,0.0,307.62
14902,254.13,96.25,0.002,508.26
14903,166.05,26.55,0.0,498.15000000000003
14904,198.76,27.16,0.27,795.04
14905,121.68,37.62,0.0,730.08
14906,89.05,-160.43,0.7,534.3
14907,204.12,47.52,0.1,1837.08
14908,96.39,-0.09,0.5,578.34
14909,138.9,-138.9,0.5,694.5
14910,63.24,9.48,0.0,189.72
14911,154.5,50.85,0.0,772.5
14912,121.61,16.04,0.17,364.83
14913,208.24,-0.11,0.25,1041.2
14914,165.89,58.97,0.1,995.3399999999999
14915,248.69,32.93,0.4,1989.52
14916,273.3,68.28,0.0,546.6
14917,222.81,62.37,0.0,1559.67
14918,41.46,11.7,0.15,41.46
14919,110.1,8.79,0.0,110.1
14920,7.99,2.6,0.2,7.99
14921,133.49,28.1,0.1,400.47
14922,1443.96,375.43,0.0,17327.52
14923,1499.97,-374.99,0.4,7499.85
14924,89.94,26.94,0.0,179.88
14925,151.56,22.68,0.0,454.68
14926,100.95,13.05,0.0,504.75
14927,139.59,59.94,0.0,418.77
14928,95.22,16.14,0.0,190.44
14929,139.97,43.49,0.1,419.90999999999997
14930,23.04,6.91,0.0,184.32
14931,16.06,5.82,0.2,48.17999999999999
14932,108.66,2.16,0.0,108.66
14933,168.68,-2.5,0.25,1518.1200000000001
14934,176.94,37.08,0.0,1061.6399999999999
14935,122.99,1.34,0.1,614.9499999999999
14936,58.44,7.56,0.0,116.88
14937,91.08,20.92,0.0,182.16
14938,77.94,-71.82,0.5,467.64
14939,480.0,225.6,0.0,1920.0
14940,230.35,20.16,0.2,691.05
14941,489.23,41.93,0.3,978.46
14942,64.84,9.04,0.0,129.68
14943,522.51,35.55,0.002,1567.53
14944,84.56,-26.8,0.4,253.68
14945,81.84,12.24,0.0,163.68
14946,74.56,-43.52,0.4,149.12
14947,43.18,-28.1,0.6,86.36
14948,202.18,24.88,0.27,404.36
14949,86.76,-38.25,0.5,260.28000000000003
14950,108.0,31.68,0.25,216.0
14951,43.86,3.06,0.0,43.86
14952,97.56,-4.94,0.4,487.8
14953,137.58,28.86,0.0,275.16
14954,100.4,-25.12,0.4,200.8
14955,109.08,18.48,0.0,436.32
14956,561.54,101.07,0.0,561.54
14957,31.95,7.92,0.0,95.85
14958,173.7,3.42,0.0,1042.1999999999998
14959,113.26,-110.48,0.6,679.5600000000001
14960,161.53,-29.63,0.4,484.59000000000003
14961,58.32,16.86,0.0,116.64
14962,14.52,4.79,0.0,43.56
14963,23.1,6.93,0.0,46.2
14964,136.65,53.25,0.0,683.25
14965,73.49,-33.16,0.4,220.46999999999997
14966,12.96,6.22,0.0,25.92
14967,197.35,56.68,0.2,592.05
14968,269.22,126.48,0.0,538.44
14969,211.65,93.12,0.0,211.65
14970,59.94,28.17,0.0,179.82
14971,70.2,29.4,0.0,351.0
14972,176.8,22.98,0.0,1414.4
14973,61.44,4.86,0.0,122.88
14974,92.04,20.16,0.0,368.16
14975,93.84,31.8,0.0,375.36
14976,65.04,6.45,0.1,195.12
14977,52.75,-12.53,0.2,158.25
14978,112.86,18.0,0.0,677.16
14979,94.32,44.32,0.0,377.28
14980,92.88,-46.56,0.4,1114.56
14981,75.48,18.84,0.0,301.92
14982,231.64,95.32,0.15,926.56
14983,69.57,14.58,0.0,69.57
14984,97.92,20.52,0.0,293.76
14985,125.73,36.3,0.0,1383.03
14986,154.08,-86.4,0.5,1232.64
14987,389.97,35.1,0.0,1169.91
14988,68.4,-40.05,0.47,205.20000000000002
14989,143.22,-128.94,0.5,286.44
14990,37.8,16.2,0.0,113.39999999999999
14991,111.96,36.84,0.0,447.84
14992,77.5,3.8,0.0,387.5
14993,151.38,2.97,0.0,454.14
14994,243.38,-51.72,0.2,730.14
14995,307.17,30.72,0.2,1228.68
14996,8.4,0.06,0.0,8.4
14997,168.3,79.08,0.0,168.3
14998,105.72,9.48,0.0,422.88
14999,1097.54,123.47,0.2,7682.78
15000,73.2,25.6,0.0,146.4
15001,308.07,30.78,0.0,308.07
15002,380.92,-12.74,0.1,761.84
15003,338.66,-92.8,0.27,338.66
15004,147.66,-0.03,0.1,442.98
15005,194.4,70.44,0.2,777.6
15006,130.32,45.6,0.0,1042.56
15007,85.46,-71.26,0.7,170.92
15008,85.32,1.62,0.0,511.91999999999996
15009,39.75,-23.85,0.5,79.5
15010,859.2,75.18,0.2,2577.6000000000004
15011,126.35,-161.11,0.6,126.35
15012,439.99,165.0,0.2,439.99
15013,244.77,24.48,0.2,979.08
15014,159.84,45.95,0.2,1598.4
15015,246.78,54.24,0.0,740.34
15016,65.16,18.88,0.0,130.32
15017,84.9,32.25,0.0,424.5
15018,141.63,36.81,0.0,141.63
15019,234.79,-13.13,0.1,939.16
15020,62.1,12.42,0.1,124.2
15021,58.59,21.63,0.0,410.13
15022,256.5,48.6,0.0,1539.0
15023,258.9,93.2,0.0,2589.0
15024,158.74,-170.66,0.6,317.48
15025,44.02,11.45,0.0,88.04
15026,64.0,28.16,0.0,256.0
15027,126.96,44.36,0.2,634.8
15028,97.92,30.3,0.0,293.76
15029,445.5,4.32,0.0,2673.0
15030,85.5,8.55,0.0,256.5
15031,11.74,1.03,0.2,35.22
15032,117.13,-23.54,0.4,1054.17
15033,144.2,-132.68,0.5,576.8
15034,4.78,1.55,0.2,4.78
15035,297.09,23.76,0.0,297.09
15036,84.9,-5.1,0.5,849.0
15037,169.44,33.84,0.0,338.88
15038,246.9,34.56,0.0,493.8
15039,103.04,-24.48,0.2,412.16
15040,134.46,60.48,0.0,1210.14
15041,50.46,22.68,0.0,50.46
15042,97.74,43.98,0.0,195.48
15043,129.29,48.65,0.15,258.58
15044,175.95,14.07,0.0,175.95
15045,124.02,-70.2,0.47,744.12
15046,180.48,-2.28,0.2,360.96
15047,73.1,19.7,0.0,365.5
15048,101.44,-23.66,0.27,304.32
15049,81.87,14.79,0.17,163.74
15050,83.34,34.98,0.0,83.34
15051,48.96,17.61,0.0,48.96
15052,123.58,41.17,0.1,123.58
15053,213.11,-81.73,0.4,1491.77
15054,9.95,1.0,0.2,9.95
15055,72.01,-4.85,0.1,216.03000000000003
15056,12.42,5.22,0.0,37.26
15057,255.45,73.95,0.0,1277.25
15058,123.93,61.95,0.0,123.93
15059,196.02,90.0,0.0,1176.1200000000001
15060,14.9,1.04,0.0,74.5
15061,172.98,20.73,0.0,172.98
15062,109.74,35.1,0.0,109.74
15063,155.7,55.98,0.0,467.09999999999997
15064,170.3,1.7,0.0,851.5
15065,73.44,5.04,0.0,440.64
15066,96.9,0.0,0.0,193.8
15067,153.57,-7.71,0.2,307.14
15068,719.85,50.25,0.0,3599.25
15069,87.48,32.04,0.1,174.96
15070,158.47,-100.37,0.4,316.94
15071,105.4,-55.88,0.47,737.8000000000001
15072,42.53,-6.83,0.5,212.65
15073,115.02,3.45,0.0,115.02
15074,309.78,52.56,0.0,1858.6799999999998
15075,40.16,-89.74,0.7,80.32
15076,138.6,0.0,0.0,554.4
15077,71.34,9.96,0.0,71.34
15078,106.68,33.07,0.0,640.08
15079,98.03,-19.63,0.4,196.06
15080,193.68,52.2,0.0,774.72
15081,121.84,47.44,0.0,487.36
15082,135.48,17.58,0.0,406.43999999999994
15083,97.56,42.9,0.0,292.68
15084,1113.26,-705.1,0.4,6679.5599999999995
15085,82.5,11.4,0.0,825.0
15086,77.52,36.36,0.0,310.08
15087,133.29,43.92,0.0,399.87
15088,184.76,40.64,0.0,369.52
15089,118.2,20.04,0.0,709.2
15090,109.62,36.12,0.0,767.34
15091,49.32,5.4,0.0,49.32
15092,264.18,68.69,0.0,1849.26
15093,126.48,51.84,0.0,505.92
15094,39.83,0.82,0.1,199.14999999999998
15095,114.77,-47.83,0.4,459.08
15096,67.1,13.4,0.0,335.5
15097,87.78,28.92,0.0,175.56
15098,65.28,3.9,0.0,65.28
15099,148.48,16.7,0.2,296.96
15100,121.1,-100.92,0.7,726.5999999999999
15101,122.12,56.18,0.0,488.48
15102,132.83,52.82,0.07,132.83
15103,40.37,-8.11,0.4,80.74
15104,303.07,-82.13,0.402,606.14
15105,116.84,-14.11,0.25,350.52
15106,79.99,22.0,0.2,79.99
15107,23.16,11.1,0.0,23.16
15108,164.46,0.0,0.0,493.38
15109,54.66,18.04,0.0,327.96
15110,23.92,11.72,0.0,95.68
15111,199.44,9.84,0.0,1595.52
15112,97.36,19.44,0.0,389.44
15113,60.06,28.8,0.0,180.18
15114,75.54,-71.78,0.6,151.08
15115,59.4,8.28,0.0,178.2
15116,89.4,16.98,0.0,178.8
15117,318.56,68.48,0.07,637.12
15118,123.93,61.95,0.0,123.93
15119,105.24,37.86,0.0,315.71999999999997
15120,93.6,42.9,0.0,1216.8
15121,26.76,1.56,0.0,80.28
15122,192.73,70.63,0.1,385.46
15123,108.48,45.54,0.0,216.96
15124,107.82,24.78,0.0,215.64
15125,110.19,2.25,0.1,771.3299999999999
15126,122.58,42.9,0.0,245.16
15127,146.61,-44.01,0.5,1319.4900000000002
15128,100.68,14.04,0.0,302.04
15129,142.08,7.04,0.0,568.32
15130,47.58,2.37,0.0,47.58
15131,173.61,41.58,0.0,520.83
15132,114.3,-39.0,0.5,571.5
15133,147.69,59.04,0.0,443.07
15134,40.1,13.53,0.2,160.4
15135,169.38,72.72,0.0,1016.28
15136,135.92,12.16,0.0,543.68
15137,128.55,-53.4,0.47,642.75
15138,114.78,19.5,0.0,229.56
15139,82.32,-72.12,0.6,329.28
15140,617.98,-7.72,0.2,1853.94
15141,1441.3,245.02,0.0,10089.1
15142,141.33,14.13,0.0,141.33
15143,153.58,-32.64,0.2,307.16
15144,74.52,35.02,0.0,670.68
15145,89.54,12.31,0.2,626.7800000000001
15146,88.68,-37.32,0.5,354.72
15147,34.1,-3.79,0.1,102.30000000000001
15148,105.95,-13.33,0.2,741.65
15149,186.0,38.88,0.0,1488.0
15150,192.38,-107.87,0.5,1731.42
15151,68.89,-37.91,0.6,68.89
15152,40.74,0.41,0.0,122.22
15153,123.12,54.16,0.0,492.48
15154,132.11,-92.49,0.7,264.22
15155,67.98,-55.8,0.5,135.96
15156,138.48,55.36,0.0,553.92
15157,108.22,-27.14,0.4,649.3199999999999
15158,181.68,69.0,0.0,726.72
15159,274.64,-207.28,0.47,274.64
15160,42.16,6.32,0.0,84.32
15161,95.9,-3.22,0.4,767.2
15162,94.65,37.8,0.0,473.25
15163,64.68,23.92,0.0,129.36
15164,657.55,49.32,0.2,3945.2999999999997
15165,136.5,15.0,0.0,136.5
15166,168.32,7.4,0.1,1009.92
15167,39.54,16.56,0.0,79.08
15168,56.74,-3.8,0.4,170.22
15169,276.69,49.8,0.0,830.0699999999999
15170,46.41,23.19,0.0,46.41
15171,59.85,1.05,0.0,299.25
15172,136.74,13.65,0.0,136.74
15173,99.87,23.97,0.0,299.61
15174,43.68,20.97,0.0,262.08
15175,41.35,-28.97,0.6,82.7
15176,166.92,4.98,0.0,333.84
15177,170.19,27.21,0.0,170.19
15178,162.6,60.1,0.0,813.0
15179,94.98,21.84,0.0,284.94
15180,86.94,-21.78,0.4,260.82
15181,156.8,31.3,0.0,784.0
15182,77.1,33.12,0.0,154.2
15183,27.96,7.27,0.0,55.92
15184,161.16,19.32,0.0,644.64
15185,96.84,29.04,0.0,193.68
15186,32.06,11.22,0.2,192.36
15187,117.5,-23.62,0.4,705.0
15188,88.3,11.4,0.0,441.5
15189,88.3,8.8,0.0,441.5
15190,8.57,-14.57,0.8,25.71
15191,53.93,15.08,0.15,269.65
15192,8.64,3.02,0.2,17.28
15193,35.71,2.23,0.2,285.68
15194,94.98,0.0,0.0,189.96
15195,152.12,3.26,0.1,912.72
15196,78.84,36.18,0.0,709.5600000000001
15197,109.8,19.74,0.0,219.6
15198,97.58,14.06,0.1,195.16
15199,43.6,12.21,0.0,174.4
15200,16.59,5.81,0.0,16.59
15201,19.56,5.48,0.0,78.24
15202,122.88,36.84,0.0,491.52
15203,167.58,68.58,0.0,1005.48
15204,1001.58,125.2,0.2,2003.16
15205,138.48,27.69,0.0,138.48
15206,99.36,32.76,0.0,198.72
15207,200.52,-0.4,0.002,200.52
15208,39.7,5.1,0.0,198.5
15209,116.17,35.62,0.25,348.51
15210,69.52,-10.46,0.4,139.04
15211,113.97,27.35,0.0,341.90999999999997
15212,158.37,13.86,0.2,1108.5900000000001
15213,58.75,-23.51,0.4,117.5
15214,114.08,6.23,0.1,570.4
15215,195.76,46.96,0.0,391.52
15216,155.88,21.78,0.0,935.28
15217,419.4,146.79,0.2,2097.0
15218,227.98,28.5,0.2,683.9399999999999
15219,200.64,38.04,0.0,802.56
15220,89.44,-10.88,0.17,715.52
15221,93.03,5.46,0.0,651.21
15222,80.1,33.57,0.0,240.29999999999998
15223,103.36,45.94,0.1,206.72
15224,169.92,15.24,0.0,509.76
15225,191.13,26.73,0.0,191.13
15226,7.16,3.58,0.0,14.32
15227,135.93,14.88,0.27,407.79
15228,156.24,26.52,0.0,468.72
15229,130.34,59.92,0.0,912.38
15230,148.74,72.87,0.0,148.74
15231,101.76,31.44,0.0,407.04
15232,1927.59,751.76,0.0,13493.13
15233,163.2,45.6,0.0,816.0
15234,286.93,140.6,0.0,2008.51
15235,204.08,-20.44,0.4,408.16
15236,158.38,13.86,0.2,475.14
15237,101.41,2.17,0.1,405.64
15238,130.56,7.8,0.0,522.24
15239,178.5,14.1,0.0,1785.0
15240,158.6,39.6,0.0,793.0
15241,154.8,-15.48,0.4,464.40000000000003
15242,101.41,23.83,0.15,101.41
15243,99.2,-1.12,0.1,99.2
15244,61.86,16.68,0.0,123.72
15245,1317.49,292.78,0.1,7904.9400000000005
15246,124.42,-219.8,0.7,248.84
15247,177.75,30.15,0.0,533.25
15248,167.58,77.04,0.0,1508.22
15249,64.8,-35.64,0.4,388.79999999999995
15250,117.48,41.04,0.0,469.92
15251,599.99,-479.99,0.7,2999.95
15252,70.88,29.04,0.0,283.52
15253,78.96,30.72,0.0,315.84
15254,145.65,-122.4,0.5,728.25
15255,93.02,33.72,0.2,279.06
15256,158.58,20.58,0.0,317.16
15257,277.08,5.52,0.0,554.16
15258,309.12,27.82,0.0,309.12
15259,166.45,39.95,0.0,832.25
15260,92.88,-58.92,0.4,464.4
15261,77.98,7.7,0.0,545.86
15262,101.76,46.8,0.0,203.52
15263,164.35,-7.31,0.1,164.35
15264,49.98,8.5,0.0,99.96
15265,175.88,-12.68,0.3,879.4
15266,55.82,-2.8,0.2,167.46
15267,141.29,-73.05,0.4,989.03
15268,34.29,8.19,0.0,102.87
15269,65.28,30.48,0.0,522.24
15270,13.48,5.93,0.0,53.92
15271,54.18,12.46,0.0,379.26
15272,254.07,8.37,0.1,1270.35
15273,88.13,27.41,0.1,705.04
15274,258.9,46.5,0.0,1294.5
15275,241.64,69.5,0.27,483.28
15276,207.12,76.56,0.0,828.48
15277,123.12,20.88,0.0,369.36
15278,161.57,16.16,0.2,323.14
15279,118.2,-115.86,0.5,236.4
15280,96.75,43.5,0.0,483.75
15281,93.56,-199.61,0.7,93.56
15282,56.3,15.76,0.0,112.6
15283,147.99,65.64,0.1,1331.91
15284,137.44,35.68,0.0,549.76
15285,1079.98,126.0,0.4,4319.92
15286,609.98,-113.28,0.3,2439.92
15287,374.38,46.8,0.2,1123.1399999999999
15288,80.1,3.96,0.0,160.2
15289,145.72,27.46,0.1,437.15999999999997
15290,44.4,22.2,0.0,133.2
15291,201.12,75.93,0.1,603.36
15292,187.84,22.87,0.1,563.52
15293,147.96,47.34,0.0,443.88
15294,62.79,-166.39,0.8,188.37
15295,155.88,38.97,0.0,935.28
15296,192.87,50.13,0.0,192.87
15297,60.54,20.58,0.0,121.08
15298,25.74,12.3,0.0,77.22
15299,137.21,-77.75,0.4,274.42
15300,64.82,-16.22,0.4,129.64
15301,26.4,0.0,0.0,132.0
15302,94.2,24.48,0.0,188.4
15303,126.9,7.59,0.0,126.9
15304,41.9,14.14,0.2,251.39999999999998
15305,171.97,15.01,0.2,343.94
15306,201.0,52.2,0.0,1206.0
15307,72.78,-70.96,0.6,218.34
15308,114.78,5.7,0.0,229.56
15309,149.58,14.94,0.0,149.58
15310,149.28,7.44,0.0,298.56
15311,136.95,40.95,0.0,684.75
15312,239.12,77.71,0.2,1195.6
15313,102.7,-154.04,0.6,308.1
15314,50.7,13.68,0.0,101.4
15315,54.12,12.96,0.0,162.35999999999999
15316,41.6,14.14,0.0,166.4
15317,120.57,14.46,0.17,361.71
15318,88.16,-144.02,0.7,88.16
15319,112.62,56.31,0.0,112.62
15320,162.54,81.24,0.0,325.08
15321,56.46,14.1,0.0,56.46
15322,252.04,6.04,0.17,504.08
15323,3.42,0.3,0.2,3.42
15324,98.4,42.3,0.0,196.8
15325,158.22,61.5,0.1,632.88
15326,25.47,7.11,0.0,76.41
15327,211.05,37.95,0.0,1055.25
15328,96.55,-25.79,0.4,193.1
15329,132.84,1.32,0.0,265.68
15330,221.51,41.81,0.1,443.02
15331,92.43,25.83,0.0,277.29
15332,137.79,28.92,0.0,137.79
15333,33.9,15.59,0.0,169.5
15334,205.73,-45.13,0.27,411.46
15335,169.28,59.24,0.0,338.56
15336,128.0,6.4,0.0,512.0
15337,121.5,19.44,0.0,364.5
15338,163.68,24.48,0.0,654.72
15339,131.49,4.29,0.1,657.45
15340,145.36,-58.16,0.6,145.36
15341,200.04,1.92,0.0,800.16
15342,160.0,8.0,0.0,800.0
15343,171.36,-34.3,0.4,1199.52
15344,83.02,-12.46,0.4,166.04
15345,168.0,48.72,0.0,336.0
15346,174.0,73.0,0.0,1740.0
15347,75.78,36.36,0.0,682.02
15348,97.02,23.1,0.0,679.14
15349,115.68,30.0,0.0,462.72
15350,88.83,31.05,0.0,266.49
15351,123.24,52.98,0.0,246.48
15352,58.1,6.74,0.4,116.2
15353,251.01,-28.35,0.2,2008.08
15354,122.13,-7.38,0.5,366.39
15355,88.56,5.76,0.1,442.8
15356,818.02,302.54,0.0,5726.139999999999
15357,146.7,4.32,0.0,440.09999999999997
15358,62.93,-50.36,0.5,62.93
15359,76.48,-49.73,0.4,76.48
15360,43.95,1.74,0.0,43.95
15361,901.95,297.64,0.0,2705.8500000000004
15362,87.78,-75.54,0.5,526.6800000000001
15363,110.0,-8.65,0.1,770.0
15364,53.04,20.13,0.0,53.04
15365,47.04,19.74,0.0,329.28
15366,254.88,-22.32,0.2,2293.92
15367,28.96,2.88,0.0,115.84
15368,60.84,19.47,0.0,182.52
15369,109.65,25.2,0.0,548.25
15370,28.68,3.42,0.0,28.68
15371,67.44,0.64,0.0,269.76
15372,221.57,-221.59,0.6,886.28
15373,153.42,-52.26,0.5,613.68
15374,298.46,26.12,0.2,1790.7599999999998
15375,8.64,2.42,0.0,25.92
15376,155.04,44.52,0.2,620.16
15377,134.1,25.47,0.0,402.29999999999995
15378,56.76,24.96,0.0,170.28
15379,173.31,72.57,0.002,173.31
15380,139.77,20.88,0.0,419.31000000000006
15381,110.28,30.84,0.0,220.56
15382,7.88,2.52,0.0,31.52
15383,125.82,36.45,0.0,377.46
15384,72.57,-120.96,0.7,72.57
15385,107.44,48.32,0.0,429.76
15386,148.5,44.52,0.0,445.5
15387,178.78,49.98,0.0,1251.46
15388,52.1,-73.0,0.6,104.2
15389,165.12,-61.92,0.6,330.24
15390,80.58,9.66,0.0,161.16
15391,220.56,61.68,0.0,882.24
15392,166.83,4.98,0.0,166.83
15393,201.84,3.96,0.0,807.36
15394,108.36,43.32,0.0,433.44
15395,166.14,-139.86,0.5,1993.6799999999998
15396,194.64,91.44,0.0,778.56
15397,29.27,-55.63,0.7,58.54
15398,178.56,17.84,0.0,357.12
15399,137.47,30.91,0.2,274.94
15400,173.16,13.84,0.0,346.32
15401,117.12,5.76,0.0,468.48
15402,128.8,1.28,0.0,515.2
15403,137.58,4.08,0.0,275.16
15404,88.74,0.81,0.0,266.21999999999997
15405,121.28,-63.11,0.5,848.96
15406,84.48,32.8,0.0,675.84
15407,132.15,2.55,0.0,660.75
15408,178.32,76.56,0.0,1426.56
15409,14.37,3.95,0.2,28.74
15410,78.33,9.57,0.1,234.99
15411,78.99,23.67,0.0,78.99
15412,77.7,4.62,0.0,543.9
15413,157.82,-2.98,0.45,789.0999999999999
15414,341.94,54.66,0.0,1025.82
15415,146.91,24.15,0.27,587.64
15416,95.04,36.06,0.0,285.12
15417,93.34,32.67,0.2,373.36
15418,325.92,78.12,0.0,1303.68
15419,87.92,26.38,0.0,351.68
15420,124.34,-63.46,0.47,621.7
15421,59.4,7.11,0.0,178.2
15422,34.44,17.22,0.0,103.32
15423,189.12,83.16,0.0,756.48
15424,34.02,14.28,0.0,68.04
15425,98.46,45.24,0.0,196.92
15426,26.37,10.8,0.0,26.37
15427,109.8,43.92,0.0,219.6
15428,69.52,-10.46,0.4,139.04
15429,192.13,21.61,0.2,384.26
15430,199.44,71.76,0.0,398.88
15431,168.12,36.96,0.0,336.24
15432,67.36,-97.74,0.6,336.8
15433,155.34,4.59,0.0,466.02
15434,172.98,20.73,0.0,172.98
15435,101.88,24.3,0.0,916.92
15436,148.17,53.34,0.0,148.17
15437,41.13,7.74,0.0,123.39000000000001
15438,96.42,31.8,0.0,192.84
15439,52.08,17.7,0.0,104.16
15440,118.71,-152.67,0.65,237.42
15441,186.46,-59.06,0.4,559.38
15442,255.85,112.57,0.0,1790.95
15443,146.4,4.3,0.0,732.0
15444,40.32,7.2,0.0,241.92000000000002
15445,109.92,38.46,0.0,219.84
15446,104.63,11.63,0.1,523.15
15447,118.75,-2.66,0.1,356.25
15448,184.38,92.19,0.0,1290.6599999999999
15449,13.27,-10.62,0.7,106.16
15450,88.65,-67.41,0.5,531.9000000000001
15451,42.84,19.62,0.0,128.52
15452,40.14,17.64,0.0,120.42
15453,88.02,14.73,0.17,616.14
15454,11.09,5.43,0.0,11.09
15455,97.32,-34.08,0.4,486.59999999999997
15456,90.62,-18.14,0.4,181.24
15457,155.0,43.4,0.0,310.0
15458,126.34,-14.78,0.4,884.38
15459,31.79,-14.89,0.4,63.58
15460,11.17,3.63,0.2,44.68
15461,43.65,9.54,0.0,130.95
15462,16.86,-11.4,0.6,16.86
15463,193.8,0.0,0.0,775.2
15464,105.55,35.62,0.2,633.3
15465,64.7,23.46,0.2,194.10000000000002
15466,110.25,19.8,0.0,551.25
15467,30.48,14.32,0.0,121.92
15468,104.5,-135.86,0.6,209.0
15469,695.16,34.76,0.0,4170.96
15470,86.93,-126.07,0.6,173.86
15471,67.2,3.36,0.4,470.40000000000003
15472,340.7,-34.07,0.2,2044.1999999999998
15473,99.49,8.71,0.2,198.98
15474,39.82,-31.88,0.6,79.64
15475,97.8,0.0,0.0,391.2
15476,51.63,8.76,0.0,51.63
15477,563.43,-56.34,0.3,2817.1499999999996
15478,20.16,6.55,0.2,80.64
15479,66.67,-30.05,0.6,133.34
15480,1471.96,459.99,0.2,7359.8
15481,48.9,1.44,0.0,48.9
15482,239.94,26.39,0.0,1439.6399999999999
15483,75.18,4.5,0.0,150.36
15484,115.2,26.46,0.0,691.2
15485,40.32,12.84,0.0,161.28
15486,83.07,6.57,0.0,249.20999999999998
15487,68.4,20.4,0.0,342.0
15488,56.2,-11.28,0.4,393.40000000000003
15489,101.6,2.0,0.0,508.0
15490,94.1,7.5,0.0,470.5
15491,128.07,-91.98,0.47,640.3499999999999
15492,12.84,5.78,0.0,38.519999999999996
15493,2.61,1.2,0.0,2.61
15494,17.46,5.89,0.2,34.92
15495,60.02,23.3,0.1,180.06
15496,158.76,-59.58,0.6,317.52
15497,94.68,30.24,0.0,189.36
15498,300.13,46.66,0.1,2100.91
15499,78.49,-44.87,0.37,78.49
15500,102.3,19.4,0.0,511.5
15501,36.86,-4.74,0.2,294.88
15502,77.16,34.72,0.0,154.32
15503,66.35,-19.93,0.6,132.7
15504,49.26,9.3,0.0,98.52
15505,57.69,5.13,0.0,173.07
15506,67.92,28.5,0.0,135.84
15507,10.74,0.81,0.2,10.74
15508,121.16,29.18,0.17,121.16
15509,48.79,5.95,0.1,48.79
15510,206.85,1.89,0.0,1447.95
15511,236.53,-2.96,0.2,473.06
15512,681.41,42.59,0.2,8176.92
15513,142.08,22.71,0.0,142.08
15514,146.08,-7.32,0.2,1460.8000000000002
15515,23.1,1.38,0.0,69.30000000000001
15516,143.4,51.6,0.0,143.4
15517,34.56,4.08,0.0,138.24
15518,360.38,93.7,0.0,720.76
15519,389.52,128.4,0.0,3116.16
15520,81.54,24.39,0.1,407.70000000000005
15521,83.66,-80.92,0.7,167.32
15522,155.22,27.69,0.0,2017.86
15523,95.94,17.22,0.0,191.88
15524,19.71,4.11,0.1,39.42
15525,75.6,-166.32,0.8,151.2
15526,92.3,-3.52,0.2,276.9
15527,167.84,11.75,0.0,1342.72
15528,45.46,-51.14,0.6,90.92
15529,13.76,-24.77,0.8,13.76
15530,100.08,-64.08,0.5,200.16
15531,65.58,-2.48,0.2,65.58
15532,95.28,24.72,0.0,381.12
15533,21.83,-12.29,0.5,65.49
15534,79.36,23.81,0.0,317.44
15535,102.62,-33.37,0.6,102.62
15536,111.84,4.44,0.0,447.36
15537,28.5,2.85,0.0,28.5
15538,62.02,22.48,0.2,124.04
15539,55.87,-29.81,0.4,223.48
15540,33.75,13.47,0.1,67.5
15541,86.88,1.68,0.0,260.64
15542,130.44,28.68,0.0,782.64
15543,83.02,-12.46,0.4,166.04
15544,72.45,34.78,0.0,507.15000000000003
15545,65.06,-14.74,0.47,260.24
15546,118.2,48.36,0.0,472.8
15547,105.06,18.9,0.0,210.12
15548,84.84,12.72,0.0,169.68
15549,10.37,3.63,0.2,20.74
15550,3.52,1.02,0.0,7.04
15551,88.83,-30.24,0.5,621.81
15552,93.3,44.7,0.0,466.5
15553,28.11,-13.89,0.47,112.44
15554,51.36,14.37,0.0,51.36
15555,29.7,13.35,0.0,29.7
15556,66.0,17.7,0.0,330.0
15557,1473.1,412.47,0.0,7365.5
15558,87.84,20.16,0.0,175.68
15559,276.19,-55.25,0.4,1104.76
15560,87.94,25.24,0.2,263.82
15561,71.33,-8.05,0.2,213.99
15562,220.08,50.58,0.0,660.24
15563,51.42,4.62,0.0,51.42
15564,105.12,32.58,0.0,630.72
15565,50.28,6.48,0.0,201.12
15566,27.81,-8.37,0.5,166.85999999999999
15567,155.01,34.44,0.1,155.01
15568,128.37,55.17,0.0,128.37
15569,267.96,16.75,0.2,1339.8
15570,122.49,31.83,0.0,122.49
15571,96.84,19.32,0.0,290.52
15572,106.08,50.88,0.0,318.24
15573,86.42,-10.8,0.2,86.42
15574,90.86,26.35,0.0,636.02
15575,23.36,11.68,0.0,46.72
15576,59.22,20.7,0.0,118.44
15577,487.62,243.72,0.0,2925.7200000000003
15578,37.2,-15.0,0.5,186.0
15579,27.44,-14.44,0.6,54.88
15580,66.46,-12.5,0.2,132.92
15581,90.48,30.72,0.0,271.44
15582,34.72,11.56,0.1,69.44
15583,83.34,4.14,0.0,166.68
15584,121.5,14.58,0.0,364.5
15585,11.56,5.66,0.0,23.12
15586,64.2,6.36,0.0,256.8
15587,90.81,30.87,0.0,272.43
15588,120.36,9.84,0.27,361.08
15589,35.34,9.18,0.0,106.02000000000001
15590,58.66,11.06,0.0,410.62
15591,102.4,46.0,0.0,512.0
15592,55.4,17.78,0.1,332.4
15593,388.7,-4.86,0.2,2332.2
15594,83.88,41.04,0.0,251.64
15595,77.4,13.05,0.0,387.0
15596,141.63,36.81,0.0,141.63
15597,25.5,6.63,0.0,76.5
15598,62.5,20.3,0.2,125.0
15599,62.28,29.27,0.0,249.12
15600,90.2,35.1,0.0,451.0
15601,113.46,22.68,0.0,340.38
15602,230.06,24.86,0.002,460.12
15603,51.31,-19.05,0.402,51.31
15604,122.88,30.72,0.0,491.52
15605,64.2,6.36,0.0,256.8
15606,109.38,10.92,0.0,218.76
15607,37.68,12.78,0.0,75.36
15608,70.38,23.85,0.0,211.14
15609,908.82,227.21,0.0,8179.38
15610,103.68,15.54,0.0,207.36
15611,414.0,124.2,0.0,3312.0
15612,223.07,34.67,0.1,446.14
15613,418.3,5.23,0.2,1254.9
15614,310.74,-26.64,0.3,1242.96
15615,147.18,-29.44,0.2,294.36
15616,145.32,14.52,0.0,435.96
15617,47.94,2.4,0.0,143.82
15618,9.84,3.25,0.0,29.52
15619,65.79,14.4,0.0,197.37
15620,9.56,-7.33,0.7,47.800000000000004
15621,106.56,9.48,0.0,426.24
15622,71.28,31.68,0.1,213.84
15623,146.1,45.24,0.0,438.29999999999995
15624,179.52,40.38,0.2,538.5600000000001
15625,3.93,1.33,0.2,3.93
15626,39.6,12.6,0.0,118.80000000000001
15627,842.35,42.12,0.2,2527.05
15628,163.84,-75.62,0.35,327.68
15629,134.61,-8.13,0.5,269.22
15630,120.0,-7.2,0.5,240.0
15631,23.97,2.7,0.2,167.79
15632,57.6,28.8,0.0,172.8
15633,59.31,24.84,0.0,177.93
15634,28.38,5.37,0.0,28.38
15635,155.52,71.46,0.0,466.56000000000006
15636,59.91,-45.93,0.7,419.37
15637,32.9,11.1,0.2,131.6
15638,88.83,36.36,0.0,266.49
15639,79.56,39.72,0.0,477.36
15640,124.24,13.94,0.2,621.1999999999999
15641,39.0,9.36,0.0,117.0
15642,174.42,71.7,0.1,697.68
15643,12.72,6.36,0.0,38.160000000000004
15644,82.86,22.32,0.0,165.72
15645,67.5,33.0,0.0,337.5
15646,84.02,-55.46,0.5,84.02
15647,96.6,11.58,0.0,193.2
15648,56.85,28.35,0.0,284.25
15649,58.83,6.45,0.0,58.83
15650,55.14,10.47,0.0,55.14
15651,512.62,119.59,0.1,5638.82
15652,74.11,17.6,0.2,592.88
15653,109.8,43.92,0.0,219.6
15654,19.02,9.12,0.0,57.06
15655,65.36,11.76,0.0,261.44
15656,102.54,35.88,0.0,205.08
15657,94.28,15.62,0.1,565.6800000000001
15658,102.84,9.24,0.0,205.68
15659,61.2,21.9,0.0,306.0
15660,47.03,-32.03,0.5,235.15
15661,182.76,74.88,0.0,731.04
15662,110.23,-129.53,0.6,220.46
15663,20.29,-14.21,0.6,20.29
15664,97.63,-56.97,0.4,195.26
15665,108.48,21.66,0.0,325.44
15666,96.78,3.84,0.0,290.34000000000003
15667,57.0,-12.4,0.4,285.0
15668,96.66,-93.54,0.7,386.64
15669,61.53,23.31,0.0,430.71000000000004
15670,91.14,17.22,0.0,637.98
15671,112.16,14.9,0.1,224.32
15672,39.87,1.17,0.0,119.60999999999999
15673,120.07,-147.11,0.6,120.07
15674,49.62,15.36,0.0,99.24
15675,33.31,-27.5,0.6,33.31
15676,75.52,32.71,0.1,75.52
15677,140.67,1.38,0.0,140.67
15678,51.78,9.3,0.0,51.78
15679,293.52,76.32,0.0,1761.12
15680,63.9,23.64,0.0,127.8
15681,148.8,35.7,0.0,446.40000000000003
15682,32.92,7.56,0.0,65.84
15683,93.3,12.1,0.0,466.5
15684,56.46,14.1,0.0,56.46
15685,87.26,-26.26,0.6,349.04
15686,50.99,-75.22,0.6,50.99
15687,39.17,-26.47,0.6,78.34
15688,48.96,16.14,0.0,48.96
15689,217.51,14.47,0.1,1740.08
15690,26.58,-16.44,0.45,79.74
15691,64.49,-51.61,0.6,64.49
15692,53.34,2.1,0.0,106.68
15693,166.18,-2.78,0.4,498.54
15694,37.38,0.0,0.0,112.14000000000001
15695,78.14,19.52,0.2,234.42000000000002
15696,50.14,-11.28,0.2,150.42000000000002
15697,37.08,16.65,0.0,111.24
15698,56.52,11.82,0.0,113.04
15699,59.82,12.54,0.0,59.82
15700,44.2,3.9,0.0,221.0
15701,609.52,201.12,0.0,1219.04
15702,293.4,8.76,0.0,1173.6
15703,49.77,13.92,0.0,49.77
15704,38.46,2.28,0.0,76.92
15705,60.86,-75.22,0.7,852.04
15706,45.25,1.99,0.1,45.25
15707,49.1,-4.96,0.4,98.2
15708,86.54,-77.9,0.5,259.62
15709,124.09,-2.81,0.1,372.27
15710,96.84,29.04,0.0,193.68
15711,102.02,-15.34,0.4,408.08
15712,185.02,-7.4,0.25,555.0600000000001
15713,41.58,0.7,0.0,291.06
15714,177.89,-38.59,0.4,711.56
15715,74.22,11.1,0.0,148.44
15716,24.36,9.72,0.0,24.36
15717,216.27,28.62,0.1,1946.43
15718,98.82,6.9,0.0,296.46
15719,131.46,11.46,0.2,525.84
15720,50.5,15.1,0.0,252.5
15721,65.06,-16.03,0.47,195.18
15722,60.77,-49.33,0.47,121.54
15723,166.83,11.67,0.0,166.83
15724,44.46,-36.99,0.47,133.38
15725,107.45,-33.31,0.45,429.8
15726,92.88,30.19,0.2,557.28
15727,51.27,-15.39,0.5,102.54
15728,67.28,18.8,0.0,134.56
15729,55.99,5.6,0.2,55.99
15730,102.9,27.72,0.0,720.3000000000001
15731,37.86,13.62,0.0,75.72
15732,133.2,23.97,0.0,133.2
15733,45.48,1.35,0.0,45.48
15734,59.22,27.09,0.0,414.53999999999996
15735,88.13,-10.33,0.4,264.39
15736,109.8,19.74,0.0,219.6
15737,36.62,13.73,0.2,109.85999999999999
15738,42.21,15.57,0.0,126.63
15739,92.4,45.2,0.0,369.6
15740,54.5,14.17,0.0,272.5
15741,43.34,-0.04,0.1,130.02
15742,90.63,-61.65,0.5,543.78
15743,69.39,3.42,0.4,208.17000000000002
15744,106.92,47.52,0.1,534.6
15745,59.58,13.08,0.0,119.16
15746,22.04,-1.36,0.17,66.12
15747,703.97,88.0,0.2,2815.88
15748,39.76,15.82,0.0,278.32
15749,65.24,22.16,0.0,130.48
15750,26.45,-1.79,0.4,105.8
15751,37.86,11.34,0.0,75.72
15752,67.2,25.5,0.0,336.0
15753,102.72,3.06,0.0,205.44
15754,81.24,26.76,0.0,324.96
15755,62.16,4.95,0.0,62.16
15756,1089.75,305.13,0.0,3269.25
15757,143.22,27.16,0.0,1002.54
15758,424.2,161.16,0.0,848.4
15759,50.4,15.6,0.0,100.8
15760,72.77,-26.24,0.5,218.31
15761,97.23,25.74,0.17,97.23
15762,287.92,138.2,0.0,2303.36
15763,82.8,6.48,0.0,496.79999999999995
15764,248.02,8.26,0.1,496.04
15765,75.06,-145.26,0.7,450.36
15766,173.49,54.22,0.2,1214.43
15767,133.27,-126.65,0.6,1199.43
15768,489.96,-114.36,0.4,1959.84
15769,67.92,0.0,0.0,407.52
15770,122.04,28.05,0.0,122.04
15771,62.2,-91.25,0.7,62.2
15772,68.04,32.58,0.0,408.24
15773,60.88,-77.12,0.7,243.52
15774,40.92,6.12,0.0,40.92
15775,160.65,17.67,0.0,160.65
15776,47.82,6.21,0.0,47.82
15777,88.21,35.2,0.1,264.63
15778,97.92,-86.22,0.5,293.76
15779,99.41,7.43,0.2,298.23
15780,58.34,28.0,0.0,116.68
15781,224.01,-215.1,0.5,672.03
15782,53.01,21.72,0.0,53.01
15783,117.0,14.04,0.0,351.0
15784,72.6,2.85,0.0,363.0
15785,139.68,57.12,0.0,1117.44
15786,109.95,12.09,0.0,109.95
15787,75.33,2.43,0.1,376.65
15788,43.68,16.56,0.0,174.72
15789,34.14,11.58,0.0,68.28
15790,97.27,-17.85,0.4,194.54
15791,177.06,7.08,0.0,354.12
15792,7.1,2.49,0.2,42.599999999999994
15793,104.76,42.84,0.0,628.5600000000001
15794,9.45,4.54,0.0,28.349999999999998
15795,423.3,186.24,0.0,846.6
15796,70.94,-51.46,0.6,283.76
15797,64.4,20.58,0.0,450.80000000000007
15798,51.27,-15.39,0.5,102.54
15799,79.38,30.15,0.0,79.38
15800,127.2,11.4,0.0,636.0
15801,22.29,10.68,0.0,22.29
15802,103.56,38.28,0.0,207.12
15803,67.07,27.56,0.1,201.20999999999998
15804,116.31,52.32,0.0,116.31
15805,1029.95,298.69,0.0,5149.75
15806,48.78,-41.46,0.47,195.12
15807,61.13,-14.35,0.4,244.52
15808,130.32,22.14,0.0,390.96
15809,82.55,-27.55,0.4,247.64999999999998
15810,75.24,11.88,0.0,451.43999999999994
15811,58.6,18.4,0.27,234.4
15812,127.89,15.33,0.0,127.89
15813,99.21,-69.45,0.5,99.21
15814,169.92,73.02,0.0,339.84
15815,128.16,5.04,0.0,1025.28
15816,258.0,-309.6,0.6,1290.0
15817,45.58,9.04,0.2,136.74
15818,95.1,30.43,0.0,475.5
15819,110.31,-22.71,0.27,330.93
15820,75.28,8.28,0.0,150.56
15821,30.93,9.57,0.0,30.93
15822,70.37,-24.67,0.6,562.96
15823,123.3,30.81,0.0,123.3
15824,22.26,-6.72,0.4,155.82000000000002
15825,103.95,24.84,0.0,935.5500000000001
15826,29.27,-55.63,0.7,58.54
15827,89.95,43.18,0.0,449.75
15828,38.57,4.73,0.27,115.71000000000001
15829,71.1,1.35,0.0,355.5
15830,53.57,0.59,0.1,107.14
15831,40.2,16.8,0.0,201.0
15832,140.03,-58.09,0.3,560.12
15833,119.85,2.25,0.0,599.25
15834,33.24,6.6,0.0,132.96
15835,1040.8,281.02,0.0,5204.0
15836,70.31,13.19,0.1,281.24
15837,127.79,-31.03,0.3,127.79
15838,17.71,-0.41,0.1,35.42
15839,67.75,1.03,0.4,271.0
15840,121.28,-14.98,0.27,727.6800000000001
15841,20.52,6.75,0.0,61.56
15842,103.8,23.82,0.0,311.4
15843,100.92,28.2,0.0,302.76
15844,43.2,-20.16,0.4,129.60000000000002
15845,84.0,-35.28,0.5,672.0
15846,133.38,61.2,0.0,800.28
15847,239.5,114.96,0.0,1197.5
15848,86.94,0.0,0.1,173.88
15849,7.63,-1.81,0.2,22.89
15850,19.15,-2.57,0.4,38.3
15851,54.13,3.91,0.17,108.26
15852,61.86,16.68,0.0,123.72
15853,7.82,2.93,0.2,7.82
15854,32.4,15.55,0.0,162.0
15855,14.3,5.01,0.2,85.80000000000001
15856,192.3,32.6,0.0,961.5
15857,77.53,-41.47,0.4,542.71
15858,36.12,9.0,0.0,216.71999999999997
15859,96.32,-19.28,0.2,385.28
15860,147.42,0.0,0.4,1326.78
15861,101.21,6.73,0.4,202.42
15862,93.18,27.0,0.0,279.54
15863,100.22,41.08,0.0,100.22
15864,83.34,30.0,0.0,250.02
15865,36.12,-50.58,0.6,108.35999999999999
15866,74.52,5.94,0.0,74.52
15867,31.96,1.6,0.0,63.92
15868,140.22,42.03,0.0,420.65999999999997
15869,52.83,26.37,0.0,158.49
15870,168.2,74.0,0.0,841.0
15871,79.5,1.56,0.0,238.5
15872,97.56,48.78,0.0,585.36
15873,727.69,-254.21,0.37,4366.14
15874,90.9,28.08,0.0,545.4000000000001
15875,104.71,19.75,0.1,209.42
15876,32.67,8.49,0.0,98.01
15877,71.1,1.35,0.0,355.5
15878,208.96,100.3,0.0,208.96
15879,53.28,0.0,0.5,106.56
15880,56.52,4.5,0.0,169.56
15881,383.98,81.59,0.2,1151.94
15882,113.66,-0.02,0.4,227.32
15883,82.57,-17.95,0.4,577.99
15884,140.52,2.76,0.0,421.56000000000006
15885,30.96,11.4,0.0,92.88
15886,63.84,7.56,0.0,255.36
15887,133.49,-4.48,0.1,400.47
15888,62.7,13.74,0.0,125.4
15889,105.55,12.31,0.4,316.65
15890,130.21,-67.31,0.4,390.63
15891,71.55,2.85,0.0,71.55
15892,75.15,4.5,0.0,225.45000000000002
15893,88.44,35.37,0.0,88.44
15894,50.04,-15.03,0.6,50.04
15895,94.85,45.53,0.0,474.25
15896,61.56,6.12,0.0,369.36
15897,30.82,-14.38,0.4,61.64
15898,87.0,40.8,0.0,435.0
15899,72.45,7.23,0.0,72.45
15900,799.56,207.89,0.0,7196.039999999999
15901,55.04,-0.04,0.45,330.24
15902,64.6,27.76,0.0,129.2
15903,40.96,4.48,0.0,81.92
15904,221.2,59.72,0.0,442.4
15905,24.35,5.27,0.17,146.10000000000002
15906,39.6,0.0,0.0,79.2
15907,252.0,53.55,0.2,1260.0
15908,257.5,24.24,0.15,772.5
15909,195.47,-13.8,0.15,390.94
15910,207.33,-29.07,0.5,414.66
15911,91.8,16.5,0.0,459.0
15912,97.66,30.12,0.002,97.66
15913,44.48,16.4,0.0,177.92
15914,53.55,8.55,0.0,267.75
15915,49.5,16.32,0.0,49.5
15916,207.12,76.56,0.0,828.48
15917,34.8,3.12,0.0,69.6
15918,98.4,42.3,0.0,196.8
15919,54.24,11.88,0.0,216.96
15920,35.76,-36.66,0.6,71.52
15921,32.1,3.18,0.0,64.2
15922,107.45,-121.79,0.7,214.9
15923,101.94,-52.76,0.4,509.7
15924,39.0,4.68,0.0,39.0
15925,132.3,23.76,0.0,793.8000000000001
15926,33.93,-6.15,0.5,67.86
15927,434.35,43.44,0.2,1303.0500000000002
15928,105.06,18.9,0.0,210.12
15929,38.21,-0.76,0.47,114.63
15930,573.17,63.69,0.1,4012.1899999999996
15931,106.13,-0.01,0.4,212.26
15932,96.0,44.16,0.0,192.0
15933,35.34,9.18,0.0,106.02000000000001
15934,81.8,20.4,0.0,409.0
15935,74.3,-107.86,0.6,445.79999999999995
15936,67.87,-83.33,0.6,950.1800000000001
15937,151.92,33.42,0.0,303.84
15938,51.78,1.53,0.0,51.78
15939,122.72,12.26,0.4,245.44
15940,369.91,-13.87,0.2,1109.73
15941,79.56,35.76,0.0,318.24
15942,36.0,0.0,0.0,144.0
15943,81.2,6.0,0.2,406.0
15944,80.32,6.4,0.0,321.28
15945,124.72,23.68,0.0,498.88
15946,89.76,41.28,0.0,269.28000000000003
15947,64.44,1.04,0.4,128.88
15948,40.64,4.44,0.0,81.28
15949,69.15,26.25,0.0,69.15
15950,117.6,2.25,0.0,588.0
15951,99.6,36.85,0.0,99.6
15952,56.92,-55.04,0.7,341.52
15953,32.4,15.55,0.0,162.0
15954,87.03,35.64,0.0,261.09000000000003
15955,38.7,4.2,0.0,77.4
15956,8.36,3.01,0.0,16.72
15957,30.46,-0.62,0.4,121.84
15958,72.32,14.44,0.0,144.64
15959,183.0,84.12,0.0,732.0
15960,198.27,17.35,0.2,1586.16
15961,42.08,2.29,0.45,84.16
15962,99.0,40.5,0.0,594.0
15963,135.96,12.18,0.0,271.92
15964,73.02,10.92,0.0,146.04
15965,146.4,7.32,0.0,292.8
15966,440.28,127.62,0.0,1320.84
15967,171.99,6.84,0.0,515.97
15968,49.56,15.84,0.0,99.12
15969,87.73,-45.35,0.4,263.19
15970,74.02,-35.78,0.4,222.06
15971,18.05,-2.11,0.4,18.05
15972,164.34,54.18,0.0,986.04
15973,151.68,8.88,0.0,1213.44
15974,187.03,70.63,0.1,187.03
15975,143.1,9.96,0.0,286.2
15976,46.74,-2.82,0.5,93.48
15977,102.38,-10.3,0.1,204.76
15978,93.1,5.08,0.27,279.29999999999995
15979,41.19,19.77,0.0,41.19
15980,84.3,30.3,0.0,421.5
15981,159.96,18.0,0.2,799.8000000000001
15982,57.72,23.04,0.0,346.32
15983,99.19,-96.77,0.6,198.38
15984,59.58,0.54,0.0,119.16
15985,154.8,17.01,0.0,464.40000000000003
15986,20.46,1.02,0.0,40.92
15987,51.28,-28.22,0.6,51.28
15988,130.4,32.56,0.0,521.6
15989,70.44,11.16,0.0,422.64
15990,102.54,35.88,0.0,205.08
15991,37.86,13.62,0.0,75.72
15992,86.16,36.96,0.0,689.28
15993,12.67,4.44,0.2,38.01
15994,178.31,26.84,0.27,534.9300000000001
15995,33.8,4.23,0.2,169.0
15996,74.64,5.97,0.0,74.64
15997,50.04,14.49,0.0,50.04
15998,81.66,13.02,0.0,163.32
15999,60.0,11.4,0.0,120.0
16000,89.37,32.13,0.0,268.11
16001,453.58,39.69,0.2,1360.74
16002,68.58,26.7,0.0,137.16
16003,267.12,-178.08,0.4,1068.48
16004,75.98,6.68,0.1,455.88
16005,93.24,27.0,0.0,186.48
16006,154.24,0.0,0.0,616.96
16007,73.94,-16.06,0.4,221.82
16008,61.54,-2.34,0.2,123.08
16009,142.83,41.4,0.0,142.83
16010,85.14,4.23,0.0,255.42000000000002
16011,47.1,13.65,0.0,47.1
16012,163.38,13.02,0.0,326.76
16013,100.87,-108.47,0.6,201.74
16014,50.34,3.0,0.0,50.34
16015,330.24,22.0,0.4,1320.96
16016,92.64,24.96,0.0,277.92
16017,119.64,25.08,0.0,239.28
16018,1038.84,51.94,0.2,5194.2
16019,33.08,-11.93,0.5,165.39999999999998
16020,46.23,19.41,0.0,46.23
16021,59.25,10.05,0.0,59.25
16022,180.43,-126.59,0.6,2526.02
16023,59.52,15.48,0.0,178.56
16024,69.6,6.24,0.0,278.4
16025,137.14,23.98,0.2,411.41999999999996
16026,99.12,11.88,0.0,396.48
16027,77.76,13.44,0.25,155.52
16028,48.84,6.81,0.0,48.84
16029,73.36,19.81,0.0,513.52
16030,33.96,5.04,0.0,67.92
16031,155.34,15.48,0.0,466.02
16032,60.48,18.03,0.1,302.4
16033,85.5,18.78,0.0,171.0
16034,158.87,26.39,0.4,1429.83
16035,149.6,56.84,0.0,299.2
16036,17.94,8.79,0.0,53.82000000000001
16037,67.14,17.28,0.0,402.84000000000003
16038,126.97,-60.08,0.45,634.85
16039,15.55,5.44,0.2,46.650000000000006
16040,50.22,3.0,0.0,50.22
16041,137.52,-22.92,0.4,412.56000000000006
16042,327.96,-191.4,0.4,1967.7599999999998
16043,171.96,44.71,0.0,343.92
16044,96.06,10.8,0.2,96.06
16045,77.04,3.04,0.0,308.16
16046,63.76,12.72,0.0,127.52
16047,54.42,5.4,0.0,108.84
16048,88.74,15.03,0.0,266.21999999999997
16049,126.9,7.59,0.0,126.9
16050,54.66,-69.72,0.6,54.66
16051,36.62,3.5,0.27,36.62
16052,131.38,-10.28,0.1,394.14
16053,50.25,24.6,0.0,251.25
16054,68.76,26.1,0.0,412.56000000000006
16055,26.7,11.19,0.0,26.7
16056,86.94,1.92,0.1,173.88
16057,138.13,-257.87,0.7,138.13
16058,165.46,29.38,0.1,661.84
16059,40.5,4.05,0.0,121.5
16060,70.02,27.9,0.0,420.12
16061,95.28,-27.02,0.4,476.4
16062,162.2,30.8,0.0,811.0
16063,104.76,3.12,0.0,628.5600000000001
16064,107.7,46.2,0.0,1077.0
16065,487.98,152.5,0.2,975.96
16066,80.23,-18.23,0.47,240.69
16067,59.1,0.0,0.0,118.2
16068,243.92,-54.88,0.2,1219.6
16069,73.2,21.23,0.0,366.0
16070,119.52,3.48,0.0,478.08
16071,84.6,21.9,0.0,423.0
16072,82.69,36.27,0.002,82.69
16073,37.98,6.42,0.0,113.94
16074,63.04,22.68,0.0,126.08
16075,63.0,13.8,0.0,252.0
16076,48.86,0.98,0.0,342.02
16077,108.6,35.82,0.0,108.6
16078,86.88,14.76,0.0,173.76
16079,84.24,-15.84,0.2,505.43999999999994
16080,46.56,9.76,0.0,186.24
16081,118.94,-4.82,0.5,356.82
16082,66.78,29.97,0.0,200.34
16083,84.96,36.51,0.0,84.96
16084,84.75,7.62,0.0,84.75
16085,786.48,385.38,0.0,6291.84
16086,104.76,3.06,0.0,628.5600000000001
16087,107.76,45.24,0.0,431.04
16088,149.95,15.0,0.0,749.75
16089,93.96,38.52,0.0,1127.52
16090,84.78,21.66,0.1,339.12
16091,72.64,21.79,0.0,145.28
16092,74.93,14.93,0.1,374.65000000000003
16093,108.56,42.32,0.0,434.24
16094,76.23,-45.78,0.45,533.61
16095,25.46,-20.38,0.6,50.92
16096,93.83,-28.39,0.47,656.81
16097,99.0,13.86,0.0,198.0
16098,29.79,12.51,0.0,89.37
16099,40.2,19.3,0.0,120.60000000000001
16100,105.24,19.98,0.0,210.48
16101,39.0,12.84,0.0,156.0
16102,40.74,12.22,0.0,122.22
16103,150.13,-82.19,0.47,300.26
16104,102.42,48.06,0.0,614.52
16105,22.26,9.99,0.0,22.26
16106,122.49,-58.83,0.5,244.98
16107,79.8,14.34,0.0,79.8
16108,117.23,36.41,0.1,234.46
16109,23.55,1.18,0.0,117.75
16110,61.22,-46.73,0.5,428.53999999999996
16111,2.48,1.17,0.0,4.96
16112,63.52,14.6,0.0,127.04
16113,45.48,10.44,0.0,181.92
16114,123.24,34.44,0.0,492.96
16115,43.65,9.54,0.0,130.95
16116,92.34,24.0,0.0,184.68
16117,27.69,-2.67,0.17,55.38
16118,55.24,-55.26,0.6,276.2
16119,68.74,4.26,0.2,549.92
16120,97.92,46.98,0.0,293.76
16121,124.29,42.24,0.0,124.29
16122,158.76,72.99,0.0,476.28
16123,22.47,0.0,0.0,22.47
16124,75.89,-36.07,0.6,455.34000000000003
16125,59.66,20.78,0.17,238.64
16126,71.28,1.92,0.0,570.24
16127,33.12,5.58,0.0,99.35999999999999
16128,110.59,9.07,0.4,995.3100000000001
16129,79.37,-85.33,0.6,79.37
16130,40.66,6.5,0.2,284.62
16131,181.7,18.14,0.2,363.4
16132,215.98,-2.7,0.2,647.9399999999999
16133,265.48,-111.5,0.5,265.48
16134,137.62,60.55,0.0,275.24
16135,87.3,2.55,0.0,436.5
16136,83.09,-41.59,0.6,498.54
16137,42.38,-3.76,0.2,127.14000000000001
16138,88.16,31.68,0.0,705.28
16139,51.28,16.4,0.0,205.12
16140,51.84,7.77,0.0,51.84
16141,24.03,-0.6,0.2,48.06
16142,73.87,22.15,0.2,221.61
16143,53.66,2.21,0.27,268.29999999999995
16144,473.31,113.4,0.0,4259.79
16145,75.9,1.5,0.0,379.5
16146,84.78,17.73,0.0,254.34
16147,83.48,-81.49,0.6,250.44
16148,96.84,31.92,0.0,193.68
16149,180.36,10.8,0.0,721.44
16150,79.11,32.4,0.0,237.32999999999998
16151,326.65,39.92,0.1,979.9499999999999
16152,479.95,89.99,0.2,2879.7
16153,22.32,1.76,0.0,44.64
16154,90.11,4.47,0.2,180.22
16155,17.11,2.55,0.4,34.22
16156,73.2,24.75,0.0,366.0
16157,201.43,67.98,0.2,604.29
16158,96.84,26.1,0.0,193.68
16159,6.16,1.97,0.0,12.32
16160,0.85,-0.6,0.7,0.85
16161,47.88,9.09,0.0,143.64000000000001
16162,90.24,15.33,0.0,90.24
16163,66.45,33.15,0.0,332.25
16164,59.52,-41.67,0.7,59.52
16165,220.96,24.86,0.2,220.96
16166,36.62,13.73,0.2,109.85999999999999
16167,70.92,-104.76,0.6,425.52
16168,66.42,16.59,0.0,66.42
16169,37.17,-34.23,0.5,74.34
16170,78.84,18.12,0.0,236.52
16171,51.66,22.68,0.0,154.98
16172,60.39,6.03,0.0,181.17000000000002
16173,56.61,6.51,0.4,283.05
16174,98.17,3.13,0.4,589.02
16175,136.12,25.86,0.0,136.12
16176,387.99,182.36,0.0,387.99
16177,120.33,31.29,0.0,120.33
16178,63.36,31.68,0.0,190.07999999999998
16179,93.02,3.72,0.0,186.04
16180,88.75,11.09,0.2,266.25
16181,205.08,27.32,0.4,410.16
16182,38.82,19.41,0.0,232.92000000000002
16183,83.79,30.15,0.0,251.37
16184,51.28,16.4,0.0,205.12
16185,153.63,40.95,0.1,153.63
16186,58.95,-11.37,0.27,235.8
16187,291.17,-14.56,0.2,1164.68
16188,95.8,-156.56,0.7,383.2
16189,55.65,13.8,0.0,278.25
16190,62.72,12.52,0.0,125.44
16191,115.64,0.0,0.0,115.64
16192,66.91,14.08,0.1,200.73
16193,40.83,6.51,0.0,40.83
16194,61.44,-24.6,0.5,245.76
16195,191.97,28.8,0.2,767.88
16196,205.16,13.68,0.1,410.32
16197,65.04,9.0,0.0,260.16
16198,94.2,45.21,0.0,94.2
16199,14.73,7.22,0.0,44.19
16200,82.08,24.48,0.0,492.48
16201,13.44,6.59,0.0,40.32
16202,128.74,-151.34,0.6,514.96
16203,57.6,25.92,0.0,115.2
16204,26.76,6.42,0.0,53.52
16205,106.08,-9.28,0.2,636.48
16206,79.72,-108.98,0.7,159.44
16207,96.96,42.66,0.0,290.88
16208,38.62,15.82,0.0,38.62
16209,87.03,-15.75,0.5,522.1800000000001
16210,204.85,57.36,0.0,1024.25
16211,41.72,14.56,0.0,292.03999999999996
16212,30.48,-25.02,0.5,60.96
16213,95.99,9.6,0.2,95.99
16214,82.8,6.62,0.0,993.5999999999999
16215,80.1,-1.62,0.5,480.59999999999997
16216,114.14,-32.42,0.4,456.56
16217,100.92,44.4,0.0,302.76
16218,50.05,12.45,0.2,400.4
16219,53.9,-21.43,0.47,161.7
16220,88.2,6.96,0.0,352.8
16221,111.89,-54.19,0.4,447.56
16222,11.68,3.5,0.0,23.36
16223,34.02,6.12,0.0,102.06
16224,97.2,0.0,0.0,486.0
16225,85.92,32.64,0.0,85.92
16226,13.84,-22.14,0.8,55.36
16227,100.44,42.18,0.0,200.88
16228,114.66,46.98,0.0,229.32
16229,53.55,4.23,0.0,160.64999999999998
16230,59.1,7.08,0.0,118.2
16231,46.8,2.76,0.0,93.6
16232,48.0,5.76,0.0,96.0
16233,175.56,-28.59,0.2,877.8
16234,142.88,44.42,0.1,285.76
16235,78.3,13.3,0.0,391.5
16236,8.32,2.81,0.2,41.6
16237,1819.86,163.79,0.0,25478.039999999997
16238,79.92,37.44,0.0,959.04
16239,24.72,4.92,0.0,49.44
16240,1099.96,285.99,0.0,4399.84
16241,47.4,5.67,0.0,47.4
16242,33.5,6.7,0.0,167.5
16243,84.06,4.14,0.0,756.54
16244,407.98,132.59,0.2,1223.94
16245,52.92,16.92,0.0,211.68
16246,75.96,16.71,0.0,75.96
16247,61.68,18.48,0.0,61.68
16248,121.8,7.2,0.0,609.0
16249,324.9,38.99,0.0,1624.5
16250,74.25,12.3,0.1,371.25
16251,69.52,19.47,0.0,139.04
16252,71.85,31.59,0.0,71.85
16253,199.9,39.98,0.0,999.5
16254,150.61,65.23,0.1,301.22
16255,99.0,2.88,0.0,594.0
16256,73.2,26.32,0.0,292.8
16257,106.05,49.84,0.0,742.35
16258,131.85,54.0,0.0,659.25
16259,93.84,20.64,0.0,187.68
16260,97.44,38.88,0.0,389.76
16261,47.49,3.78,0.0,47.49
16262,12.78,5.24,0.0,38.339999999999996
16263,32.74,-9.02,0.45,130.96
16264,80.58,9.66,0.0,161.16
16265,80.28,19.26,0.0,481.68
16266,54.9,18.53,0.2,109.8
16267,63.2,-74.32,0.6,252.8
16268,131.85,35.55,0.0,659.25
16269,22.05,7.92,0.0,66.15
16270,35.17,9.67,0.2,246.19
16271,121.54,-164.12,0.6,243.08
16272,268.32,24.12,0.0,536.64
16273,36.24,11.33,0.2,181.20000000000002
16274,87.72,41.22,0.0,263.15999999999997
16275,62.4,8.58,0.2,187.2
16276,55.44,3.68,0.4,221.76
16277,155.14,-258.68,0.7,930.8399999999999
16278,52.42,-29.69,0.47,366.94
16279,21.88,6.29,0.2,109.39999999999999
16280,8.56,3.85,0.0,17.12
16281,1889.99,-2929.48,0.8,9449.95
16282,579.3,28.97,0.0,2896.5
16283,49.0,21.04,0.0,98.0
16284,232.32,85.92,0.0,464.64
16285,111.06,24.42,0.0,333.18
16286,84.36,41.28,0.0,337.44
16287,50.16,17.04,0.0,50.16
16288,141.12,6.93,0.0,987.84
16289,43.56,15.25,0.0,87.12
16290,364.95,-248.17,0.5,1824.75
16291,99.96,46.98,0.0,199.92
16292,55.14,17.07,0.0,55.14
16293,97.02,31.02,0.0,194.04
16294,96.0,31.68,0.0,192.0
16295,74.55,12.66,0.0,74.55
16296,95.69,14.33,0.4,287.07
16297,102.54,13.32,0.0,307.62
16298,84.84,22.91,0.0,254.52
16299,144.42,23.1,0.0,144.42
16300,79.37,-29.11,0.4,79.37
16301,88.25,-20.62,0.4,88.25
16302,95.22,18.06,0.0,190.44
16303,52.74,21.6,0.0,105.48
16304,95.84,34.74,0.2,383.36
16305,107.1,0.0,0.0,535.5
16306,18.37,5.97,0.2,73.48
16307,93.18,13.92,0.0,186.36
16308,102.54,35.88,0.0,205.08
16309,1214.85,352.31,0.0,3644.5499999999997
16310,177.3,86.76,0.0,1063.8000000000002
16311,126.69,-25.95,0.17,380.07
16312,1265.85,556.97,0.0,3797.5499999999997
16313,294.3,135.36,0.0,588.6
16314,191.82,74.81,0.0,575.46
16315,302.38,22.68,0.2,907.14
16316,117.72,-156.96,0.7,235.44
16317,48.45,0.0,0.0,48.45
16318,206.4,92.88,0.0,206.4
16319,39.6,-33.3,0.5,198.0
16320,107.94,36.66,0.0,215.88
16321,579.14,-28.96,0.2,2316.56
16322,393.25,129.77,0.0,1966.25
16323,229.5,20.52,0.0,1377.0
16324,65.16,11.7,0.0,390.96
16325,153.66,63.12,0.1,460.98
16326,334.77,108.8,0.2,2343.39
16327,117.18,13.86,0.0,820.26
16328,108.99,45.57,0.0,762.93
16329,77.28,-18.04,0.4,154.56
16330,127.92,23.01,0.0,127.92
16331,35.48,13.34,0.1,106.44
16332,198.72,93.36,0.0,1589.76
16333,705.07,-132.23,0.2,2115.21
16334,244.5,48.9,0.0,489.0
16335,150.93,4.5,0.0,452.79
16336,181.88,-222.82,0.6,181.88
16337,98.06,-23.54,0.5,294.18
16338,31.36,15.68,0.0,125.44
16339,194.35,-43.73,0.2,583.05
16340,308.72,82.28,0.1,617.44
16341,47.08,-6.29,0.47,141.24
16342,89.5,-1.14,0.2,179.0
16343,78.48,-51.02,0.4,78.48
16344,88.1,34.3,0.0,440.5
16345,101.76,0.0,0.0,203.52
16346,317.4,45.87,0.17,952.1999999999999
16347,123.6,54.3,0.0,618.0
16348,29.57,-23.9,0.5,266.13
16349,58.98,7.62,0.0,117.96
16350,137.21,-89.23,0.6,274.42
16351,68.67,10.98,0.0,206.01
16352,11.61,-9.29,0.7,23.22
16353,54.18,8.1,0.0,162.54
16354,110.1,8.79,0.0,110.1
16355,49.85,-47.41,0.6,99.7
16356,95.88,1.8,0.0,383.52
16357,123.07,-151.79,0.7,123.07
16358,619.15,69.65,0.2,3714.8999999999996
16359,90.63,6.3,0.0,271.89
16360,91.98,4.5,0.0,551.88
16361,102.54,13.66,0.4,102.54
16362,302.38,22.68,0.2,907.14
16363,118.67,-6.74,0.1,593.35
16364,70.37,26.39,0.2,281.48
16365,40.1,-39.16,0.6,80.2
16366,101.83,-106.94,0.6,101.83
16367,360.38,93.7,0.0,720.76
16368,86.04,-97.56,0.7,172.08
16369,259.9,-56.31,0.4,519.8
16370,60.98,-51.82,0.47,304.9
16371,45.69,7.29,0.0,45.69
16372,66.45,1.95,0.0,332.25
16373,56.76,11.88,0.0,227.04
16374,146.79,73.35,0.0,440.37
16375,11.65,3.38,0.0,58.25
16376,147.89,-91.21,0.4,295.78
16377,169.92,73.02,0.0,339.84
16378,78.66,33.0,0.0,157.32
16379,125.22,37.56,0.0,250.44
16380,197.49,17.76,0.0,197.49
16381,52.86,-6.42,0.5,211.44
16382,228.78,11.4,0.0,686.34
16383,100.74,9.06,0.0,201.48
16384,82.35,-52.74,0.5,247.04999999999998
16385,200.88,62.16,0.0,803.52
16386,29.7,8.02,0.0,89.1
16387,108.63,1.95,0.47,434.52
16388,85.14,39.96,0.0,170.28
16389,156.74,-195.94,0.6,313.48
16390,72.0,2.88,0.0,432.0
16391,39.68,10.32,0.0,79.36
16392,117.6,24.6,0.0,470.4
16393,87.46,-8.78,0.2,262.38
16394,39.42,-7.38,0.4,236.52
16395,262.14,23.58,0.0,262.14
16396,228.74,10.13,0.1,686.22
16397,35.76,10.01,0.0,429.12
16398,24.59,-18.03,0.7,49.18
16399,67.72,1.32,0.0,135.44
16400,108.48,41.22,0.0,216.96
16401,65.28,30.48,0.0,522.24
16402,63.65,10.99,0.202,63.65
16403,59.1,20.64,0.0,177.3
16404,54.66,20.22,0.0,163.98
16405,71.4,-58.56,0.5,71.4
16406,40.38,13.32,0.0,80.76
16407,86.26,-81.98,0.6,345.04
16408,50.46,13.08,0.0,100.92
16409,48.87,14.16,0.0,48.87
16410,71.28,22.77,0.0,213.84
16411,80.23,-62.15,0.47,481.38
16412,54.71,-74.8,0.7,54.71
16413,97.8,13.68,0.0,391.2
16414,110.59,-2.57,0.1,442.36
16415,20.25,-0.45,0.1,40.5
16416,73.2,21.23,0.0,366.0
16417,13.89,4.58,0.0,41.67
16418,84.9,32.25,0.0,424.5
16419,78.66,34.56,0.0,471.96
16420,115.68,0.0,0.0,347.04
16421,82.8,-11.04,0.4,496.79999999999995
16422,114.32,-5.8,0.4,800.24
16423,82.26,18.08,0.0,82.26
16424,407.13,28.59,0.15,2442.7799999999997
16425,47.04,21.0,0.0,329.28
16426,51.9,10.8,0.0,259.5
16427,97.84,25.44,0.0,195.68
16428,85.05,19.8,0.1,425.25
16429,75.28,6.0,0.0,301.12
16430,63.49,9.49,0.2,253.96
16431,17.5,-7.44,0.6,157.5
16432,569.54,64.07,0.2,2278.16
16433,32.22,10.62,0.0,64.44
16434,45.72,-4.59,0.2,137.16
16435,98.3,26.5,0.0,491.5
16436,108.36,28.68,0.17,216.72
16437,101.46,32.46,0.0,202.92
16438,433.57,-65.04,0.2,867.14
16439,55.98,27.96,0.0,111.96
16440,209.93,92.37,0.0,1469.51
16441,671.93,20.16,0.0,4703.509999999999
16442,71.36,24.56,0.1,214.07999999999998
16443,126.72,47.52,0.2,760.3199999999999
16444,107.86,-21.64,0.2,755.02
16445,280.92,50.56,0.0,561.84
16446,84.38,33.68,0.1,421.9
16447,78.31,-172.28,0.7,78.31
16448,15.7,5.1,0.2,47.099999999999994
16449,8.56,3.85,0.0,17.12
16450,114.84,22.86,0.0,689.04
16451,0.88,-1.4,0.8,0.88
16452,503.96,50.4,0.2,2519.7999999999997
16453,100.02,15.96,0.0,200.04
16454,121.14,58.14,0.0,726.84
16455,84.32,12.64,0.0,337.28
16456,86.04,36.96,0.0,258.12
16457,130.48,26.08,0.0,521.92
16458,157.59,28.35,0.0,472.77
16459,140.94,23.94,0.0,281.88
16460,370.14,144.35,0.0,1110.42
16461,81.0,-24.3,0.4,405.0
16462,37.44,-11.88,0.4,112.32
16463,90.41,-210.97,0.7,90.41
16464,88.67,10.79,0.1,177.34
16465,111.72,41.16,0.0,782.04
16466,45.6,19.95,0.0,228.0
16467,72.66,-27.66,0.5,145.32
16468,450.12,139.98,0.1,1350.3600000000001
16469,475.94,59.49,0.2,3331.58
16470,88.47,37.98,0.0,265.40999999999997
16471,88.47,18.54,0.0,265.40999999999997
16472,842.38,105.3,0.2,2527.14
16473,121.23,8.37,0.0,1091.07
16474,36.9,13.95,0.0,110.69999999999999
16475,201.84,3.96,0.0,807.36
16476,91.48,-1.83,0.5,91.48
16477,73.08,4.32,0.0,219.24
16478,42.12,6.24,0.0,252.71999999999997
16479,46.17,8.07,0.1,230.85000000000002
16480,252.71,113.43,0.002,252.71
16481,92.12,39.48,0.0,644.84
16482,191.98,24.0,0.2,575.9399999999999
16483,59.94,3.24,0.1,299.7
16484,167.86,78.89,0.0,335.72
16485,147.67,-81.29,0.6,443.01
16486,77.34,20.46,0.17,154.68
16487,101.21,-45.55,0.6,202.42
16488,38.77,8.35,0.17,116.31
16489,73.41,-30.84,0.5,73.41
16490,84.67,-20.15,0.2,254.01
16491,193.41,24.77,0.002,386.82
16492,232.62,-131.88,0.4,1163.1
16493,150.57,-48.24,0.5,451.71
16494,116.25,32.55,0.0,116.25
16495,464.64,171.84,0.0,1858.56
16496,105.48,43.2,0.0,421.92
16497,104.88,42.99,0.0,104.88
16498,139.58,39.08,0.0,977.0600000000001
16499,65.59,-44.33,0.6,131.18
16500,90.36,17.1,0.0,271.08
16501,20.99,2.36,0.2,167.92
16502,158.42,2.48,0.37,316.84
16503,101.46,32.46,0.0,202.92
16504,4.62,1.73,0.2,4.62
16505,111.96,54.86,0.0,223.92
16506,145.85,70.01,0.0,729.25
16507,90.99,0.99,0.1,181.98
16508,59.82,12.54,0.0,59.82
16509,63.24,0.6,0.0,126.48
16510,61.96,27.88,0.0,123.92
16511,35.1,-18.2,0.4,175.5
16512,39.36,6.24,0.0,78.72
16513,88.11,44.01,0.0,264.33
16514,54.18,21.66,0.0,108.36
16515,47.64,23.34,0.0,47.64
16516,165.39,72.55,0.002,330.78
16517,43.74,7.26,0.4,131.22
16518,89.55,20.52,0.0,268.65
16519,118.58,13.94,0.15,118.58
16520,31.4,13.19,0.0,157.0
16521,34.2,8.16,0.0,68.4
16522,66.68,-36.7,0.6,66.68
16523,54.66,2.16,0.0,109.32
16524,44.96,12.08,0.0,179.84
16525,53.52,20.28,0.0,214.08
16526,67.2,24.84,0.0,268.8
16527,48.45,0.0,0.0,48.45
16528,59.4,24.9,0.0,118.8
16529,227.7,52.3,0.0,1138.5
16530,105.72,27.72,0.2,528.6
16531,81.99,27.03,0.0,81.99
16532,29.08,-3.23,0.1,87.24
16533,62.8,7.52,0.0,125.6
16534,62.56,24.96,0.0,500.48
16535,99.54,-43.86,0.5,398.16
16536,101.95,-17.03,0.4,203.9
16537,86.52,-106.02,0.6,173.04
16538,79.2,31.68,0.0,633.6
16539,65.7,16.35,0.0,328.5
16540,72.96,6.56,0.0,583.68
16541,50.52,14.64,0.0,50.52
16542,149.45,-41.9,0.25,448.34999999999997
16543,52.92,24.33,0.0,52.92
16544,48.96,6.84,0.0,293.76
16545,370.62,-142.07,0.4,1111.8600000000001
16546,82.04,-32.68,0.47,656.32
16547,72.54,19.56,0.0,217.62
16548,90.84,39.06,0.0,272.52
16549,556.67,6.55,0.15,2783.35
16550,67.75,-16.97,0.4,135.5
16551,239.98,24.0,0.2,479.96
16552,331.02,-114.35,0.45,2317.14
16553,344.94,31.04,0.0,1034.82
16554,162.06,40.5,0.0,486.18
16555,70.1,-71.86,0.6,140.2
16556,454.24,127.12,0.0,1816.96
16557,75.42,27.9,0.0,678.78
16558,103.2,49.5,0.0,206.4
16559,39.4,6.68,0.0,78.8
16560,103.08,26.76,0.0,309.24
16561,122.28,-149.82,0.6,611.4
16562,94.02,12.18,0.0,282.06
16563,59.58,26.73,0.0,178.74
16564,47.7,19.98,0.0,95.4
16565,54.54,18.18,0.1,109.08
16566,85.23,16.11,0.0,255.69
16567,82.2,10.65,0.0,411.0
16568,415.18,134.93,0.2,1245.54
16569,62.58,13.65,0.0,438.06
16570,333.06,29.14,0.2,666.12
16571,35.76,9.6,0.0,71.52
16572,50.8,11.5,0.17,254.0
16573,114.8,19.44,0.0,459.2
16574,60.01,-25.01,0.4,180.03
16575,113.52,-66.24,0.4,227.04
16576,61.32,9.66,0.0,429.24
16577,72.36,20.16,0.0,434.15999999999997
16578,94.38,33.96,0.0,188.76
16579,92.64,24.06,0.0,185.28
16580,56.64,20.88,0.0,226.56
16581,74.97,-4.5,0.5,224.91
16582,110.76,8.76,0.0,443.04
16583,82.8,-57.96,0.6,745.1999999999999
16584,94.35,23.55,0.0,471.75
16585,43.01,-39.79,0.6,172.04
16586,110.7,17.7,0.0,221.4
16587,28.98,9.54,0.0,57.96
16588,10.53,3.29,0.2,42.12
16589,151.2,33.12,0.0,907.1999999999999
16590,42.92,16.28,0.0,85.84
16591,75.78,0.0,0.0,454.68
16592,79.88,-31.96,0.4,159.76
16593,304.2,5.94,0.0,1825.1999999999998
16594,100.8,5.04,0.0,705.6
16595,141.33,46.62,0.0,989.3100000000001
16596,133.5,37.35,0.0,667.5
16597,248.22,96.78,0.0,496.44
16598,73.53,29.34,0.0,220.59
16599,225.3,22.53,0.2,450.6
16600,70.92,1.08,0.4,283.68
16601,30.2,-64.48,0.7,60.4
16602,79.62,22.26,0.0,238.86
16603,85.63,15.27,0.002,85.63
16604,159.3,3.98,0.2,318.6
16605,137.16,0.0,0.0,137.16
16606,110.7,12.12,0.0,221.4
16607,44.52,7.56,0.0,89.04
16608,33.45,15.39,0.0,167.25
16609,1454.49,378.17,0.0,13090.41
16610,1325.85,238.65,0.0,6629.25
16611,66.6,3.96,0.0,399.59999999999997
16612,123.12,20.88,0.0,369.36
16613,1268.82,266.45,0.0,11419.38
16614,288.0,57.6,0.2,1152.0
16615,119.1,0.0,0.0,595.5
16616,115.14,11.51,0.2,921.12
16617,341.46,30.72,0.0,682.92
16618,99.0,2.88,0.0,594.0
16619,113.88,34.14,0.0,227.76
16620,141.55,-26.54,0.2,424.65000000000003
16621,154.9,69.71,0.0,774.5
16622,183.95,81.71,0.1,551.8499999999999
16623,30.98,5.03,0.2,247.84
16624,84.77,-125.11,0.6,339.08
16625,43.86,20.61,0.0,263.15999999999997
16626,96.36,18.24,0.0,385.44
16627,57.3,21.75,0.0,286.5
16628,5083.96,1906.49,0.2,25419.8
16629,100.68,6.0,0.0,201.36
16630,119.04,7.08,0.0,476.16
16631,140.76,30.96,0.0,422.28
16632,24.09,4.56,0.0,24.09
16633,14.2,3.37,0.2,14.2
16634,63.9,23.64,0.0,127.8
16635,54.32,0.56,0.2,380.24
16636,109.8,17.52,0.0,439.2
16637,278.42,24.74,0.1,556.84
16638,52.95,-9.0,0.47,264.75
16639,2405.2,793.72,0.0,19241.6
16640,90.84,25.38,0.0,181.68
16641,73.23,-8.07,0.27,146.46
16642,69.26,-22.54,0.6,277.04
16643,150.07,-16.67,0.1,1050.49
16644,825.17,-117.88,0.3,7426.53
16645,66.12,29.64,0.0,264.48
16646,163.8,24.57,0.0,1146.6000000000001
16647,137.71,18.91,0.2,413.13
16648,143.91,25.83,0.0,431.73
16649,98.1,-140.64,0.7,196.2
16650,128.37,55.17,0.0,128.37
16651,213.71,-0.05,0.1,1068.55
16652,103.62,37.26,0.0,207.24
16653,150.61,-37.67,0.4,451.83000000000004
16654,32.04,1.26,0.0,64.08
16655,74.52,5.94,0.0,74.52
16656,48.0,15.84,0.0,48.0
16657,97.74,33.18,0.0,195.48
16658,78.44,16.44,0.0,156.88
16659,129.04,5.12,0.0,516.16
16660,19.75,6.91,0.2,59.25
16661,143.77,-70.61,0.47,862.6200000000001
16662,131.28,-96.3,0.7,131.28
16663,59.22,24.24,0.0,118.44
16664,74.16,14.76,0.0,444.96
16665,70.74,33.24,0.0,212.21999999999997
16666,132.03,47.52,0.0,396.09000000000003
16667,105.96,1.02,0.0,211.92
16668,109.08,18.48,0.0,436.32
16669,74.91,-70.44,0.5,74.91
16670,56.89,-7.37,0.15,56.89
16671,55.52,27.76,0.0,222.08
16672,65.34,9.78,0.0,196.02
16673,39.48,15.36,0.0,78.96
16674,38.86,7.77,0.2,272.02
16675,171.36,-48.09,0.5,1199.52
16676,81.9,0.0,0.4,409.5
16677,53.55,-43.95,0.5,160.64999999999998
16678,190.94,-6.52,0.4,1145.6399999999999
16679,9.64,3.66,0.0,19.28
16680,122.5,-174.56,0.6,245.0
16681,56.11,2.47,0.1,112.22
16682,10.16,3.45,0.0,20.32
16683,1496.16,224.42,0.0,13465.44
16684,31.08,-10.68,0.5,124.32
16685,65.48,23.56,0.0,130.96
16686,46.6,0.0,0.0,466.0
16687,195.2,44.88,0.0,780.8
16688,76.13,-104.71,0.6,304.52
16689,139.5,34.86,0.0,139.5
16690,59.36,14.14,0.0,415.52
16691,100.8,31.2,0.0,403.2
16692,86.7,35.5,0.0,433.5
16693,123.36,36.96,0.0,246.72
16694,336.72,63.84,0.0,2693.76
16695,134.16,12.06,0.0,134.16
16696,83.79,9.18,0.0,251.37
16697,131.87,5.81,0.1,263.74
16698,34.74,11.43,0.0,104.22
16699,139.23,65.43,0.0,417.68999999999994
16700,84.69,0.0,0.0,254.07
16701,113.46,28.32,0.0,226.92
16702,74.2,19.2,0.0,371.0
16703,19.33,-4.25,0.4,57.989999999999995
16704,30.77,-13.93,0.47,153.85
16705,23.84,5.81,0.1,23.84
16706,92.64,44.4,0.0,370.56
16707,81.69,4.89,0.0,81.69
16708,3.91,1.03,0.2,3.91
16709,1799.97,701.99,0.0,5399.91
16710,100.26,42.06,0.0,300.78000000000003
16711,95.97,-73.58,0.7,479.85
16712,50.0,21.44,0.0,200.0
16713,61.02,0.61,0.0,183.06
16714,108.59,28.94,0.1,108.59
16715,118.65,19.78,0.4,593.25
16716,115.02,0.0,0.0,115.02
16717,50.44,-95.84,0.7,50.44
16718,198.66,11.76,0.0,1390.62
16719,258.0,110.85,0.0,1290.0
16720,41.66,4.14,0.2,166.64
16721,101.39,-149.56,0.6,101.39
16722,100.26,21.0,0.0,200.52
16723,215.97,18.9,0.2,431.94
16724,97.74,28.32,0.0,195.48
16725,101.76,46.8,0.0,203.52
16726,160.22,54.02,0.2,480.65999999999997
16727,88.26,44.1,0.0,264.78000000000003
16728,332.94,9.99,0.0,998.8199999999999
16729,50.44,-54.23,0.6,50.44
16730,122.58,42.9,0.0,245.16
16731,97.86,48.93,0.0,685.02
16732,109.95,25.2,0.0,549.75
16733,69.78,11.16,0.0,209.34
16734,107.78,-13.01,0.5,323.34000000000003
16735,99.72,0.0,0.0,199.44
16736,355.32,99.49,0.0,3197.88
16737,187.02,-27.18,0.17,1309.14
16738,109.92,53.86,0.0,219.84
16739,30.56,10.39,0.0,61.12
16740,49.86,0.0,0.0,49.86
16741,44.96,0.74,0.4,44.96
16742,94.72,37.88,0.0,94.72
16743,86.59,18.91,0.27,519.54
16744,102.72,-63.72,0.5,410.88
16745,56.46,0.0,0.0,112.92
16746,53.97,-28.14,0.5,377.78999999999996
16747,43.47,2.16,0.0,43.47
16748,163.62,78.48,0.0,490.86
16749,102.9,12.3,0.0,205.8
16750,87.97,23.41,0.1,175.94
16751,85.68,-174.24,0.7,171.36
16752,47.41,19.45,0.1,94.82
16753,105.84,-37.08,0.6,211.68
16754,23.47,4.99,0.2,70.41
16755,84.08,23.24,0.1,504.48
16756,119.88,57.42,0.0,719.28
16757,59.22,20.7,0.0,118.44
16758,27.94,-8.86,0.4,111.76
16759,106.32,42.48,0.0,318.96
16760,126.35,-161.11,0.6,126.35
16761,90.67,-13.64,0.4,272.01
16762,538.44,252.96,0.0,2153.76
16763,95.5,-21.68,0.47,573.0
16764,934.96,-249.32,0.4,5609.76
16765,90.96,20.88,0.0,727.68
16766,108.96,36.96,0.0,871.68
16767,60.6,27.84,0.0,121.2
16768,162.86,68.66,0.1,651.44
16769,104.36,-173.98,0.7,208.72
16770,114.21,41.85,0.1,114.21
16771,95.28,31.44,0.0,190.56
16772,751.98,84.6,0.2,1503.96
16773,62.61,18.78,0.0,62.61
16774,86.04,26.64,0.0,258.12
16775,20.04,5.6,0.0,40.08
16776,86.25,-46.65,0.5,431.25
16777,110.78,-110.8,0.6,221.56
16778,98.4,42.3,0.0,196.8
16779,134.7,61.95,0.0,673.5
16780,88.02,-5.88,0.4,264.06
16781,265.93,63.82,0.0,1861.51
16782,65.6,14.4,0.0,131.2
16783,50.58,7.08,0.0,101.16
16784,109.08,52.32,0.0,218.16
16785,124.41,9.93,0.0,124.41
16786,50.95,20.89,0.1,152.85000000000002
16787,244.98,63.66,0.0,489.96
16788,66.48,10.56,0.0,265.92
16789,71.34,-51.3,0.47,499.38
16790,118.8,53.4,0.0,475.2
16791,54.12,15.12,0.0,108.24
16792,90.23,-147.55,0.7,541.38
16793,103.57,-134.69,0.7,207.14
16794,1999.96,624.99,0.2,9999.8
16795,55.14,10.47,0.0,55.14
16796,44.94,0.0,0.0,89.88
16797,31.1,10.89,0.2,186.60000000000002
16798,27.3,-44.61,0.7,27.3
16799,80.1,3.96,0.0,160.2
16800,105.3,46.32,0.0,210.6
16801,120.72,12.06,0.1,120.72
16802,148.5,48.96,0.0,445.5
16803,97.5,39.0,0.0,487.5
16804,106.56,53.28,0.0,213.12
16805,75.6,-54.45,0.5,226.79999999999998
16806,116.34,-157.11,0.6,581.7
16807,99.54,32.76,0.0,597.24
16808,73.5,14.7,0.0,367.5
16809,315.98,49.13,0.1,947.94
16810,87.91,-161.21,0.7,351.64
16811,27.12,-4.75,0.2,54.24
16812,56.16,17.55,0.2,336.96
16813,9.66,3.26,0.2,19.32
16814,43.56,7.8,0.0,130.68
16815,52.74,-35.16,0.4,158.22
16816,183.92,51.48,0.0,367.84
16817,132.72,2.52,0.0,929.04
16818,87.3,7.8,0.0,174.6
16819,94.9,7.9,0.4,379.6
16820,44.28,13.68,0.0,177.12
16821,56.76,2.82,0.0,113.52
16822,124.01,-2.77,0.1,124.01
16823,136.73,-6.1,0.1,136.73
16824,58.18,-68.36,0.6,174.54
16825,59.14,3.7,0.2,118.28
16826,203.14,89.32,0.0,1421.98
16827,76.91,-79.49,0.7,76.91
16828,25.92,12.44,0.0,103.68
16829,58.65,25.2,0.0,293.25
16830,108.66,2.16,0.0,108.66
16831,51.72,1.44,0.0,206.88
16832,55.86,25.68,0.0,167.57999999999998
16833,97.2,-38.88,0.4,388.8
16834,92.64,24.06,0.0,185.28
16835,180.25,50.05,0.1,360.5
16836,125.22,37.56,0.0,250.44
16837,109.79,-31.21,0.47,548.95
16838,109.52,43.76,0.0,438.08
16839,1117.92,55.9,0.0,4471.68
16840,174.96,50.58,0.0,1049.76
16841,271.76,48.31,0.1,543.52
16842,79.51,20.87,0.2,238.53000000000003
16843,29.01,11.88,0.0,29.01
16844,71.98,15.12,0.0,143.96
16845,157.28,35.92,0.002,314.56
16846,189.76,35.83,0.1,1328.32
16847,77.54,14.42,0.25,155.08
16848,100.2,6.0,0.0,400.8
16849,81.18,19.44,0.0,243.54000000000002
16850,143.05,34.87,0.1,858.3000000000001
16851,63.92,19.18,0.2,127.84
16852,66.33,11.88,0.0,198.99
16853,66.68,-36.7,0.6,66.68
16854,57.75,24.78,0.0,404.25
16855,103.56,32.1,0.0,207.12
16856,54.44,-33.94,0.47,108.88
16857,69.84,2.04,0.0,279.36
16858,13.9,4.52,0.2,27.8
16859,67.0,-32.2,0.5,268.0
16860,176.88,70.74,0.0,353.76
16861,129.0,20.64,0.0,129.0
16862,3.98,1.39,0.2,3.98
16863,111.84,16.68,0.0,447.36
16864,195.64,3.91,0.0,782.56
16865,39.98,17.99,0.0,39.98
16866,58.98,12.36,0.0,117.96
16867,52.92,3.66,0.0,158.76
16868,66.87,28.71,0.0,200.61
16869,47.7,3.3,0.0,95.4
16870,54.18,24.36,0.0,108.36
16871,40.59,-1.47,0.17,81.18
16872,25.11,6.53,0.0,75.33
16873,44.03,-60.19,0.7,44.03
16874,118.8,56.88,0.0,1069.2
16875,40.36,2.4,0.0,80.72
16876,119.16,15.48,0.0,714.96
16877,52.7,-8.58,0.2,105.4
16878,205.08,71.76,0.0,820.32
16879,41.16,-8.24,0.4,205.79999999999998
16880,112.8,46.08,0.0,902.4
16881,170.1,39.6,0.1,850.5
16882,80.24,10.58,0.4,481.43999999999994
16883,73.65,-63.36,0.5,73.65
16884,96.95,-89.25,0.5,484.75
16885,182.75,-89.83,0.47,1279.25
16886,149.93,24.92,0.1,449.79
16887,48.33,1.92,0.0,48.33
16888,117.13,-3.92,0.1,117.13
16889,22.0,9.68,0.0,220.0
16890,56.3,-18.82,0.4,112.6
16891,95.28,21.9,0.0,285.84000000000003
16892,112.92,12.42,0.0,338.76
16893,96.12,32.64,0.0,576.72
16894,50.04,18.99,0.0,150.12
16895,152.65,-152.66,0.6,152.65
16896,10499.97,5039.99,0.0,31499.909999999996
16897,139.97,-108.79,0.6,1679.6399999999999
16898,119.88,50.58,0.1,719.28
16899,81.27,-67.83,0.7,1137.78
16900,67.08,10.04,0.0,134.16
16901,95.76,35.28,0.0,574.5600000000001
16902,86.63,-83.18,0.5,433.15
16903,142.99,-95.33,0.4,1143.92
16904,28.08,5.27,0.2,84.24
16905,229.3,45.8,0.0,1146.5
16906,73.52,16.16,0.0,147.04
16907,106.2,4.2,0.0,212.4
16908,104.9,-136.48,0.6,629.4000000000001
16909,52.47,18.36,0.0,157.41
16910,885.53,-99.62,0.2,7969.7699999999995
16911,82.95,38.1,0.0,414.75
16912,86.27,25.88,0.1,258.81
16913,67.66,23.14,0.1,473.62
16914,171.36,-17.16,0.4,342.72
16915,93.06,2.7,0.0,558.36
16916,52.5,25.2,0.0,262.5
16917,78.31,-107.69,0.6,234.93
16918,54.18,27.0,0.0,325.08
16919,78.64,21.2,0.0,314.56
16920,86.99,-191.47,0.7,521.9399999999999
16921,82.26,18.08,0.0,82.26
16922,191.9,-287.86,0.7,383.8
16923,95.62,-2.3,0.17,382.48
16924,200.88,32.04,0.0,803.52
16925,120.08,34.82,0.0,120.08
16926,41.6,3.32,0.0,83.2
16927,133.02,41.22,0.0,399.06000000000006
16928,85.48,35.04,0.0,170.96
16929,54.75,22.35,0.0,273.75
16930,58.74,20.52,0.0,117.48
16931,47.52,18.45,0.0,142.56
16932,1067.94,224.27,0.0,3203.82
16933,440.91,123.45,0.0,3968.19
16934,95.52,-191.04,0.7,95.52
16935,117.6,-82.35,0.5,588.0
16936,119.52,29.76,0.0,956.16
16937,60.29,-38.71,0.47,120.58
16938,104.33,-4.66,0.1,730.31
16939,165.9,38.01,0.0,1161.3
16940,100.38,43.14,0.0,100.38
16941,124.32,3.72,0.0,372.96
16942,34.79,10.78,0.0,243.53
16943,22.58,5.87,0.0,45.16
16944,144.0,8.64,0.0,864.0
16945,122.4,-46.56,0.5,489.6
16946,399.67,-14.99,0.2,2797.69
16947,30.82,-8.22,0.4,61.64
16948,36.02,-4.22,0.4,72.04
16949,146.7,39.6,0.0,733.5
16950,78.12,24.12,0.0,468.72
16951,135.12,-45.9,0.47,270.24
16952,118.05,57.84,0.0,118.05
16953,219.3,15.3,0.0,1096.5
16954,111.93,34.7,0.0,783.51
16955,113.28,-73.64,0.4,226.56
16956,63.32,14.56,0.0,126.64
16957,41.51,-0.52,0.15,41.51
16958,145.32,-72.68,0.4,726.5999999999999
16959,75.8,11.36,0.0,151.6
16960,89.13,-184.2,0.7,89.13
16961,49.93,-34.97,0.47,249.65
16962,59.82,23.88,0.0,119.64
16963,200.34,-260.46,0.6,601.02
16964,304.38,97.38,0.0,1826.28
16965,138.54,-0.06,0.17,277.08
16966,61.02,23.76,0.0,122.04
16967,42.24,16.4,0.0,168.96
16968,85.02,5.1,0.0,255.06
16969,97.92,27.36,0.0,293.76
16970,50.1,3.0,0.0,100.2
16971,99.0,32.64,0.0,198.0
16972,73.87,5.71,0.1,147.74
16973,108.79,14.41,0.17,108.79
16974,97.26,13.56,0.0,291.78000000000003
16975,78.44,8.6,0.0,156.88
16976,723.92,-81.44,0.2,3619.6
16977,100.38,50.19,0.0,702.66
16978,97.68,11.7,0.0,195.36
16979,88.7,-4.01,0.1,443.5
16980,100.54,18.08,0.0,100.54
16981,105.06,36.72,0.0,315.18
16982,101.1,20.22,0.0,303.29999999999995
16983,63.84,23.52,0.0,255.36
16984,71.6,13.6,0.0,716.0
16985,107.07,43.89,0.0,107.07
16986,104.11,-88.55,0.6,208.22
16987,42.48,-75.06,0.7,42.48
16988,103.2,44.28,0.0,412.8
16989,15.65,5.09,0.2,31.3
16990,188.16,33.84,0.0,752.64
16991,63.84,-68.64,0.6,127.68
16992,58.52,5.18,0.0,409.64000000000004
16993,63.55,-20.13,0.4,508.4
16994,85.46,41.02,0.0,85.46
16995,70.56,27.44,0.0,493.92
16996,82.94,18.41,0.1,248.82
16997,138.24,55.08,0.0,1658.88
16998,84.78,-16.96,0.2,169.56
16999,29.91,6.27,0.0,29.91
17000,84.96,36.51,0.0,84.96
17001,38.1,17.1,0.0,190.5
17002,32.64,1.95,0.0,32.64
17003,99.83,-344.41,0.8,199.66
17004,143.52,66.0,0.0,287.04
17005,101.43,33.39,0.0,710.01
17006,94.13,-10.63,0.2,282.39
17007,184.76,40.64,0.0,369.52
17008,75.76,34.08,0.0,151.52
17009,60.54,-0.1,0.2,484.32
17010,87.03,15.66,0.0,261.09000000000003
17011,99.5,-11.06,0.1,497.5
17012,174.66,52.38,0.0,174.66
17013,78.3,28.08,0.0,469.79999999999995
17014,111.12,16.62,0.0,222.24
17015,155.7,13.95,0.0,467.09999999999997
17016,164.85,47.81,0.0,494.54999999999995
17017,123.46,38.58,0.2,493.84
17018,41.36,-30.34,0.7,41.36
17019,79.8,9.45,0.0,399.0
17020,55.18,-12.41,0.2,165.54
17021,65.42,-52.34,0.6,261.68
17022,96.42,-43.48,0.4,482.1
17023,175.7,50.82,0.0,1229.8999999999999
17024,66.6,18.6,0.0,266.4
17025,40.32,1.98,0.0,80.64
17026,74.07,-1.05,0.27,148.14
17027,53.64,13.41,0.0,53.64
17028,86.93,-126.07,0.6,173.86
17029,57.12,6.24,0.0,228.48
17030,118.24,43.68,0.0,472.96
17031,110.88,26.6,0.0,776.16
17032,40.92,-58.38,0.6,204.60000000000002
17033,119.47,-35.85,0.4,238.94
17034,58.5,11.07,0.0,175.5
17035,2799.96,944.99,0.2,13999.8
17036,64.56,10.92,0.0,258.24
17037,40.08,19.24,0.0,240.48
17038,192.06,90.18,0.0,1152.3600000000001
17039,65.2,16.28,0.0,130.4
17040,62.88,22.56,0.0,503.04
17041,46.94,-16.9,0.47,187.76
17042,19.57,-4.91,0.6,19.57
17043,299.94,128.97,0.0,1799.6399999999999
17044,896.99,-1480.03,0.8,4484.95
17045,41.28,4.95,0.0,41.28
17046,39.42,15.66,0.0,236.52
17047,39.15,8.55,0.0,195.75
17048,80.35,-3.62,0.1,241.04999999999998
17049,74.9,30.7,0.0,374.5
17050,79.2,9.48,0.0,316.8
17051,27.87,13.92,0.0,27.87
17052,362.92,105.25,0.0,725.84
17053,105.72,43.32,0.0,422.88
17054,91.44,30.12,0.0,182.88
17055,40.64,10.37,0.1,40.64
17056,86.11,-186.65,0.7,344.44
17057,60.24,11.4,0.0,120.48
17058,899.91,377.96,0.0,8099.19
17059,110.22,19.83,0.0,110.22
17060,84.48,-76.08,0.5,168.96
17061,48.7,17.5,0.0,243.5
17062,41.74,11.26,0.0,41.74
17063,30.68,-0.02,0.4,30.68
17064,41.19,19.77,0.0,41.19
17065,77.47,-64.01,0.6,309.88
17066,21.3,9.8,0.0,63.900000000000006
17067,39.6,6.66,0.0,118.80000000000001
17068,22.64,-16.6,0.7,158.48000000000002
17069,59.76,5.28,0.0,239.04
17070,56.16,8.91,0.0,168.48
17071,103.68,28.98,0.0,207.36
17072,69.6,6.24,0.0,278.4
17073,49.08,21.54,0.0,98.16
17074,28.08,0.0,0.0,84.24
17075,56.03,10.47,0.2,112.06
17076,74.48,29.04,0.0,297.92
17077,292.27,18.27,0.2,1753.62
17078,69.08,29.01,0.0,759.88
17079,70.74,4.92,0.0,141.48
17080,20.42,6.64,0.2,81.68
17081,58.68,-67.5,0.6,117.36
17082,54.56,19.64,0.0,109.12
17083,1951.84,585.55,0.0,15614.72
17084,54.58,-121.94,0.7,218.32
17085,38.52,-53.94,0.7,38.52
17086,20.93,7.59,0.2,83.72
17087,43.71,-11.37,0.5,87.42
17088,39.36,7.86,0.0,39.36
17089,14.76,4.28,0.0,29.52
17090,20.16,9.24,0.0,40.32
17091,55.8,6.6,0.0,279.0
17092,112.08,-48.78,0.47,784.56
17093,769.18,-163.45,0.2,3076.72
17094,327.56,21.84,0.1,1310.24
17095,48.3,5.79,0.0,48.3
17096,69.18,21.44,0.0,69.18
17097,24.1,11.09,0.0,120.5
17098,63.73,-21.02,0.27,318.65
17099,46.53,1.8,0.0,139.59
17100,49.6,7.44,0.0,99.2
17101,29.88,7.44,0.0,59.76
17102,17.86,1.12,0.2,71.44
17103,107.93,-81.07,0.6,647.58
17104,302.38,22.68,0.2,907.14
17105,115.83,26.4,0.0,1274.1299999999999
17106,219.08,-131.45,0.5,657.24
17107,29.76,3.27,0.0,29.76
17108,129.93,12.99,0.0,389.79
17109,124.68,17.4,0.0,498.72
17110,134.61,63.24,0.0,134.61
17111,76.08,10.62,0.0,228.24
17112,177.3,21.24,0.0,1063.8000000000002
17113,80.19,26.03,0.2,320.76
17114,131.98,35.63,0.0,263.96
17115,53.25,19.97,0.2,106.5
17116,44.16,6.6,0.0,176.64
17117,96.08,46.12,0.0,192.16
17118,117.45,-45.59,0.402,234.9
17119,104.47,6.91,0.4,626.8199999999999
17120,43.83,14.4,0.0,131.49
17121,50.7,22.8,0.0,101.4
17122,57.89,2.09,0.17,173.67000000000002
17123,97.32,21.36,0.0,194.64
17124,50.28,0.99,0.0,50.28
17125,59.04,9.9,0.0,354.24
17126,79.2,39.6,0.0,237.60000000000002
17127,51.37,-75.8,0.6,51.37
17128,64.38,24.42,0.0,128.76
17129,172.8,44.16,0.1,691.2
17130,161.6,30.44,0.002,323.2
17131,47.82,11.94,0.0,143.46
17132,67.15,16.79,0.0,335.75
17133,200.98,62.81,0.2,1406.86
17134,28.91,-4.03,0.27,86.73
17135,81.54,0.0,0.0,489.24
17136,17.4,8.16,0.0,17.4
17137,67.5,-54.0,0.5,675.0
17138,845.73,84.57,0.2,10994.49
17139,195.14,-12.2,0.2,780.56
17140,58.48,27.48,0.0,116.96
17141,52.92,3.66,0.0,158.76
17142,63.18,9.38,0.4,315.9
17143,45.02,-1.14,0.2,90.04
17144,98.46,39.36,0.0,196.92
17145,21.54,6.0,0.0,43.08
17146,40.32,16.92,0.0,241.92000000000002
17147,28.51,-42.77,0.7,114.04
17148,82.16,27.92,0.0,328.64
17149,161.1,2.6,0.4,805.5
17150,55.98,4.2,0.2,111.96
17151,46.85,18.65,0.1,234.25
17152,54.37,4.08,0.2,217.48
17153,44.78,-4.9,0.45,89.56
17154,5.9,1.99,0.2,11.8
17155,69.15,1.38,0.0,69.15
17156,64.3,12.8,0.0,321.5
17157,126.96,60.88,0.0,507.84
17158,47.16,22.16,0.0,94.32
17159,131.28,36.72,0.0,525.12
17160,28.85,14.43,0.0,144.25
17161,132.96,21.12,0.0,1063.68
17162,142.53,2.85,0.0,142.53
17163,479.99,-383.99,0.7,1919.96
17164,250.26,72.58,0.0,1501.56
17165,53.7,-1.2,0.1,161.10000000000002
17166,90.18,45.06,0.0,180.36
17167,106.32,30.78,0.0,212.64
17168,34.07,-34.15,0.7,204.42000000000002
17169,121.5,49.8,0.0,243.0
17170,104.44,49.0,0.0,1462.1599999999999
17171,77.1,20.04,0.0,231.29999999999998
17172,33.88,-15.26,0.4,33.88
17173,64.0,-35.15,0.47,320.0
17174,164.76,39.48,0.0,659.04
17175,83.34,-48.36,0.5,83.34
17176,124.27,-177.23,0.6,745.62
17177,327.73,-14.46,0.32,655.46
17178,148.32,32.58,0.0,444.96
17179,48.57,-87.45,0.7,48.57
17180,82.88,8.28,0.0,165.76
17181,86.88,10.12,0.4,173.76
17182,36.02,-54.16,0.7,216.12
17183,96.45,38.55,0.0,482.25
17184,79.5,2.34,0.0,159.0
17185,47.88,6.58,0.0,335.16
17186,36.8,11.76,0.0,147.2
17187,50.46,16.14,0.0,151.38
17188,52.43,-64.24,0.6,52.43
17189,48.93,24.45,0.0,48.93
17190,16.71,4.17,0.0,16.71
17191,826.0,214.76,0.0,4130.0
17192,106.02,9.54,0.0,212.04
17193,22.41,-16.59,0.5,22.41
17194,112.92,28.2,0.0,225.84
17195,142.08,22.71,0.0,142.08
17196,90.06,-28.92,0.47,180.12
17197,25.29,7.56,0.0,25.29
17198,46.85,-28.99,0.4,374.8
17199,95.72,12.44,0.0,191.44
17200,36.3,11.9,0.0,181.5
17201,77.16,34.72,0.0,154.32
17202,85.92,30.0,0.0,687.36
17203,174.3,81.92,0.0,522.9000000000001
17204,43.52,-7.08,0.2,87.04
17205,60.9,14.56,0.0,426.3
17206,46.44,18.54,0.0,139.32
17207,24.85,7.7,0.0,124.25
17208,23.62,7.97,0.2,188.96
17209,56.7,26.08,0.0,510.3
17210,19.44,9.33,0.0,58.32000000000001
17211,38.04,2.64,0.0,152.16
17212,17.48,8.22,0.0,34.96
17213,84.36,26.04,0.0,337.44
17214,132.6,17.24,0.0,795.5999999999999
17215,53.34,2.1,0.0,106.68
17216,45.75,21.03,0.0,45.75
17217,43.47,2.16,0.0,43.47
17218,83.92,-13.64,0.2,419.6
17219,98.46,39.36,0.0,196.92
17220,23.97,-23.07,0.5,47.94
17221,49.3,-40.7,0.6,147.89999999999998
17222,101.58,-64.42,0.4,507.9
17223,132.84,29.22,0.0,398.52
17224,32.0,1.6,0.0,32.0
17225,40.64,4.44,0.0,81.28
17226,48.33,13.38,0.1,241.64999999999998
17227,50.7,13.68,0.0,101.4
17228,120.42,45.63,0.0,1083.78
17229,152.28,70.02,0.0,304.56
17230,12.39,5.7,0.0,37.17
17231,56.16,8.91,0.0,168.48
17232,96.9,26.1,0.0,484.5
17233,61.78,-24.74,0.6,247.12
17234,42.96,15.84,0.0,171.84
17235,47.64,-10.36,0.4,238.2
17236,52.74,-0.02,0.2,105.48
17237,72.99,-7.32,0.5,72.99
17238,99.97,-0.05,0.4,299.90999999999997
17239,96.9,16.44,0.0,290.70000000000005
17240,541.44,157.02,0.0,3248.6400000000003
17241,118.2,0.0,0.0,472.8
17242,133.65,4.41,0.1,267.3
17243,542.94,152.02,0.0,1628.8200000000002
17244,40.83,5.28,0.0,40.83
17245,126.56,47.46,0.2,506.24
17246,101.21,-45.55,0.6,202.42
17247,125.94,15.74,0.2,881.5799999999999
17248,22.37,6.43,0.2,89.48
17249,55.56,13.86,0.0,111.12
17250,31.92,3.36,0.0,255.36
17251,67.13,-70.51,0.6,134.26
17252,97.82,-11.02,0.2,195.64
17253,75.6,15.12,0.0,302.4
17254,254.74,-312.06,0.6,1783.18
17255,124.61,-23.36,0.2,498.44
17256,16.5,4.11,0.0,16.5
17257,11.95,4.03,0.2,35.849999999999994
17258,45.36,2.16,0.0,181.44
17259,56.7,19.14,0.2,113.4
17260,99.96,-30.04,0.4,499.79999999999995
17261,42.96,17.16,0.0,171.84
17262,52.38,26.16,0.0,104.76
17263,17.71,5.98,0.2,106.26
17264,409.32,175.86,0.0,2455.92
17265,29.24,13.74,0.0,116.96
17266,51.63,24.24,0.0,51.63
17267,154.42,-96.26,0.47,617.68
17268,24.92,0.24,0.0,49.84
17269,33.36,13.98,0.0,100.08
17270,104.7,-17.7,0.17,523.5
17271,68.15,22.67,0.1,272.6
17272,52.98,0.51,0.0,52.98
17273,48.06,12.96,0.0,96.12
17274,35.3,-16.78,0.6,70.6
17275,130.41,7.74,0.0,391.23
17276,172.08,-103.32,0.6,516.24
17277,82.7,12.38,0.2,165.4
17278,61.29,28.08,0.0,551.61
17279,38.61,16.2,0.0,115.83
17280,900.08,117.01,0.0,3600.32
17281,71.55,7.95,0.1,143.1
17282,59.4,26.1,0.0,118.8
17283,799.92,239.98,0.2,7999.2
17284,56.52,-47.52,0.5,339.12
17285,54.34,-58.46,0.6,434.72
17286,89.35,-59.57,0.4,89.35
17287,607.68,36.36,0.0,2430.72
17288,118.8,14.82,0.2,356.4
17289,70.4,2.8,0.0,352.0
17290,480.96,-269.34,0.5,1442.8799999999999
17291,70.71,4.95,0.0,70.71
17292,84.3,28.62,0.0,168.6
17293,62.8,15.7,0.0,251.2
17294,123.92,9.29,0.2,619.6
17295,39.33,2.7,0.0,117.99
17296,45.75,21.03,0.0,45.75
17297,49.43,-24.83,0.5,247.15
17298,69.44,-16.24,0.4,138.88
17299,63.9,22.98,0.0,191.7
17300,65.22,14.34,0.0,195.66
17301,22.05,6.75,0.0,66.15
17302,35.93,-21.67,0.6,215.57999999999998
17303,109.62,21.78,0.0,657.72
17304,73.1,-21.04,0.27,73.1
17305,40.64,4.44,0.0,81.28
17306,130.08,-131.4,0.602,260.16
17307,66.6,33.24,0.0,399.59999999999997
17308,64.72,-5.84,0.1,194.16
17309,8.54,-7.48,0.6,17.08
17310,58.02,10.44,0.0,116.04
17311,45.48,12.72,0.0,181.92
17312,40.25,12.68,0.27,40.25
17313,35.02,-2.19,0.2,105.06
17314,58.17,3.48,0.0,58.17
17315,44.46,11.52,0.0,88.92
17316,73.26,-25.44,0.45,366.3
17317,58.2,12.72,0.0,232.8
17318,45.22,-0.02,0.4,90.44
17319,90.72,40.74,0.0,635.04
17320,57.78,4.62,0.0,115.56
17321,600.56,-8.58,0.3,1801.6799999999998
17322,294.62,-766.01,0.8,1473.1
17323,113.57,12.78,0.2,227.14
17324,143.7,68.98,0.0,431.09999999999997
17325,39.6,0.0,0.0,79.2
17326,42.21,7.56,0.0,126.63
17327,64.94,6.49,0.2,194.82
17328,74.66,-23.9,0.5,223.98
17329,21.6,5.4,0.0,43.2
17330,83.95,-90.25,0.6,251.85000000000002
17331,48.6,20.88,0.0,48.6
17332,55.2,-44.16,0.5,441.6
17333,80.69,-45.5,0.45,484.14
17334,74.42,-14.88,0.2,148.84
17335,49.83,3.48,0.0,49.83
17336,70.6,-44.96,0.45,70.6
17337,19.92,6.57,0.0,79.68
17338,65.4,-53.97,0.6,65.4
17339,24.42,0.0,0.0,48.84
17340,93.72,34.92,0.17,374.88
17341,120.9,31.41,0.0,120.9
17342,16.27,5.29,0.2,48.81
17343,68.8,12.04,0.2,68.8
17344,83.28,34.08,0.0,333.12
17345,88.2,18.45,0.0,264.6
17346,21.56,10.35,0.0,150.92
17347,304.45,76.11,0.0,1522.25
17348,35.82,15.03,0.0,107.46000000000001
17349,62.3,19.79,0.15,62.3
17350,56.35,7.51,0.1,56.35
17351,39.07,-44.99,0.6,78.14
17352,162.6,34.15,0.0,487.79999999999995
17353,194.85,12.18,0.2,779.4
17354,87.3,-36.4,0.4,436.5
17355,94.63,-0.05,0.15,283.89
17356,301.47,-205.0,0.5,904.4100000000001
17357,104.8,26.2,0.0,1048.0
17358,59.52,6.54,0.0,119.04
17359,64.76,-14.08,0.4,129.52
17360,82.3,15.52,0.1,246.89999999999998
17361,149.73,40.32,0.0,1048.11
17362,86.88,14.76,0.0,173.76
17363,48.78,24.39,0.0,146.34
17364,50.4,15.6,0.0,100.8
17365,59.1,9.8,0.4,295.5
17366,504.9,126.23,0.0,2524.5
17367,83.36,-28.87,0.45,250.07999999999998
17368,263.6,71.12,0.0,1054.4
17369,33.18,4.26,0.0,99.53999999999999
17370,58.44,7.56,0.0,116.88
17371,41.4,19.87,0.0,165.6
17372,12.6,-15.48,0.6,25.2
17373,30.38,3.8,0.2,30.38
17374,96.6,11.58,0.0,193.2
17375,74.7,1.44,0.0,149.4
17376,82.01,-98.41,0.7,164.02
17377,60.7,-131.54,0.7,485.6
17378,95.04,13.26,0.0,190.08
17379,50.82,16.66,0.0,355.74
17380,48.4,22.2,0.0,484.0
17381,82.1,13.12,0.0,82.1
17382,51.66,18.06,0.0,103.32
17383,51.16,-61.4,0.6,51.16
17384,56.92,-10.34,0.17,113.84
17385,106.97,43.97,0.1,748.79
17386,717.12,152.39,0.2,6454.08
17387,497.94,224.07,0.0,1493.82
17388,409.22,61.38,0.2,3273.76
17389,67.86,27.78,0.0,135.72
17390,33.47,-7.81,0.4,33.47
17391,32.58,3.58,0.0,32.58
17392,26.64,-8.88,0.4,79.92
17393,29.2,-22.4,0.7,58.4
17394,168.96,8.4,0.0,337.92
17395,48.85,-21.23,0.4,97.7
17396,66.96,8.64,0.0,267.84
17397,142.85,-17.87,0.2,285.7
17398,105.57,-153.11,0.6,211.14
17399,76.5,27.54,0.0,229.5
17400,252.0,73.08,0.0,756.0
17401,46.98,17.82,0.0,93.96
17402,50.29,-47.78,0.6,50.29
17403,46.98,0.9,0.0,140.94
17404,9.46,3.69,0.0,18.92
17405,34.98,9.06,0.0,104.94
17406,97.92,30.3,0.0,293.76
17407,54.82,0.0,0.0,54.82
17408,68.88,20.58,0.2,344.4
17409,365.22,102.24,0.0,730.44
17410,32.4,12.6,0.1,97.19999999999999
17411,107.55,15.03,0.0,322.65
17412,42.66,6.63,0.1,42.66
17413,47.82,10.98,0.0,47.82
17414,32.45,-3.79,0.4,64.9
17415,55.98,16.74,0.0,111.96
17416,44.58,19.14,0.0,89.16
17417,24.0,2.88,0.0,24.0
17418,191.98,51.83,0.0,383.96
17419,56.34,16.89,0.0,56.34
17420,46.69,17.89,0.17,233.45
17421,46.92,17.34,0.0,140.76
17422,61.5,5.1,0.17,307.5
17423,29.86,-41.84,0.7,59.72
17424,72.83,-69.19,0.6,72.83
17425,481.32,125.14,0.0,1925.28
17426,470.16,-13.43,0.3,3291.1200000000003
17427,71.76,3.57,0.0,71.76
17428,46.92,15.9,0.0,93.84
17429,481.32,125.14,0.0,1925.28
17430,84.3,22.74,0.0,252.89999999999998
17431,25.03,-0.35,0.1,75.09
17432,60.24,4.8,0.0,180.72
17433,93.1,36.3,0.0,465.5
17434,29.4,7.92,0.0,58.8
17435,37.7,2.82,0.2,150.8
17436,89.97,39.59,0.0,269.90999999999997
17437,43.47,2.16,0.0,43.47
17438,80.01,3.15,0.0,240.03000000000003
17439,87.03,9.54,0.0,261.09000000000003
17440,46.62,1.38,0.0,46.62
17441,144.53,18.05,0.2,144.53
17442,57.39,3.99,0.0,57.39
17443,64.82,-61.6,0.6,129.64
17444,22.29,10.68,0.0,22.29
17445,80.55,-115.47,0.7,80.55
17446,35.7,4.62,0.0,71.4
17447,58.39,-17.57,0.4,116.78
17448,26.71,-17.66,0.47,80.13
17449,32.19,12.21,0.0,32.19
17450,2.61,1.2,0.0,2.61
17451,61.92,24.72,0.0,247.68
17452,62.72,28.16,0.0,250.88
17453,4663.74,-1049.34,0.2,32646.18
17454,26.91,-6.51,0.5,53.82
17455,42.84,10.62,0.0,257.04
17456,28.01,10.73,0.17,84.03
17457,146.4,57.0,0.0,732.0
17458,57.72,14.4,0.0,115.44
17459,44.62,-37.94,0.6,89.24
17460,48.9,-2.5,0.4,244.5
17461,142.56,69.84,0.0,427.68
17462,68.03,-54.53,0.5,340.15
17463,71.37,-25.83,0.5,428.22
17464,39.62,13.87,0.2,118.85999999999999
17465,19.46,3.4,0.2,77.84
17466,93.24,38.22,0.0,652.68
17467,40.58,5.38,0.4,81.16
17468,18.46,6.92,0.2,73.84
17469,135.74,-142.54,0.6,271.48
17470,22.85,7.43,0.2,45.7
17471,50.33,15.05,0.1,100.66
17472,35.4,13.45,0.0,177.0
17473,12.96,-9.5,0.7,90.72
17474,55.56,7.68,0.0,222.24
17475,45.0,3.6,0.0,180.0
17476,27.0,4.86,0.0,81.0
17477,8.9,-6.53,0.7,17.8
17478,601.65,156.43,0.0,3008.25
17479,109.74,35.1,0.0,109.74
17480,542.94,141.16,0.0,1628.8200000000002
17481,153.17,25.46,0.1,459.51
17482,189.95,45.59,0.0,949.75
17483,35.32,13.06,0.0,35.32
17484,54.25,-5.45,0.4,162.75
17485,54.54,20.16,0.0,163.62
17486,53.04,6.84,0.0,318.24
17487,59.76,26.88,0.0,239.04
17488,40.71,19.53,0.0,40.71
17489,51.84,7.77,0.0,51.84
17490,59.4,24.3,0.0,297.0
17491,629.06,31.45,0.2,1887.1799999999998
17492,75.69,2.25,0.0,227.07
17493,376.74,71.16,0.1,1506.96
17494,148.7,46.47,0.2,892.1999999999999
17495,41.04,10.2,0.0,164.16
17496,32.68,6.2,0.0,65.36
17497,23.25,6.15,0.0,116.25
17498,51.55,24.23,0.0,257.75
17499,44.4,3.96,0.0,88.8
17500,42.66,0.81,0.0,127.97999999999999
17501,51.36,9.75,0.0,51.36
17502,26.04,1.02,0.0,52.08
17503,84.84,-14.28,0.4,1187.76
17504,151.24,5.02,0.4,453.72
17505,83.7,-20.67,0.47,585.9
17506,87.95,-7.33,0.27,351.8
17507,19.91,-15.94,0.6,19.91
17508,57.87,3.42,0.0,173.60999999999999
17509,77.04,9.24,0.0,231.12
17510,25.36,3.52,0.0,101.44
17511,44.69,10.61,0.2,134.07
17512,54.0,3.78,0.0,162.0
17513,13.11,3.41,0.0,39.33
17514,10.27,1.16,0.2,30.81
17515,41.49,-10.89,0.5,248.94
17516,63.43,-74.57,0.6,126.86
17517,63.24,25.92,0.0,126.48
17518,81.24,26.76,0.0,324.96
17519,55.98,7.8,0.0,111.96
17520,2504.74,626.19,0.0,17533.18
17521,53.4,14.94,0.0,106.8
17522,153.72,73.71,0.0,461.15999999999997
17523,1487.98,186.0,0.2,4463.9400000000005
17524,86.52,-51.92,0.4,173.04
17525,81.96,39.34,0.0,163.92
17526,22.38,5.76,0.0,44.76
17527,79.47,9.45,0.0,238.41
17528,108.36,30.24,0.0,758.52
17529,84.3,18.5,0.0,421.5
17530,98.39,-5.47,0.1,196.78
17531,60.6,27.84,0.0,121.2
17532,19.86,8.91,0.0,19.86
17533,71.34,-25.74,0.5,142.68
17534,44.73,-67.41,0.7,626.2199999999999
17535,49.44,-39.6,0.5,395.52
17536,97.2,41.76,0.0,194.4
17537,73.35,-48.9,0.4,366.75
17538,171.04,-28.52,0.4,342.08
17539,54.9,15.36,0.0,109.8
17540,58.83,6.45,0.0,58.83
17541,161.57,-28.27,0.2,323.14
17542,64.26,32.1,0.0,128.52
17543,39.12,-58.68,0.6,156.48
17544,29.59,2.59,0.2,29.59
17545,51.24,6.02,0.0,358.68
17546,14.24,0.4,0.0,56.96
17547,67.96,-86.74,0.6,339.79999999999995
17548,115.71,40.32,0.0,809.9699999999999
17549,71.44,10.72,0.27,142.88
17550,23.25,4.41,0.0,23.25
17551,158.58,14.22,0.0,951.48
17552,1267.65,152.12,0.0,11408.85
17553,133.2,11.88,0.0,799.1999999999999
17554,23.36,-1.94,0.5,70.08
17555,665.88,106.54,0.0,3995.2799999999997
17556,50.12,23.04,0.0,100.24
17557,21.96,-2.24,0.4,109.80000000000001
17558,67.22,-44.06,0.402,67.22
17559,32.4,-19.44,0.4,194.39999999999998
17560,50.72,-49.52,0.6,202.88
17561,60.42,4.2,0.0,120.84
17562,46.62,8.19,0.0,326.34
17563,305.97,25.2,0.15,917.9100000000001
17564,35.73,8.55,0.0,107.19
17565,1526.56,427.44,0.0,10685.92
17566,296.89,94.57,0.002,890.67
17567,33.6,14.4,0.0,201.60000000000002
17568,73.95,7.38,0.0,73.95
17569,48.15,15.84,0.0,144.45
17570,58.42,-41.9,0.47,58.42
17571,18.24,9.12,0.0,54.72
17572,97.92,3.9,0.0,195.84
17573,81.54,24.39,0.1,407.70000000000005
17574,33.26,-13.87,0.4,33.26
17575,56.28,24.64,0.0,393.96000000000004
17576,31.2,-22.62,0.6,93.6
17577,37.87,-4.43,0.4,113.60999999999999
17578,69.9,-64.35,0.5,349.5
17579,49.5,-12.45,0.4,247.5
17580,79.92,0.0,0.5,239.76
17581,82.08,24.48,0.0,492.48
17582,37.15,-9.29,0.4,148.6
17583,37.62,7.14,0.0,112.85999999999999
17584,52.86,13.2,0.0,158.57999999999998
17585,90.42,27.12,0.0,180.84
17586,81.85,-65.51,0.6,81.85
17587,27.48,-7.8,0.47,109.92
17588,72.05,-45.04,0.6,72.05
17589,431.94,-71.99,0.4,863.88
17590,50.73,16.23,0.0,50.73
17591,109.8,38.4,0.0,329.4
17592,120.08,34.82,0.0,120.08
17593,51.6,22.65,0.0,258.0
17594,27.46,9.89,0.0,54.92
17595,10.58,3.44,0.2,31.740000000000002
17596,59.76,5.28,0.0,239.04
17597,79.11,-76.59,0.7,791.1
17598,1654.67,165.35,0.1,6618.68
17599,547.14,-68.39,0.2,2188.56
17600,53.46,18.36,0.1,267.3
17601,50.02,-91.73,0.7,50.02
17602,48.93,24.45,0.0,48.93
17603,84.96,-32.58,0.4,84.96
17604,106.0,-39.77,0.6,106.0
17605,83.97,23.51,0.0,251.91
17606,137.77,-48.23,0.4,413.31000000000006
17607,30.86,4.76,0.1,92.58
17608,53.82,-28.44,0.45,107.64
17609,2.62,0.43,0.2,2.62
17610,655.9,275.48,0.0,3279.5
17611,409.97,13.64,0.1,409.97
17612,44.8,-77.66,0.7,44.8
17613,52.62,9.99,0.0,52.62
17614,1287.45,244.62,0.0,6437.25
17615,54.18,-32.52,0.4,162.54
17616,62.92,7.52,0.0,125.84
17617,34.25,-10.3,0.3,34.25
17618,81.99,-73.8,0.5,245.96999999999997
17619,190.72,11.92,0.2,190.72
17620,58.56,21.06,0.0,117.12
17621,38.4,8.82,0.0,76.8
17622,153.42,50.58,0.0,306.84
17623,28.24,2.48,0.0,112.96
17624,56.35,-3.81,0.4,450.8
17625,66.95,-15.65,0.4,468.65000000000003
17626,26.49,4.74,0.0,26.49
17627,83.4,3.3,0.0,166.8
17628,31.49,-31.51,0.6,62.98
17629,61.6,22.76,0.0,123.2
17630,54.0,17.28,0.0,216.0
17631,127.96,62.7,0.0,255.92
17632,183.87,64.35,0.0,551.61
17633,103.56,18.6,0.0,207.12
17634,68.18,5.66,0.4,204.54000000000002
17635,211.96,8.48,0.0,847.84
17636,124.92,48.6,0.0,749.52
17637,185.26,33.34,0.0,185.26
17638,66.67,-33.41,0.4,400.02
17639,107.77,-29.25,0.3,215.54
17640,61.32,17.76,0.0,245.28
17641,42.06,21.03,0.0,42.06
17642,44.91,16.11,0.0,134.73
17643,55.92,20.04,0.0,223.68
17644,35.88,4.74,0.1,107.64000000000001
17645,126.54,29.43,0.27,379.62
17646,98.59,-14.81,0.4,197.18
17647,41.23,-35.09,0.6,123.69
17648,60.42,9.66,0.0,120.84
17649,18.36,3.3,0.0,18.36
17650,45.69,7.29,0.0,45.69
17651,132.22,-18.18,0.2,528.88
17652,85.5,16.2,0.0,171.0
17653,100.74,31.2,0.0,201.48
17654,48.15,4.77,0.0,144.45
17655,103.86,16.56,0.0,207.72
17656,35.52,0.24,0.0,213.12
17657,138.24,33.16,0.0,138.24
17658,30.6,1.2,0.0,153.0
17659,74.76,30.24,0.0,1046.64
17660,16.03,5.61,0.2,48.09
17661,15.24,6.84,0.0,30.48
17662,1.87,-1.31,0.7,1.87
17663,1319.96,527.98,0.0,5279.84
17664,83.82,-3.18,0.47,335.28
17665,23.97,0.45,0.0,23.97
17666,127.11,-45.33,0.27,508.44
17667,51.03,1.68,0.1,255.15
17668,59.76,5.28,0.0,239.04
17669,25.05,1.5,0.0,25.05
17670,87.41,-81.67,0.7,349.64
17671,17.71,-7.73,0.4,35.42
17672,139.59,59.94,0.0,418.77
17673,56.52,25.38,0.0,169.56
17674,218.59,-83.81,0.4,655.77
17675,100.4,11.2,0.2,502.0
17676,100.7,2.0,0.0,503.5
17677,962.08,156.34,0.2,3848.32
17678,54.24,20.61,0.0,54.24
17679,34.29,16.11,0.0,102.87
17680,53.09,-108.83,0.8,371.63
17681,64.89,-127.65,0.7,129.78
17682,79.36,9.92,0.2,396.8
17683,66.6,29.9,0.0,333.0
17684,50.3,13.94,0.17,100.6
17685,16.56,6.96,0.0,66.24
17686,88.44,15.84,0.0,353.76
17687,19.46,-20.47,0.6,19.46
17688,59.16,-73.98,0.6,118.32
17689,39.86,-54.49,0.7,39.86
17690,41.36,11.12,0.0,165.44
17691,75.69,2.25,0.0,227.07
17692,24.6,-6.45,0.5,123.0
17693,86.35,7.63,0.1,172.7
17694,50.27,13.37,0.1,100.54
17695,62.13,3.09,0.0,62.13
17696,201.36,42.24,0.0,805.44
17697,364.8,167.81,0.0,4377.6
17698,141.89,19.49,0.2,567.56
17699,107.4,28.8,0.0,1074.0
17700,83.88,30.2,0.0,335.52
17701,45.18,5.76,0.0,271.08
17702,24.96,1.98,0.0,49.92
17703,54.0,4.86,0.0,108.0
17704,64.44,20.58,0.0,128.88
17705,61.92,-51.6,0.7,61.92
17706,63.36,1.44,0.2,570.24
17707,26.98,2.98,0.2,80.94
17708,64.78,-12.96,0.2,64.78
17709,42.12,19.26,0.0,379.08
17710,45.21,13.56,0.0,45.21
17711,26.88,4.02,0.0,53.76
17712,98.04,22.44,0.0,392.16
17713,58.2,12.72,0.0,232.8
17714,75.33,27.81,0.0,677.97
17715,89.46,-1.5,0.4,178.92
17716,80.87,11.57,0.1,404.35
17717,58.0,1.7,0.0,290.0
17718,31.66,7.28,0.0,31.66
17719,19.88,9.72,0.0,39.76
17720,77.1,20.04,0.0,231.29999999999998
17721,94.8,-113.85,0.6,474.0
17722,27.95,-9.01,0.47,55.9
17723,63.2,1.2,0.0,252.8
17724,133.34,-17.82,0.4,266.68
17725,35.24,13.72,0.0,70.48
17726,2479.96,743.99,0.0,9919.84
17727,134.69,-111.13,0.6,269.38
17728,88.44,35.37,0.0,88.44
17729,81.9,-18.06,0.5,327.6
17730,167.34,81.96,0.0,334.68
17731,115.74,30.06,0.0,231.48
17732,76.41,31.41,0.1,382.04999999999995
17733,58.61,8.77,0.4,117.22
17734,37.0,3.68,0.0,74.0
17735,35.14,-15.26,0.4,105.42
17736,100.7,42.2,0.0,503.5
17737,53.19,13.59,0.1,265.95
17738,80.46,26.46,0.0,724.14
17739,18.84,6.03,0.0,56.519999999999996
17740,53.76,20.4,0.0,215.04
17741,58.68,-24.48,0.4,117.36
17742,39.54,16.56,0.0,79.08
17743,5.76,1.61,0.0,11.52
17744,161.3,6.4,0.0,806.5
17745,110.52,16.56,0.0,442.08
17746,48.33,1.92,0.0,48.33
17747,17.12,8.05,0.0,34.24
17748,59.14,3.7,0.2,118.28
17749,49.84,0.0,0.0,199.36
17750,41.35,6.19,0.4,82.7
17751,66.46,-17.69,0.47,332.29999999999995
17752,45.84,-51.57,0.6,45.84
17753,80.46,10.44,0.0,80.46
17754,80.28,13.5,0.0,722.52
17755,82.35,23.04,0.0,247.04999999999998
17756,30.3,13.92,0.0,30.3
17757,18.53,-12.35,0.7,74.12
17758,4297.64,-1862.31,0.4,55869.32000000001
17759,71.1,16.29,0.0,213.29999999999998
17760,2060.74,643.98,0.2,14425.179999999998
17761,117.32,43.4,0.0,1642.48
17762,45.41,-7.99,0.2,136.23
17763,67.95,12.15,0.0,339.75
17764,85.32,-9.48,0.1,341.28
17765,99.48,23.82,0.0,198.96
17766,61.62,23.4,0.0,61.62
17767,49.32,11.82,0.0,49.32
17768,114.78,7.98,0.0,229.56
17769,62.4,4.95,0.0,312.0
17770,53.01,21.72,0.0,53.01
17771,70.56,1.35,0.0,211.68
17772,44.6,-74.33,0.7,44.6
17773,31.34,4.06,0.0,31.34
17774,195.64,91.95,0.0,782.56
17775,43.2,-1.92,0.1,86.4
17776,64.24,31.44,0.0,256.96
17777,48.42,14.52,0.0,48.42
17778,91.99,-113.48,0.7,91.99
17779,39.42,2.34,0.0,78.84
17780,45.45,-43.95,0.7,45.45
17781,138.59,-34.65,0.4,138.59
17782,98.46,45.24,0.0,196.92
17783,51.75,1.02,0.0,51.75
17784,142.4,52.69,0.0,712.0
17785,65.28,18.24,0.0,130.56
17786,104.88,30.84,0.15,104.88
17787,40.95,13.5,0.0,122.85000000000001
17788,96.9,0.0,0.0,193.8
17789,130.74,47.04,0.0,392.22
17790,137.81,22.97,0.4,551.24
17791,53.14,2.26,0.1,212.56
17792,101.46,32.46,0.0,202.92
17793,27.96,13.68,0.0,111.84
17794,48.78,22.92,0.0,48.78
17795,22.5,1.8,0.0,45.0
17796,75.35,-5.15,0.4,527.4499999999999
17797,57.0,3.9,0.0,285.0
17798,96.6,0.96,0.0,289.79999999999995
17799,15.92,7.48,0.0,63.68
17800,13.12,3.8,0.0,52.48
17801,122.76,42.96,0.0,491.04
17802,54.9,26.9,0.0,274.5
17803,103.36,45.94,0.1,206.72
17804,78.29,29.33,0.2,156.58
17805,32.34,-10.62,0.45,64.68
17806,30.35,-4.57,0.4,60.7
17807,25.06,11.78,0.0,50.12
17808,75.22,-6.62,0.2,225.66
17809,67.97,-65.71,0.7,271.88
17810,113.12,7.88,0.0,226.24
17811,20.1,6.63,0.0,60.300000000000004
17812,11.57,3.76,0.2,34.71
17813,85.29,-14.52,0.47,255.87
17814,48.09,-4.83,0.5,336.63
17815,41.47,14.52,0.2,331.76
17816,68.32,34.16,0.0,478.23999999999995
17817,50.46,19.65,0.0,50.46
17818,863.88,107.99,0.2,2591.64
17819,2563.06,313.26,0.1,20504.48
17820,92.16,11.04,0.0,368.64
17821,167.72,-111.82,0.4,503.15999999999997
17822,114.05,50.69,0.1,684.3
17823,114.96,-46.08,0.6,459.84
17824,1012.68,303.8,0.2,3038.04
17825,150.5,-19.48,0.15,301.0
17826,101.58,13.2,0.0,203.16
17827,144.9,17.37,0.0,434.70000000000005
17828,98.39,-5.47,0.1,196.78
17829,42.93,19.32,0.0,386.37
17830,87.97,-105.71,0.7,527.8199999999999
17831,149.13,47.7,0.0,447.39
17832,44.28,2.64,0.0,88.56
17833,60.9,30.42,0.0,121.8
17834,37.84,-13.61,0.47,189.20000000000002
17835,23.76,3.12,0.4,71.28
17836,135.96,10.86,0.0,407.88
17837,47.56,10.92,0.0,47.56
17838,7.71,2.8,0.2,15.42
17839,26.25,12.6,0.0,183.75
17840,85.05,25.47,0.0,255.14999999999998
17841,11.05,2.98,0.0,55.25
17842,31.95,11.82,0.0,31.95
17843,49.68,6.93,0.0,149.04
17844,117.12,5.76,0.0,468.48
17845,75.15,25.47,0.0,225.45000000000002
17846,9.25,3.35,0.2,18.5
17847,1119.98,377.99,0.2,2239.96
17848,540.57,140.55,0.0,1621.71
17849,67.98,6.09,0.0,67.98
17850,145.98,68.58,0.0,437.93999999999994
17851,40.64,17.84,0.0,162.56
17852,65.71,16.39,0.2,197.13
17853,111.12,0.0,0.0,222.24
17854,206.43,90.83,0.0,619.29
17855,22.54,-12.42,0.4,45.08
17856,3.02,-0.6,0.2,9.06
17857,138.16,44.16,0.0,552.64
17858,143.76,68.96,0.0,575.04
17859,61.2,4.2,0.0,306.0
17860,79.14,30.06,0.0,158.28
17861,83.59,21.31,0.1,334.36
17862,783.96,78.4,0.2,3919.8
17863,127.26,-135.78,0.7,254.52
17864,66.57,29.28,0.0,66.57
17865,44.52,15.96,0.0,178.08
17866,32.04,1.26,0.0,64.08
17867,33.64,8.4,0.0,67.28
17868,76.68,34.38,0.0,690.1200000000001
17869,19.48,7.0,0.0,38.96
17870,93.42,37.32,0.0,280.26
17871,45.72,13.68,0.0,137.16
17872,86.1,37.8,0.0,430.5
17873,107.1,32.1,0.0,214.2
17874,150.38,15.04,0.2,300.76
17875,137.88,66.18,0.0,137.88
17876,34.47,0.27,0.0,103.41
17877,662.88,74.57,0.2,1988.6399999999999
17878,132.52,-6.44,0.17,265.04
17879,698.35,52.38,0.2,2095.05
17880,60.17,-45.43,0.47,481.36
17881,66.54,-126.45,0.8,66.54
17882,17.94,8.79,0.0,53.82000000000001
17883,123.34,61.6,0.0,863.38
17884,103.36,-3.92,0.2,413.44
17885,17.28,7.95,0.0,103.68
17886,55.56,8.31,0.0,55.56
17887,113.64,47.64,0.0,454.56
17888,60.8,7.4,0.1,243.2
17889,117.12,52.68,0.0,468.48
17890,22.41,-50.85,0.7,44.82
17891,82.8,-20.7,0.4,165.6
17892,31.28,12.48,0.0,125.12
17893,87.8,32.93,0.2,439.0
17894,155.7,62.2,0.0,778.5
17895,96.6,0.96,0.0,289.79999999999995
17896,62.0,6.16,0.0,248.0
17897,26.63,1.33,0.2,26.63
17898,18.34,-15.62,0.6,73.36
17899,34.56,-28.8,0.7,138.24
17900,25.2,-7.65,0.4,126.0
17901,109.32,13.08,0.0,327.96
17902,23.64,2.04,0.0,94.56
17903,302.45,-199.62,0.5,1512.25
17904,103.5,2.04,0.0,207.0
17905,235.92,-44.24,0.2,1179.6
17906,92.82,-64.98,0.7,92.82
17907,137.94,6.87,0.0,137.94
17908,29.91,11.94,0.0,29.91
17909,88.94,13.82,0.1,177.88
17910,13.94,4.53,0.2,41.82
17911,124.32,49.68,0.0,248.64
17912,97.74,18.54,0.0,879.66
17913,81.27,40.59,0.0,243.81
17914,48.69,16.05,0.0,48.69
17915,108.36,43.32,0.0,433.44
17916,49.12,23.09,0.0,196.48
17917,206.2,53.6,0.0,1031.0
17918,97.32,45.72,0.0,194.64
17919,25.68,-39.8,0.8,77.03999999999999
17920,115.86,16.2,0.0,231.72
17921,17.82,3.18,0.0,35.64
17922,25.7,1.93,0.2,51.4
17923,44.64,1.74,0.0,89.28
17924,70.68,4.24,0.0,141.36
17925,48.87,16.59,0.0,48.87
17926,207.18,43.5,0.0,414.36
17927,148.5,48.96,0.0,445.5
17928,68.79,-64.71,0.5,137.58
17929,55.32,20.4,0.0,221.28
17930,94.5,40.59,0.0,283.5
17931,77.28,-1.02,0.2,231.84
17932,601.32,246.48,0.0,3607.92
17933,45.36,11.28,0.0,272.15999999999997
17934,44.65,-10.61,0.45,267.9
17935,87.96,-49.32,0.5,351.84
17936,70.35,18.9,0.0,351.75
17937,39.53,10.46,0.1,118.59
17938,42.53,7.37,0.2,255.18
17939,4548.81,1228.18,0.0,31841.670000000002
17940,67.36,1.32,0.0,134.72
17941,82.89,12.42,0.0,248.67000000000002
17942,69.84,21.6,0.0,558.72
17943,102.28,40.88,0.0,204.56
17944,17.88,0.32,0.0,35.76
17945,139.81,1.48,0.1,419.43
17946,32.32,-37.73,0.7,32.32
17947,245.13,-78.45,0.5,490.26
17948,1879.96,211.5,0.2,9399.8
17949,221.02,-55.26,0.2,442.04
17950,45.54,10.89,0.0,136.62
17951,94.08,36.66,0.0,188.16
17952,67.79,-23.29,0.3,135.58
17953,2999.95,1439.98,0.0,14999.75
17954,1123.92,-182.64,0.2,5619.6
17955,58.32,0.0,0.0,174.96
17956,269.9,16.19,0.0,1349.5
17957,222.38,22.24,0.2,444.76
17958,523.39,52.34,0.2,1570.17
17959,122.07,41.49,0.0,122.07
17960,219.84,107.72,0.0,879.36
17961,73.71,12.24,0.1,221.13
17962,138.02,-85.12,0.4,276.04
17963,106.05,17.85,0.0,742.35
17964,34.24,9.93,0.0,273.92
17965,99.25,9.91,0.1,198.5
17966,93.0,19.44,0.0,372.0
17967,142.94,-96.52,0.6,142.94
17968,81.27,40.59,0.0,243.81
17969,1801.63,-337.81,0.2,10809.78
17970,110.22,19.83,0.0,110.22
17971,25.38,-29.61,0.7,25.38
17972,58.44,19.2,0.0,233.76
17973,227.96,36.47,0.0,455.92
17974,182.76,29.16,0.0,731.04
17975,71.98,24.29,0.2,215.94
17976,10.69,3.74,0.2,21.38
17977,227.64,106.92,0.0,910.56
17978,235.32,89.4,0.0,941.28
17979,10.19,3.19,0.2,71.33
17980,85.2,4.08,0.0,681.6
17981,43.7,12.2,0.0,218.5
17982,115.42,-21.26,0.4,692.52
17983,69.62,-19.78,0.4,208.86
17984,50.65,-69.23,0.7,50.65
17985,148.66,36.28,0.1,297.32
17986,105.12,44.04,0.0,420.48
17987,56.52,15.81,0.0,56.52
17988,349.32,104.76,0.0,698.64
17989,113.76,14.76,0.0,341.28000000000003
17990,30.84,2.1,0.0,61.68
17991,78.0,9.36,0.0,156.0
17992,58.13,-56.71,0.6,116.26
17993,139.44,57.15,0.0,139.44
17994,24.7,2.74,0.2,74.1
17995,54.18,12.42,0.0,108.36
17996,24.33,-45.42,0.7,24.33
17997,58.32,25.65,0.0,58.32
17998,133.2,23.97,0.0,133.2
17999,248.43,-17.75,0.3,1242.15
18000,107.33,9.5,0.1,321.99
18001,160.5,15.9,0.0,1605.0
18002,78.99,11.04,0.0,78.99
18003,100.26,11.88,0.0,902.34
18004,109.28,33.76,0.0,874.24
18005,87.96,35.16,0.0,263.88
18006,87.48,25.29,0.0,262.44
18007,200.16,-88.08,0.5,800.64
18008,101.58,13.2,0.0,203.16
18009,16.74,2.16,0.0,16.74
18010,54.36,20.07,0.0,163.07999999999998
18011,64.08,17.28,0.0,256.32
18012,60.9,15.78,0.0,182.7
18013,132.64,35.76,0.0,530.56
18014,1047.95,-49.33,0.15,4191.8
18015,50.2,6.01,0.17,150.60000000000002
18016,96.6,9.66,0.0,193.2
18017,93.18,36.3,0.0,186.36
18018,37.59,2.25,0.0,37.59
18019,90.42,18.96,0.0,180.84
18020,51.93,9.33,0.0,51.93
18021,83.55,3.3,0.0,417.75
18022,87.07,-7.33,0.4,696.56
18023,49.47,7.89,0.0,49.47
18024,48.16,-9.64,0.2,96.32
18025,86.81,-45.23,0.5,260.43
18026,704.25,84.51,0.0,3521.25
18027,520.05,72.81,0.0,2600.25
18028,52.1,3.91,0.2,208.4
18029,198.45,89.28,0.0,198.45
18030,15.96,5.88,0.0,15.96
18031,40.4,9.28,0.0,80.8
18032,56.91,27.32,0.0,170.73
18033,113.46,37.44,0.0,113.46
18034,85.61,-15.71,0.4,171.22
18035,510.57,56.16,0.0,1531.71
18036,43.12,15.09,0.2,215.6
18037,110.28,37.44,0.0,220.56
18038,169.09,-81.77,0.4,338.18
18039,128.88,41.16,0.0,515.52
18040,68.82,17.12,0.2,757.02
18041,97.2,25.92,0.1,388.8
18042,32.4,15.88,0.0,162.0
18043,33.42,3.3,0.0,100.26
18044,73.1,-1.3,0.4,292.4
18045,30.3,3.6,0.0,60.6
18046,141.12,-145.98,0.7,1411.2
18047,81.66,10.56,0.0,163.32
18048,14.02,4.91,0.2,56.08
18049,614.27,-23.04,0.2,4914.16
18050,1539.36,646.38,0.0,9236.16
18051,84.84,3.39,0.0,84.84
18052,72.0,15.12,0.0,72.0
18053,55.24,15.34,0.1,110.48
18054,142.59,28.51,0.2,285.18
18055,29.32,-6.41,0.4,87.96000000000001
18056,70.48,17.6,0.0,281.92
18057,69.8,-148.96,0.7,279.2
18058,1363.96,85.25,0.2,6819.8
18059,85.54,11.68,0.27,171.08
18060,44.1,7.92,0.0,88.2
18061,909.72,-51.98,0.3,5458.32
18062,53.19,18.27,0.1,106.38
18063,49.51,-10.43,0.47,297.06
18064,424.12,-30.29,0.3,2544.7200000000003
18065,88.1,28.37,0.1,88.1
18066,37.59,2.25,0.0,37.59
18067,58.32,25.65,0.0,58.32
18068,106.6,30.76,0.1,426.4
18069,105.12,26.16,0.0,840.96
18070,83.67,27.6,0.0,83.67
18071,47.33,16.82,0.1,47.33
18072,107.44,10.74,0.2,1074.4
18073,42.64,-14.0,0.45,170.56
18074,21.98,9.89,0.0,153.86
18075,75.17,-45.13,0.6,150.34
18076,85.9,26.82,0.2,601.3000000000001
18077,51.45,12.84,0.0,51.45
18078,88.2,23.76,0.0,529.2
18079,81.48,19.53,0.0,81.48
18080,97.86,29.34,0.0,195.72
18081,1618.37,356.04,0.0,21038.809999999998
18082,70.56,14.04,0.0,423.36
18083,135.48,17.58,0.0,406.43999999999994
18084,38.58,8.1,0.0,38.58
18085,47.46,2.73,0.0,332.22
18086,129.11,-3.01,0.1,774.6600000000001
18087,92.34,24.0,0.0,184.68
18088,123.33,43.14,0.0,123.33
18089,70.96,-3.2,0.1,283.84
18090,61.68,18.48,0.0,61.68
18091,91.38,14.58,0.0,182.76
18092,206.01,32.94,0.0,1854.09
18093,166.83,4.98,0.0,166.83
18094,39.12,-0.03,0.1,117.35999999999999
18095,843.9,371.32,0.0,1687.8
18096,103.1,-136.66,0.6,206.2
18097,31.54,-8.42,0.4,94.62
18098,49.14,7.28,0.0,343.98
18099,45.09,22.53,0.0,45.09
18100,72.25,-79.49,0.7,72.25
18101,42.36,11.76,0.0,169.44
18102,82.32,23.76,0.0,658.56
18103,60.48,16.29,0.0,181.44
18104,160.15,-368.39,0.7,320.3
18105,70.13,-8.23,0.4,280.52
18106,59.25,27.75,0.0,296.25
18107,78.34,-22.22,0.4,235.02
18108,147.84,33.96,0.0,591.36
18109,50.94,10.62,0.0,152.82
18110,49.38,11.34,0.0,148.14000000000001
18111,18.9,8.69,0.0,56.699999999999996
18112,40.29,4.83,0.0,40.29
18113,67.34,-25.3,0.6,269.36
18114,43.29,3.87,0.0,129.87
18115,84.24,28.98,0.1,252.71999999999997
18116,107.98,-27.0,0.4,323.94
18117,87.21,43.47,0.0,784.89
18118,55.28,20.63,0.17,165.84
18119,44.82,3.72,0.4,89.64
18120,51.03,2.52,0.0,357.21000000000004
18121,32.8,10.1,0.0,164.0
18122,67.84,16.96,0.0,271.36
18123,39.2,-38.3,0.6,196.0
18124,57.36,-11.52,0.2,172.07999999999998
18125,535.41,160.62,0.0,1606.23
18126,408.01,72.53,0.1,816.02
18127,116.88,15.12,0.0,467.52
18128,82.8,10.35,0.2,165.6
18129,65.55,26.85,0.0,327.75
18130,68.12,0.68,0.0,136.24
18131,117.46,14.08,0.0,117.46
18132,39.29,9.17,0.1,39.29
18133,81.76,13.6,0.4,163.52
18134,52.92,18.48,0.0,105.84
18135,57.1,-123.74,0.7,228.4
18136,659.97,197.99,0.0,1979.91
18137,603.92,45.29,0.2,3019.6
18138,62.72,30.08,0.0,125.44
18139,23.1,5.52,0.0,46.2
18140,53.16,9.48,0.0,212.64
18141,65.77,29.17,0.1,263.08
18142,34.02,1.62,0.0,102.06
18143,162.0,14.58,0.0,972.0
18144,44.7,8.49,0.0,44.7
18145,32.06,9.28,0.0,32.06
18146,91.71,10.98,0.0,91.71
18147,209.97,71.39,0.0,629.91
18148,115.3,40.35,0.2,345.9
18149,165.9,76.2,0.0,1659.0
18150,44.08,-9.74,0.27,132.24
18151,97.3,28.22,0.0,681.1
18152,239.67,14.1,0.15,479.34
18153,34.8,3.12,0.0,69.6
18154,115.74,27.72,0.0,231.48
18155,58.52,-9.02,0.402,58.52
18156,79.29,1.53,0.0,237.87
18157,128.52,64.2,0.0,514.08
18158,228.92,14.31,0.2,1144.6
18159,22.47,0.0,0.0,22.47
18160,54.66,2.16,0.0,109.32
18161,18.18,4.77,0.2,18.18
18162,48.74,-25.66,0.6,194.96
18163,43.02,15.48,0.0,43.02
18164,100.4,9.98,0.4,301.20000000000005
18165,71.55,2.85,0.0,71.55
18166,49.85,-10.36,0.47,149.55
18167,73.54,-36.78,0.4,294.16
18168,39.87,8.73,0.0,119.60999999999999
18169,84.15,14.25,0.0,420.75
18170,141.12,25.38,0.0,423.36
18171,54.94,-82.4,0.6,54.94
18172,47.03,-4.28,0.45,141.09
18173,59.52,6.54,0.0,119.04
18174,97.8,-139.5,0.6,489.0
18175,127.7,35.7,0.0,638.5
18176,22.96,-30.44,0.6,22.96
18177,96.78,0.0,0.0,193.56
18178,142.69,-160.53,0.6,142.69
18179,106.8,10.68,0.2,1068.0
18180,38.76,16.56,0.0,155.04
18181,74.3,13.16,0.1,148.6
18182,93.48,43.92,0.0,186.96
18183,93.71,-1.39,0.25,468.54999999999995
18184,95.8,-30.38,0.4,191.6
18185,13.92,4.87,0.2,41.76
18186,54.28,-13.4,0.47,325.68
18187,62.78,7.61,0.1,188.34
18188,10.72,1.74,0.2,21.44
18189,126.4,36.64,0.0,505.6
18190,123.12,33.24,0.0,492.48
18191,147.9,14.76,0.0,295.8
18192,66.3,13.8,0.0,331.5
18193,3.04,-5.01,0.8,9.120000000000001
18194,94.86,36.0,0.0,284.58
18195,61.56,1.08,0.0,369.36
18196,57.72,0.48,0.0,230.88
18197,101.28,-42.15,0.47,708.96
18198,47.59,-13.94,0.45,333.13
18199,87.08,31.32,0.0,174.16
18200,111.51,23.46,0.1,557.5500000000001
18201,64.08,2.52,0.0,384.48
18202,78.29,-27.41,0.4,548.0300000000001
18203,67.32,-42.09,0.6,67.32
18204,97.17,35.94,0.0,97.17
18205,93.0,17.64,0.0,372.0
18206,26.49,4.74,0.0,26.49
18207,57.42,26.41,0.0,516.78
18208,51.84,7.77,0.0,51.84
18209,22.92,11.23,0.0,68.76
18210,18.95,-1.75,0.1,56.849999999999994
18211,84.58,4.6,0.27,169.16
18212,51.3,12.24,0.0,153.89999999999998
18213,7.5,3.6,0.0,15.0
18214,2624.99,-944.99,0.5,7874.969999999999
18215,89.64,39.36,0.0,358.56
18216,64.53,-43.92,0.5,193.59
18217,1350.12,175.52,0.0,8100.719999999999
18218,59.38,-65.33,0.6,59.38
18219,351.36,129.84,0.0,2810.88
18220,88.7,5.54,0.2,266.1
18221,219.84,79.69,0.2,1099.2
18222,145.54,16.37,0.2,1018.78
18223,172.11,-94.66,0.4,172.11
18224,66.93,1.98,0.0,66.93
18225,169.68,6.78,0.0,339.36
18226,66.64,-76.64,0.6,199.92000000000002
18227,75.78,30.24,0.0,227.34
18228,89.16,-57.24,0.5,713.28
18229,2395.2,209.58,0.2,14371.199999999999
18230,467.59,57.13,0.1,935.18
18231,473.04,-23.76,0.4,1892.16
18232,141.75,42.45,0.0,708.75
18233,33.75,-27.0,0.5,168.75
18234,414.96,124.49,0.0,829.92
18235,65.23,19.51,0.1,260.92
18236,178.08,-44.52,0.2,356.16
18237,18.86,6.13,0.2,169.74
18238,4.24,-6.36,0.8,21.200000000000003
18239,73.35,10.26,0.0,73.35
18240,77.18,-5.38,0.27,308.72
18241,52.13,-14.11,0.4,625.5600000000001
18242,86.96,32.16,0.0,173.92
18243,284.17,-388.37,0.7,568.34
18244,31.5,3.42,0.0,63.0
18245,41.54,-69.25,0.7,41.54
18246,86.58,40.68,0.0,173.16
18247,50.04,22.5,0.0,150.12
18248,26.24,9.96,0.0,52.48
18249,47.4,0.0,0.0,94.8
18250,546.66,136.67,0.0,4919.94
18251,36.91,-81.2,0.7,36.91
18252,62.25,-0.75,0.17,249.0
18253,27.09,6.21,0.0,27.09
18254,74.34,-56.52,0.5,446.04
18255,53.65,-32.21,0.4,53.65
18256,34.14,-6.18,0.5,136.56
18257,126.03,26.46,0.0,126.03
18258,57.9,8.1,0.0,115.8
18259,86.7,23.4,0.0,433.5
18260,15.32,0.0,0.0,30.64
18261,40.7,11.8,0.0,203.5
18262,59.34,5.34,0.0,118.68
18263,46.08,8.7,0.0,138.24
18264,130.56,31.32,0.0,783.36
18265,110.53,38.68,0.2,442.12
18266,325.8,107.46,0.0,977.4000000000001
18267,246.3,51.6,0.0,1231.5
18268,53.55,4.23,0.0,160.64999999999998
18269,20.74,7.26,0.2,82.96
18270,40.38,3.18,0.0,121.14000000000001
18271,165.55,49.43,0.002,331.1
18272,68.4,-14.88,0.4,410.40000000000003
18273,40.26,8.04,0.0,120.78
18274,67.8,27.72,0.0,406.79999999999995
18275,17.52,6.31,0.0,52.56
18276,87.77,-160.93,0.7,175.54
18277,54.54,9.24,0.0,109.08
18278,2453.43,-350.49,0.3,12267.15
18279,22.92,4.05,0.1,22.92
18280,49.47,7.89,0.0,49.47
18281,831.94,-114.39,0.2,6655.52
18282,106.08,40.26,0.0,212.16
18283,93.48,43.92,0.0,186.96
18284,62.72,-62.78,0.6,313.6
18285,94.61,-26.83,0.4,567.66
18286,79.0,10.24,0.0,158.0
18287,52.35,5.73,0.1,366.45
18288,54.18,27.06,0.0,108.36
18289,52.22,7.14,0.2,104.44
18290,691.96,318.3,0.0,2767.84
18291,396.8,-11.34,0.3,2777.6
18292,468.18,-124.86,0.4,1404.54
18293,38.76,-12.6,0.6,77.52
18294,124.59,36.12,0.0,124.59
18295,92.16,11.04,0.0,368.64
18296,78.7,37.7,0.0,393.5
18297,48.72,19.44,0.0,97.44
18298,80.14,-24.26,0.47,320.56
18299,74.22,10.38,0.0,222.66
18300,38.02,-10.14,0.4,152.08
18301,46.68,18.6,0.0,186.72
18302,48.87,14.16,0.0,48.87
18303,74.07,5.85,0.0,222.20999999999998
18304,13.68,4.08,0.0,13.68
18305,166.44,79.89,0.0,499.32
18306,137.22,48.0,0.0,274.44
18307,43.4,21.2,0.0,217.0
18308,102.16,28.56,0.0,408.64
18309,42.0,0.3,0.0,210.0
18310,422.5,132.34,0.17,1267.5
18311,71.17,28.45,0.1,142.34
18312,72.68,-65.48,0.5,218.04000000000002
18313,80.96,29.15,0.0,323.84
18314,44.17,-19.19,0.47,88.34
18315,28.8,10.08,0.2,259.2
18316,61.08,29.88,0.0,122.16
18317,92.21,32.66,0.1,461.04999999999995
18318,5.67,0.11,0.0,17.009999999999998
18319,3.28,1.41,0.0,3.28
18320,7.97,2.89,0.2,15.94
18321,51.45,-23.67,0.5,102.9
18322,383.95,76.79,0.2,2303.7
18323,58.61,-9.79,0.4,175.82999999999998
18324,265.74,-97.46,0.4,1328.7
18325,58.34,-27.76,0.6,116.68
18326,44.58,21.36,0.0,89.16
18327,115.71,40.32,0.0,809.9699999999999
18328,189.58,9.48,0.2,189.58
18329,42.24,16.4,0.0,168.96
18330,196.75,56.57,0.2,1180.5
18331,179.97,44.99,0.0,539.91
18332,109.95,12.09,0.0,109.95
18333,46.92,15.9,0.0,93.84
18334,50.44,-95.84,0.7,50.44
18335,205.92,2.06,0.0,823.68
18336,107.4,0.0,0.0,214.8
18337,46.53,12.54,0.0,46.53
18338,100.02,15.96,0.0,200.04
18339,301.96,90.59,0.0,603.92
18340,46.41,23.19,0.0,46.41
18341,172.19,-46.74,0.3,344.38
18342,320.49,102.54,0.0,320.49
18343,86.04,-29.28,0.5,344.16
18344,78.99,23.67,0.0,78.99
18345,66.13,-114.65,0.7,132.26
18346,59.82,-12.06,0.5,239.28
18347,29.84,-0.47,0.1,149.2
18348,66.46,5.36,0.4,863.9799999999999
18349,50.41,1.67,0.4,50.41
18350,69.62,-19.78,0.4,208.86
18351,39.64,10.68,0.0,79.28
18352,65.8,28.2,0.0,329.0
18353,110.88,43.05,0.0,776.16
18354,82.52,7.88,0.27,165.04
18355,100.32,19.02,0.0,200.64
18356,45.37,-3.29,0.17,90.74
18357,68.9,11.48,0.4,137.8
18358,97.33,-24.35,0.6,97.33
18359,82.67,-157.09,0.7,165.34
18360,57.26,-80.2,0.6,57.26
18361,95.28,-27.02,0.4,476.4
18362,96.0,4.8,0.0,288.0
18363,123.85,-14.6,0.15,123.85
18364,97.92,32.28,0.0,195.84
18365,62.98,-2.14,0.4,503.84
18366,388.62,85.44,0.0,777.24
18367,38.31,4.2,0.0,38.31
18368,26.88,6.18,0.0,26.88
18369,44.43,14.64,0.0,44.43
18370,81.36,-19.53,0.5,244.07999999999998
18371,67.04,6.7,0.2,268.16
18372,46.44,11.61,0.0,139.32
18373,123.9,18.48,0.0,867.3000000000001
18374,78.62,-57.04,0.6,157.24
18375,39.96,19.14,0.0,79.92
18376,40.74,0.41,0.0,122.22
18377,89.88,0.0,0.0,359.52
18378,56.7,16.98,0.0,113.4
18379,37.44,-73.68,0.7,149.76
18380,64.44,-30.66,0.6,193.32
18381,70.32,18.24,0.0,281.28
18382,60.12,13.2,0.0,120.24
18383,114.0,17.1,0.0,1140.0
18384,63.47,-244.39,0.8,63.47
18385,154.44,1.54,0.0,463.32
18386,41.28,18.12,0.0,165.12
18387,38.4,8.82,0.0,76.8
18388,73.35,2.19,0.0,73.35
18389,27.74,-25.9,0.7,55.48
18390,140.95,-105.77,0.6,281.9
18391,79.08,24.48,0.0,237.24
18392,88.03,-24.97,0.4,176.06
18393,84.6,0.72,0.0,761.4
18394,86.4,12.96,0.0,691.2
18395,70.07,-66.58,0.6,70.07
18396,86.26,11.46,0.4,345.04
18397,69.55,3.43,0.4,208.64999999999998
18398,130.32,14.32,0.0,521.28
18399,53.4,14.94,0.0,106.8
18400,223.58,87.2,0.0,3130.1200000000003
18401,81.27,40.59,0.0,243.81
18402,74.16,20.7,0.0,444.96
18403,54.36,10.8,0.0,163.07999999999998
18404,66.3,8.62,0.0,198.89999999999998
18405,93.42,37.32,0.0,280.26
18406,95.44,21.94,0.0,95.44
18407,64.24,-62.12,0.7,128.48
18408,57.36,6.84,0.0,114.72
18409,38.04,-0.84,0.5,304.32
18410,27.32,-2.44,0.1,54.64
18411,207.15,55.8,0.0,1035.75
18412,53.52,12.84,0.0,214.08
18413,40.98,17.16,0.0,81.96
18414,19.01,6.89,0.2,57.03
18415,101.27,-114.85,0.7,405.08
18416,30.12,5.7,0.0,30.12
18417,57.02,-24.76,0.4,114.04
18418,590.06,-786.74,0.7,4130.42
18419,552.56,0.0,0.0,2210.24
18420,88.74,7.38,0.4,266.21999999999997
18421,55.2,17.64,0.0,331.20000000000005
18422,99.0,13.8,0.0,495.0
18423,61.92,10.44,0.0,247.68
18424,78.66,5.4,0.0,471.96
18425,89.1,-14.88,0.4,267.29999999999995
18426,144.56,37.52,0.0,578.24
18427,55.35,8.85,0.0,55.35
18428,82.86,22.32,0.0,165.72
18429,29.97,2.61,0.1,89.91
18430,100.15,-23.39,0.4,100.15
18431,23.76,5.94,0.0,23.76
18432,45.98,0.5,0.1,45.98
18433,72.24,25.28,0.0,288.96
18434,78.4,35.2,0.0,392.0
18435,29.61,10.35,0.0,29.61
18436,39.84,-12.96,0.6,39.84
18437,139.04,38.93,0.0,556.16
18438,117.79,-104.45,0.47,471.16
18439,36.27,10.88,0.0,108.81
18440,82.5,33.75,0.0,412.5
18441,24.0,-6.4,0.4,48.0
18442,115.74,24.3,0.0,347.21999999999997
18443,86.0,15.4,0.0,430.0
18444,152.35,-96.53,0.4,304.7
18445,50.94,1.44,0.0,152.82
18446,66.6,15.84,0.0,399.59999999999997
18447,111.54,49.56,0.1,111.54
18448,59.46,15.42,0.0,118.92
18449,140.52,2.76,0.0,421.56000000000006
18450,23.7,3.3,0.0,71.1
18451,43.61,19.31,0.1,218.05
18452,97.92,32.28,0.0,195.84
18453,337.18,-118.01,0.4,674.36
18454,56.65,-48.17,0.6,56.65
18455,47.25,11.31,0.25,94.5
18456,62.34,-54.06,0.7,62.34
18457,49.68,23.34,0.0,99.36
18458,65.4,-1.12,0.4,130.8
18459,25.94,-1.96,0.2,25.94
18460,93.03,20.37,0.0,651.21
18461,136.16,-59.14,0.4,953.12
18462,336.36,36.96,0.0,1009.08
18463,77.12,0.0,0.0,154.24
18464,69.54,27.12,0.0,69.54
18465,58.8,-27.96,0.6,235.2
18466,163.15,11.11,0.002,326.3
18467,29.86,-0.02,0.1,59.72
18468,59.31,24.84,0.0,177.93
18469,61.96,27.88,0.0,123.92
18470,67.32,11.4,0.0,269.28
18471,47.12,20.73,0.0,376.96
18472,95.64,23.88,0.0,573.84
18473,20.77,-52.96,0.8,166.16
18474,116.78,-206.33,0.7,116.78
18475,24.72,10.86,0.0,24.72
18476,34.3,4.8,0.0,171.5
18477,37.78,4.98,0.4,151.12
18478,96.18,8.64,0.0,192.36
18479,50.7,22.8,0.0,101.4
18480,49.19,-39.97,0.47,98.38
18481,53.7,14.4,0.0,268.5
18482,1085.42,282.21,0.0,7597.9400000000005
18483,114.34,2.83,0.2,343.02
18484,82.06,-17.39,0.47,1066.78
18485,48.24,15.36,0.0,192.96
18486,66.44,21.92,0.0,132.88
18487,26.96,-14.57,0.5,26.96
18488,41.83,-40.46,0.7,41.83
18489,123.3,30.81,0.0,123.3
18490,45.69,7.29,0.0,45.69
18491,86.94,-78.3,0.5,347.76
18492,49.74,11.91,0.0,49.74
18493,50.52,-21.24,0.5,101.04
18494,61.92,27.18,0.0,371.52
18495,82.56,-30.96,0.6,82.56
18496,65.9,17.78,0.0,65.9
18497,85.95,32.55,0.0,429.75
18498,34.2,8.16,0.0,68.4
18499,55.35,8.85,0.0,55.35
18500,93.48,28.02,0.0,186.96
18501,25.92,12.6,0.0,103.68
18502,152.93,61.13,0.1,305.86
18503,19.3,-14.48,0.6,96.5
18504,97.86,48.9,0.0,195.72
18505,156.15,42.15,0.0,780.75
18506,119.96,12.0,0.2,599.8
18507,46.2,12.94,0.0,184.8
18508,95.04,46.56,0.0,190.08
18509,705.54,70.55,0.2,4938.78
18510,436.0,5.13,0.15,1308.0
18511,78.3,20.34,0.0,234.89999999999998
18512,470.38,47.04,0.2,1411.1399999999999
18513,1113.5,125.27,0.2,13362.0
18514,44.58,12.9,0.0,44.58
18515,45.41,-62.47,0.6,181.64
18516,483.14,54.35,0.2,1932.56
18517,974.99,-97.5,0.3,3899.96
18518,302.38,37.8,0.2,907.14
18519,17.36,8.48,0.0,34.72
18520,572.16,35.76,0.2,1716.48
18521,133.98,33.5,0.0,267.96
18522,31.41,10.62,0.0,94.23
18523,32.68,-42.5,0.6,32.68
18524,10.27,0.9,0.2,30.81
18525,28.91,-36.89,0.6,57.82
18526,41.09,2.05,0.2,82.18
18527,30.42,-2.58,0.4,91.26
18528,478.24,219.99,0.0,3825.92
18529,51.75,17.58,0.0,51.75
18530,44.89,-5.15,0.47,134.67000000000002
18531,1979.93,148.49,0.2,17819.37
18532,12.69,5.82,0.0,12.69
18533,419.68,-356.73,0.6,2098.4
18534,31.72,-37.28,0.6,31.72
18535,98.35,35.65,0.2,295.04999999999995
18536,299.97,56.99,0.0,899.9100000000001
18537,375.34,18.77,0.0,375.34
18538,70.04,-4.06,0.47,350.20000000000005
18539,459.88,13.8,0.0,1839.52
18540,76.61,-4.93,0.2,459.65999999999997
18541,96.78,0.0,0.0,193.56
18542,450.36,190.08,0.1,1801.44
18543,317.06,-18.12,0.3,951.1800000000001
18544,134.01,36.18,0.0,1206.09
18545,36.0,-8.88,0.47,144.0
18546,98.7,10.8,0.0,493.5
18547,24.42,0.0,0.0,48.84
18548,27.43,-3.35,0.4,164.57999999999998
18549,102.54,18.42,0.0,205.08
18550,74.34,23.76,0.0,223.02
18551,68.8,-45.86,0.4,206.39999999999998
18552,29.1,6.36,0.0,58.2
18553,31.68,-4.32,0.4,126.72
18554,22.34,7.82,0.2,89.36
18555,62.42,11.78,0.1,249.68
18556,25.92,11.64,0.0,51.84
18557,11.54,5.54,0.0,11.54
18558,51.6,10.8,0.0,206.4
18559,41.55,3.3,0.0,207.75
18560,54.18,21.66,0.0,108.36
18561,12.78,5.75,0.0,12.78
18562,9.89,-6.92,0.7,19.78
18563,43.56,16.92,0.0,174.24
18564,54.78,18.06,0.0,109.56
18565,2.86,-4.58,0.8,11.44
18566,44.09,-46.3,0.6,44.09
18567,64.72,-5.84,0.1,194.16
18568,8.57,-14.57,0.8,25.71
18569,17.01,7.14,0.0,17.01
18570,70.96,-3.2,0.1,283.84
18571,3.64,1.64,0.0,7.28
18572,18.58,6.5,0.0,18.58
18573,22.86,10.74,0.0,45.72
18574,4.91,0.31,0.2,9.82
18575,212.94,34.07,0.0,638.8199999999999
18576,60.54,20.58,0.0,121.08
18577,34.29,12.33,0.0,102.87
18578,33.44,14.36,0.0,66.88
18579,44.08,15.84,0.0,176.32
18580,61.62,17.22,0.0,123.24
18581,272.94,30.02,0.0,818.8199999999999
18582,29.58,5.01,0.0,29.58
18583,23.52,0.45,0.0,23.52
18584,55.44,-33.3,0.5,110.88
18585,60.66,-20.22,0.4,181.98
18586,69.66,-30.78,0.5,626.9399999999999
18587,55.86,6.12,0.0,111.72
18588,74.02,-98.78,0.7,296.08
18589,75.57,19.23,0.1,226.70999999999998
18590,37.9,5.68,0.0,37.9
18591,146.73,68.96,0.0,440.18999999999994
18592,33.38,-10.03,0.6,33.38
18593,29.6,14.8,0.0,59.2
18594,46.44,15.3,0.0,92.88
18595,61.92,-101.16,0.7,247.68
18596,44.82,4.92,0.0,89.64
18597,16.46,1.85,0.2,115.22
18598,63.9,27.45,0.0,319.5
18599,3.14,-4.7,0.8,6.28
18600,21.6,5.4,0.0,43.2
18601,22.92,11.23,0.0,68.76
18602,29.85,-4.8,0.5,149.25
18603,444.77,44.48,0.2,1779.08
18604,30.3,5.1,0.0,60.6
18605,32.67,16.29,0.0,98.01
18606,55.5,25.5,0.0,111.0
18607,641.96,179.75,0.0,1283.92
18608,89.52,35.76,0.0,716.16
18609,14.96,-0.52,0.1,29.92
18610,181.99,-54.6,0.3,363.98
18611,99.98,8.0,0.0,199.96
18612,45.43,-34.13,0.6,272.58
18613,47.4,17.04,0.0,94.8
18614,25.83,9.03,0.0,25.83
18615,52.74,21.6,0.0,105.48
18616,106.5,41.54,0.0,639.0
18617,34.15,0.55,0.4,34.15
18618,45.24,12.21,0.0,45.24
18619,42.57,10.62,0.0,127.71000000000001
18620,69.22,11.25,0.2,415.32
18621,57.75,17.85,0.0,288.75
18622,32.04,8.01,0.0,96.12
18623,38.2,4.9,0.0,191.0
18624,1013.83,101.38,0.2,9124.470000000001
18625,51.39,1.89,0.47,102.78
18626,440.19,206.89,0.0,3961.71
18627,64.02,30.06,0.0,128.04
18628,53.64,20.37,0.0,53.64
18629,26.52,6.06,0.0,53.04
18630,34.32,5.4,0.0,137.28
18631,232.55,9.3,0.0,1162.75
18632,8187.65,327.51,0.0,40938.25
18633,48.82,-11.59,0.2,146.46
18634,19.04,8.72,0.0,76.16
18635,38.28,-1.98,0.4,421.08000000000004
18636,49.26,4.92,0.0,98.52
18637,85.75,-137.27,0.7,514.5
18638,45.45,6.3,0.0,136.35000000000002
18639,76.14,25.11,0.0,228.42000000000002
18640,27.79,10.42,0.2,83.37
18641,61.02,17.04,0.0,183.06
18642,43.56,6.52,0.0,87.12
18643,45.41,17.63,0.1,45.41
18644,24.67,-18.53,0.6,24.67
18645,52.2,13.56,0.0,104.4
18646,43.2,17.28,0.1,43.2
18647,32.53,-7.37,0.47,65.06
18648,80.55,24.15,0.0,402.75
18649,49.22,-27.1,0.6,49.22
18650,26.64,2.37,0.0,26.64
18651,15.86,-15.34,0.7,31.72
18652,17.46,-30.56,0.8,104.76
18653,29.9,5.08,0.0,149.5
18654,30.82,-14.38,0.4,61.64
18655,31.0,1.52,0.0,62.0
18656,18.54,2.4,0.0,55.62
18657,42.4,9.28,0.0,339.2
18658,43.3,-5.84,0.47,303.09999999999997
18659,42.98,-51.64,0.6,85.96
18660,87.95,-82.09,0.7,351.8
18661,464.0,134.56,0.0,2320.0
18662,575.92,71.99,0.2,1151.84
18663,23.79,2.37,0.0,23.79
18664,45.75,21.03,0.0,45.75
18665,159.97,29.99,0.2,639.88
18666,20.48,2.72,0.2,163.84
18667,89.82,25.15,0.0,538.92
18668,30.21,4.83,0.0,30.21
18669,45.36,16.29,0.0,136.07999999999998
18670,79.29,1.53,0.0,237.87
18671,69.98,13.3,0.0,139.96
18672,35.04,1.74,0.0,35.04
18673,65.16,7.16,0.0,130.32
18674,42.07,-11.93,0.47,126.21000000000001
18675,49.02,19.56,0.0,98.04
18676,38.52,6.54,0.0,38.52
18677,60.0,-52.8,0.5,300.0
18678,74.7,23.88,0.0,224.10000000000002
18679,108.48,-36.22,0.4,542.4
18680,31.36,13.72,0.0,219.51999999999998
18681,39.36,9.76,0.2,196.8
18682,38.4,8.82,0.0,76.8
18683,35.94,8.22,0.0,71.88
18684,47.82,10.98,0.0,47.82
18685,18.77,-12.25,0.6,37.54
18686,72.84,30.57,0.0,72.84
18687,55.44,19.32,0.0,221.76
18688,101.63,-25.45,0.4,304.89
18689,43.2,-4.32,0.1,43.2
18690,43.92,18.0,0.0,175.68
18691,32.72,1.04,0.4,65.44
18692,43.13,4.25,0.4,172.52
18693,43.3,-56.3,0.7,43.3
18694,79.28,1.98,0.2,79.28
18695,53.82,-3.68,0.4,269.1
18696,12.35,-5.35,0.4,37.05
18697,31.14,4.32,0.0,93.42
18698,67.86,0.0,0.0,135.72
18699,19.14,4.2,0.0,19.14
18700,75.39,14.28,0.0,527.73
18701,52.38,19.68,0.15,104.76
18702,320.88,93.06,0.0,1925.28
18703,269.97,-386.96,0.7,539.94
18704,61.24,2.02,0.1,367.44
18705,53.28,3.72,0.0,106.56
18706,38.28,14.16,0.0,114.84
18707,52.2,0.5,0.0,261.0
18708,21.5,1.58,0.2,64.5
18709,31.33,-25.07,0.6,125.32
18710,54.69,5.46,0.0,54.69
18711,43.47,2.16,0.0,43.47
18712,37.38,3.36,0.0,74.76
18713,44.34,0.0,0.0,88.68
18714,52.74,21.6,0.0,105.48
18715,43.33,-18.17,0.45,86.66
18716,23.72,-5.98,0.4,47.44
18717,49.06,1.18,0.2,343.42
18718,59.1,20.64,0.0,177.3
18719,54.98,-46.78,0.6,219.92
18720,59.96,21.74,0.2,299.8
18721,92.34,7.38,0.0,277.02
18722,47.34,-17.1,0.5,94.68
18723,22.05,3.96,0.0,22.05
18724,60.97,-79.28,0.7,60.97
18725,90.36,19.86,0.0,180.72
18726,51.45,15.75,0.0,360.15000000000003
18727,72.0,3.6,0.0,360.0
18728,48.39,-23.01,0.45,338.73
18729,4.96,2.33,0.0,19.84
18730,41.08,13.96,0.0,82.16
18731,65.36,-0.84,0.2,326.8
18732,69.18,21.44,0.0,69.18
18733,58.8,-18.7,0.4,294.0
18734,14.6,3.92,0.0,29.2
18735,125.34,60.15,0.0,125.34
18736,46.14,4.08,0.1,46.14
18737,86.07,36.99,0.0,86.07
18738,22.2,1.98,0.0,22.2
18739,39.22,-41.84,0.7,78.44
18740,22.0,1.38,0.2,110.0
18741,12.1,4.3,0.1,24.2
18742,79.38,-6.39,0.5,238.14
18743,52.6,1.72,0.1,105.2
18744,34.2,2.0,0.0,171.0
18745,29.64,0.28,0.0,59.28
18746,35.76,12.12,0.0,71.52
18747,49.65,20.85,0.0,248.25
18748,40.29,4.83,0.0,40.29
18749,4.36,0.17,0.0,8.72
18750,64.25,12.29,0.27,128.5
18751,113.76,1.08,0.0,227.52
18752,51.66,18.06,0.0,103.32
18753,21.48,10.74,0.0,128.88
18754,31.64,-2.92,0.1,126.56
18755,12.32,-9.88,0.6,12.32
18756,76.71,7.59,0.1,230.13
18757,48.42,13.05,0.0,48.42
18758,28.03,11.17,0.1,56.06
18759,30.87,6.12,0.0,92.61
18760,33.71,-24.19,0.47,168.55
18761,28.08,0.0,0.0,84.24
18762,22.8,7.65,0.0,114.0
18763,74.11,-22.37,0.6,592.88
18764,62.37,-22.23,0.27,124.74
18765,58.14,2.88,0.4,174.42000000000002
18766,34.65,9.7,0.0,103.94999999999999
18767,24.09,4.56,0.0,24.09
18768,28.14,4.2,0.0,56.28
18769,69.93,32.17,0.0,489.51000000000005
18770,31.28,12.48,0.0,125.12
18771,49.6,7.44,0.0,99.2
18772,15.55,5.44,0.2,46.650000000000006
18773,44.1,8.82,0.0,132.3
18774,19.46,5.06,0.0,136.22
18775,35.55,-9.99,0.5,106.64999999999999
18776,9.76,-6.83,0.7,19.52
18777,75.13,-75.23,0.7,300.52
18778,86.24,10.08,0.0,1207.36
18779,48.87,16.59,0.0,48.87
18780,28.72,-17.24,0.6,28.72
18781,196.78,14.76,0.2,590.34
18782,48.77,-5.53,0.2,146.31
18783,85.12,40.8,0.0,680.96
18784,57.6,-33.6,0.4,172.8
18785,22.2,9.3,0.0,111.0
18786,38.7,15.03,0.0,116.10000000000001
18787,117.12,52.68,0.0,468.48
18788,72.0,1.2,0.4,288.0
18789,26.72,9.35,0.2,133.6
18790,69.3,-66.54,0.5,277.2
18791,47.49,3.78,0.0,47.49
18792,22.2,1.98,0.0,22.2
18793,42.43,-12.77,0.6,127.28999999999999
18794,44.28,0.44,0.0,44.28
18795,23.1,1.38,0.0,69.30000000000001
18796,34.2,2.0,0.0,171.0
18797,1.99,-1.44,0.6,1.99
18798,50.7,13.68,0.0,101.4
18799,271.96,17.0,0.2,1359.8
18800,61.6,19.24,0.17,123.2
18801,24.72,11.1,0.0,49.44
18802,32.22,9.66,0.0,64.44
18803,8.9,0.67,0.2,35.6
18804,31.48,0.64,0.1,62.96
18805,27.39,9.03,0.0,27.39
18806,20.64,2.32,0.2,103.2
18807,1196.86,119.69,0.0,8378.019999999999
18808,272.61,98.14,0.0,3543.9300000000003
18809,14.83,1.93,0.4,29.66
18810,135.84,23.04,0.0,1086.72
18811,33.1,0.7,0.1,66.2
18812,40.14,18.84,0.0,80.28
18813,28.35,8.49,0.0,28.35
18814,26.22,1.8,0.0,52.44
18815,69.12,8.16,0.0,552.96
18816,30.42,-2.58,0.4,91.26
18817,48.4,11.6,0.0,242.0
18818,43.86,-9.54,0.4,219.3
18819,52.67,-28.99,0.4,158.01
18820,68.28,23.16,0.0,273.12
18821,33.75,2.25,0.1,67.5
18822,39.45,10.02,0.1,118.35000000000001
18823,54.78,18.06,0.0,109.56
18824,13.53,-4.89,0.5,27.06
18825,74.52,10.35,0.0,223.56
18826,53.28,3.72,0.0,106.56
18827,28.11,11.19,0.1,84.33
18828,42.2,-97.09,0.7,42.2
18829,121.59,44.97,0.0,121.59
18830,101.94,21.41,0.0,611.64
18831,18.58,5.14,0.1,37.16
18832,51.12,10.2,0.2,153.35999999999999
18833,69.5,-24.64,0.402,69.5
18834,35.66,-2.68,0.2,106.97999999999999
18835,40.18,-18.08,0.6,80.36
18836,19.31,3.14,0.2,38.62
18837,56.88,1.08,0.0,227.52
18838,44.87,-2.53,0.1,89.74
18839,59.64,26.82,0.0,178.92000000000002
18840,48.66,22.86,0.0,48.66
18841,6.57,-5.04,0.7,19.71
18842,201.58,20.16,0.2,403.16
18843,74.35,23.24,0.2,223.04999999999998
18844,53.94,15.64,0.0,161.82
18845,48.61,3.53,0.2,340.27
18846,60.37,-25.19,0.4,181.10999999999999
18847,62.96,15.32,0.1,251.84
18848,28.8,1.44,0.0,57.6
18849,3504.9,700.98,0.0,17524.5
18850,95.16,4.74,0.0,190.32
18851,561.58,70.2,0.2,1123.16
18852,41.25,5.7,0.0,206.25
18853,207.76,85.18,0.0,831.04
18854,35.82,15.03,0.0,107.46000000000001
18855,87.96,37.8,0.0,87.96
18856,11.37,4.08,0.0,11.37
18857,24.16,-14.54,0.4,72.48
18858,39.6,5.52,0.0,79.2
18859,73.34,27.5,0.2,220.02
18860,48.61,-108.56,0.7,48.61
18861,26.43,0.51,0.0,26.43
18862,52.2,4.68,0.0,156.60000000000002
18863,12.81,3.57,0.0,12.81
18864,29.16,8.46,0.0,87.48
18865,44.7,8.49,0.0,44.7
18866,43.52,10.44,0.0,87.04
18867,22.51,6.13,0.2,67.53
18868,56.05,-0.05,0.4,168.14999999999998
18869,83.65,13.23,0.002,83.65
18870,100.26,18.9,0.0,902.34
18871,629.95,163.79,0.0,3149.75
18872,49.74,11.91,0.0,49.74
18873,209.7,100.66,0.0,419.4
18874,61.38,15.96,0.0,368.28000000000003
18875,27.24,2.72,0.2,81.72
18876,29.28,13.17,0.0,29.28
18877,59.94,25.29,0.1,179.82
18878,9.84,2.85,0.0,29.52
18879,71.67,29.37,0.0,71.67
18880,18.9,8.69,0.0,56.699999999999996
18881,51.96,-3.54,0.4,259.8
18882,32.51,-13.57,0.4,97.53
18883,11.76,3.18,0.0,47.04
18884,47.97,8.61,0.0,47.97
18885,390.27,-24.39,0.2,3122.16
18886,208.44,62.53,0.0,625.3199999999999
18887,307.14,26.87,0.2,1228.56
18888,63.39,17.73,0.0,63.39
18889,15.07,-14.06,0.7,15.07
18890,38.41,-3.53,0.45,76.82
18891,53.04,24.36,0.0,212.16
18892,453.58,39.69,0.2,1360.74
18893,86.4,4.32,0.4,777.6
18894,49.09,15.33,0.2,196.36
18895,48.96,2.4,0.0,293.76
18896,20.11,-29.18,0.6,20.11
18897,40.29,4.83,0.0,40.29
18898,45.48,16.32,0.0,181.92
18899,56.99,3.77,0.4,170.97
18900,854.94,213.74,0.0,2564.82
18901,69.57,14.58,0.0,69.57
18902,377.93,141.72,0.2,3401.37
18903,18.8,-20.23,0.6,18.8
18904,55.56,8.31,0.0,55.56
18905,9.26,3.06,0.0,18.52
18906,16.64,-2.5,0.2,16.64
18907,43.75,-0.77,0.4,87.5
18908,95.6,24.8,0.0,478.0
18909,45.22,-0.02,0.4,90.44
18910,29.34,7.02,0.0,176.04
18911,23.52,0.45,0.0,23.52
18912,17.46,5.94,0.0,34.92
18913,23.5,-7.1,0.27,23.5
18914,26.14,2.38,0.45,52.28
18915,43.68,-35.91,0.5,305.76
18916,15.24,6.84,0.0,30.48
18917,34.02,16.67,0.0,102.06
18918,18.47,3.23,0.1,36.94
18919,59.25,1.17,0.0,59.25
18920,0.84,-1.34,0.8,0.84
18921,717.72,71.77,0.2,2153.16
18922,82.5,33.75,0.0,412.5
18923,75.72,27.24,0.0,302.88
18924,52.83,10.53,0.0,158.49
18925,46.32,12.03,0.0,46.32
18926,12.39,5.82,0.0,37.17
18927,3499.93,909.98,0.0,24499.51
18928,37.84,2.24,0.0,75.68
18929,27.18,11.64,0.0,81.53999999999999
18930,21.5,-19.9,0.6,43.0
18931,41.43,11.16,0.0,41.43
18932,48.9,1.44,0.0,48.9
18933,77.52,36.36,0.0,310.08
18934,725.84,210.49,0.0,2903.36
18935,51.27,17.94,0.0,51.27
18936,31.14,10.86,0.0,62.28
18937,27.36,5.64,0.0,109.44
18938,32.52,13.32,0.0,32.52
18939,22.14,7.18,0.2,88.56
18940,30.48,2.73,0.0,30.48
18941,46.92,15.9,0.0,93.84
18942,437.85,131.36,0.0,1313.5500000000002
18943,40.92,6.12,0.0,40.92
18944,70.56,1.35,0.0,211.68
18945,51.6,10.83,0.0,51.6
18946,5.3,0.46,0.2,15.899999999999999
18947,339.96,122.39,0.0,1359.84
18948,13.68,4.77,0.0,13.68
18949,33.2,-10.09,0.47,99.60000000000001
18950,207.72,-191.16,0.5,623.16
18951,22.72,9.04,0.0,90.88
18952,30.4,8.8,0.0,152.0
18953,36.44,2.52,0.0,72.88
18954,194.04,32.88,0.0,1164.24
18955,51.16,18.92,0.0,102.32
18956,29.91,11.94,0.0,29.91
18957,70.95,-44.1,0.5,354.75
18958,79.0,-100.73,0.6,79.0
18959,58.56,10.96,0.2,117.12
18960,53.5,20.3,0.0,267.5
18961,30.14,-9.06,0.4,120.56
18962,66.07,-36.37,0.4,132.14
18963,51.9,-35.06,0.6,207.6
18964,126.96,34.26,0.0,126.96
18965,13.62,-0.6,0.5,27.24
18966,310.12,80.63,0.0,620.24
18967,66.18,-5.91,0.1,198.54000000000002
18968,52.2,13.56,0.0,104.4
18969,27.72,13.86,0.0,55.44
18970,67.98,6.09,0.0,67.98
18971,56.92,19.6,0.1,113.84
18972,61.56,3.36,0.1,307.8
18973,95.1,12.36,0.0,190.2
18974,84.96,38.16,0.0,254.88
18975,17.52,7.5,0.0,35.04
18976,56.79,22.68,0.0,170.37
18977,50.58,-32.92,0.4,252.89999999999998
18978,51.63,-61.97,0.7,258.15000000000003
18979,37.9,5.6,0.0,189.5
18980,149.3,25.3,0.0,746.5
18981,23.62,-5.62,0.2,47.24
18982,34.92,11.16,0.0,104.76
18983,718.64,-161.69,0.2,7186.4
18984,24.12,10.08,0.0,72.36
18985,50.41,-49.16,0.6,50.41
18986,50.0,17.12,0.1,200.0
18987,74.08,7.36,0.0,296.32
18988,52.65,23.16,0.0,52.65
18989,22.9,-11.3,0.47,91.6
18990,40.87,-31.73,0.6,81.74
18991,58.65,25.2,0.0,293.25
18992,72.84,30.57,0.0,72.84
18993,292.1,58.42,0.0,584.2
18994,23.4,7.23,0.0,23.4
18995,50.4,4.02,0.0,100.8
18996,51.09,14.79,0.0,51.09
18997,21.3,5.28,0.0,42.6
18998,145.98,-99.27,0.5,291.96
18999,61.06,-34.64,0.4,183.18
19000,41.2,5.7,0.0,206.0
19001,94.2,31.95,0.0,471.0
19002,50.07,-91.8,0.7,50.07
19003,146.69,45.84,0.2,1173.52
19004,72.79,-31.57,0.4,145.58
19005,44.83,-8.45,0.2,268.98
19006,77.16,4.56,0.0,308.64
19007,38.4,8.82,0.0,76.8
19008,29.76,6.54,0.0,59.52
19009,59.4,0.0,0.0,178.2
19010,94.44,-25.98,0.6,188.88
19011,50.09,-63.46,0.7,50.09
19012,111.89,22.38,0.2,783.23
19013,48.86,17.1,0.0,48.86
19014,61.25,-130.69,0.7,61.25
19015,48.42,2.88,0.0,48.42
19016,95.76,7.18,0.2,574.5600000000001
19017,54.0,18.36,0.0,108.0
19018,101.36,1.91,0.47,506.8
19019,51.84,0.48,0.0,414.72
19020,94.08,27.24,0.0,188.16
19021,51.45,13.89,0.0,154.35000000000002
19022,72.29,-38.59,0.4,433.74
19023,62.64,18.72,0.0,187.92000000000002
19024,55.46,22.76,0.1,110.92
19025,25.05,1.5,0.0,25.05
19026,41.7,20.85,0.0,208.5
19027,22.29,10.68,0.0,22.29
19028,16.95,6.09,0.0,16.95
19029,41.8,10.66,0.1,83.6
19030,41.9,8.8,0.0,83.8
19031,22.29,-8.92,0.6,156.03
19032,30.24,10.86,0.0,60.48
19033,15.87,6.33,0.0,15.87
19034,124.79,15.6,0.2,124.79
19035,87.16,16.42,0.1,174.32
19036,102.34,14.07,0.2,818.72
19037,111.1,8.33,0.2,777.6999999999999
19038,66.33,11.88,0.0,198.99
19039,238.9,-26.88,0.2,1433.4
19040,73.18,-197.58,0.8,439.08000000000004
19041,30.36,0.6,0.0,60.72
19042,180.72,54.12,0.0,722.88
19043,30.82,-52.4,0.7,61.64
19044,25.62,8.94,0.0,51.24
19045,21.72,2.82,0.0,43.44
19046,98.57,-64.07,0.4,98.57
19047,16.24,-0.86,0.4,48.72
19048,56.32,2.24,0.0,225.28
19049,62.4,13.08,0.0,187.2
19050,63.84,5.32,0.4,127.68
19051,56.38,3.5,0.2,225.52
19052,60.32,20.48,0.0,120.64
19053,73.98,-57.78,0.5,221.94
19054,46.41,21.81,0.0,46.41
19055,50.7,22.8,0.0,101.4
19056,64.11,-35.25,0.47,769.3199999999999
19057,26.89,11.05,0.1,53.78
19058,48.6,20.88,0.0,48.6
19059,85.26,0.84,0.0,85.26
19060,78.16,-46.94,0.4,156.32
19061,43.47,2.16,0.0,43.47
19062,50.58,2.52,0.0,101.16
19063,68.61,24.0,0.0,68.61
19064,65.66,10.94,0.4,787.92
19065,119.96,7.5,0.2,119.96
19066,51.78,19.14,0.0,51.78
19067,65.28,18.24,0.0,130.56
19068,37.8,11.7,0.0,75.6
19069,73.26,-51.3,0.5,146.52
19070,26.28,5.25,0.0,26.28
19071,35.22,17.58,0.0,70.44
19072,11.32,3.16,0.0,11.32
19073,26.1,6.78,0.0,26.1
19074,48.9,6.84,0.0,97.8
19075,45.68,-56.38,0.7,274.08
19076,594.36,112.92,0.0,2377.44
19077,36.0,8.2,0.0,180.0
19078,79.5,1.56,0.0,238.5
19079,16.79,4.07,0.1,33.58
19080,28.02,10.32,0.0,56.04
19081,72.21,-49.11,0.5,72.21
19082,29.67,2.67,0.0,29.67
19083,22.92,5.94,0.0,45.84
19084,89.99,29.27,0.17,179.98
19085,27.09,13.53,0.0,27.09
19086,34.74,11.43,0.0,104.22
19087,49.5,1.44,0.0,148.5
19088,56.82,8.52,0.0,56.82
19089,29.79,10.71,0.0,29.79
19090,49.2,21.15,0.0,49.2
19091,61.85,-14.47,0.4,185.55
19092,81.96,31.92,0.0,491.76
19093,21.86,2.98,0.2,43.72
19094,29.49,6.18,0.0,29.49
19095,107.65,33.64,0.2,215.3
19096,1259.93,327.58,0.0,8819.51
19097,12.24,4.02,0.0,12.24
19098,46.8,-42.12,0.5,140.39999999999998
19099,69.84,27.9,0.0,139.68
19100,71.64,-93.18,0.7,143.28
19101,53.31,-65.76,0.7,53.31
19102,39.6,0.0,0.0,118.80000000000001
19103,55.44,19.32,0.0,221.76
19104,30.66,1.5,0.0,61.32
19105,55.14,17.07,0.0,55.14
19106,12.96,6.22,0.0,25.92
19107,1137.75,250.31,0.0,5688.75
19108,49.1,-93.34,0.7,196.4
19109,26.4,7.08,0.0,52.8
19110,48.45,12.09,0.0,48.45
19111,47.82,-13.58,0.4,239.1
19112,46.53,1.8,0.0,139.59
19113,44.19,-12.15,0.27,88.38
19114,471.92,29.5,0.2,943.84
19115,55.92,8.34,0.0,111.84
19116,223.92,109.72,0.0,895.68
19117,64.4,0.64,0.0,128.8
19118,48.51,6.78,0.0,48.51
19119,703.71,-938.28,0.7,4222.26
19120,44.4,-22.24,0.4,177.6
19121,58.97,-76.69,0.7,117.94
19122,41.22,18.54,0.0,123.66
19123,286.85,63.11,0.0,286.85
19124,57.9,8.1,0.0,115.8
19125,49.44,14.31,0.0,49.44
19126,43.29,3.87,0.0,129.87
19127,21.54,8.4,0.0,43.08
19128,45.36,6.72,0.0,181.44
19129,444.31,-140.87,0.4,3998.79
19130,42.05,-54.75,0.6,336.4
19131,49.65,-56.28,0.7,49.65
19132,72.95,-2.44,0.1,510.65000000000003
19133,36.0,-16.98,0.47,72.0
19134,53.4,14.94,0.0,106.8
19135,102.96,25.68,0.0,411.84
19136,52.08,18.72,0.0,156.24
19137,85.05,25.47,0.0,255.14999999999998
19138,74.79,22.29,0.1,373.95000000000005
19139,55.26,8.28,0.0,110.52
19140,42.0,-31.95,0.5,210.0
19141,37.13,1.58,0.1,185.65
19142,28.8,4.32,0.0,28.8
19143,143.95,17.99,0.2,863.6999999999999
19144,94.8,1.8,0.0,474.0
19145,85.06,28.71,0.2,255.18
19146,46.41,3.99,0.0,324.87
19147,47.62,-70.34,0.6,285.71999999999997
19148,80.97,36.42,0.0,80.97
19149,86.2,25.0,0.0,431.0
19150,39.67,3.19,0.4,158.68
19151,55.86,-43.62,0.5,223.44
19152,44.4,3.96,0.0,88.8
19153,86.1,15.48,0.0,172.2
19154,73.16,-186.57,0.8,438.96
19155,50.76,16.74,0.0,101.52
19156,19.5,7.8,0.0,19.5
19157,89.1,-14.88,0.4,267.29999999999995
19158,52.33,-34.05,0.4,366.31
19159,77.7,38.78,0.0,543.9
19160,88.26,36.18,0.0,176.52
19161,53.28,-55.95,0.6,53.28
19162,76.48,-175.94,0.7,152.96
19163,63.66,17.82,0.0,127.32
19164,72.32,7.7,0.25,144.64
19165,62.61,18.78,0.0,62.61
19166,60.05,-69.07,0.6,60.05
19167,53.7,0.0,0.0,53.7
19168,30.12,5.7,0.0,30.12
19169,100.44,16.02,0.0,200.88
19170,86.35,32.59,0.1,172.7
19171,48.72,19.44,0.0,97.44
19172,6.48,3.11,0.0,6.48
19173,12.9,5.01,0.0,12.9
19174,17.81,-23.71,0.6,71.24
19175,20.82,1.86,0.0,62.46
19176,29.34,3.48,0.0,88.02
19177,17.15,-7.25,0.5,51.449999999999996
19178,26.37,-4.77,0.5,52.74
19179,48.6,-4.86,0.4,145.8
19180,138.96,-66.78,0.5,833.76
19181,42.42,19.92,0.0,42.42
19182,101.04,29.28,0.0,202.08
19183,76.65,29.82,0.0,536.5500000000001
19184,63.88,24.91,0.0,255.52
19185,66.0,1.92,0.0,264.0
19186,46.98,-26.46,0.5,563.76
19187,36.4,17.47,0.0,182.0
19188,131.8,40.8,0.0,659.0
19189,50.7,0.99,0.0,50.7
19190,20.13,5.22,0.0,20.13
19191,14.71,-14.75,0.7,29.42
19192,31.14,13.98,0.0,93.42
19193,39.32,16.88,0.0,78.64
19194,96.66,24.66,0.1,193.32
19195,152.28,28.8,0.0,913.6800000000001
19196,31.12,5.74,0.3,62.24
19197,26.75,-11.41,0.6,107.0
19198,50.7,0.99,0.0,50.7
19199,61.24,7.06,0.4,367.44
19200,79.21,15.79,0.3,158.42
19201,29.61,10.35,0.0,29.61
19202,64.37,-10.18,0.17,321.85
19203,46.1,10.1,0.0,230.5
19204,98.64,6.9,0.0,295.92
19205,45.0,3.6,0.0,180.0
19206,15.71,5.7,0.2,62.84
19207,39.33,2.7,0.0,117.99
19208,29.24,-35.11,0.6,29.24
19209,23.85,10.73,0.0,119.25
19210,12.14,4.1,0.2,36.42
19211,56.46,14.1,0.0,56.46
19212,46.17,12.27,0.1,230.85000000000002
19213,6.67,0.5,0.2,40.019999999999996
19214,100.98,30.24,0.0,605.88
19215,201.6,30.24,0.0,1411.2
19216,48.93,4.38,0.0,48.93
19217,3.76,1.09,0.0,7.52
19218,14.35,5.2,0.2,43.05
19219,49.44,19.74,0.0,148.32
19220,36.5,13.5,0.0,182.5
19221,31.97,-13.87,0.4,95.91
19222,32.98,15.82,0.0,32.98
19223,64.68,23.92,0.0,129.36
19224,43.58,15.68,0.0,43.58
19225,31.74,8.88,0.0,63.48
19226,104.1,37.4,0.0,520.5
19227,92.35,5.71,0.2,369.4
19228,599.9,191.97,0.0,5999.0
19229,46.02,0.9,0.0,92.04
19230,72.0,-5.76,0.5,216.0
19231,69.84,33.48,0.0,279.36
19232,177.54,62.14,0.2,710.16
19233,157.98,-63.3,0.5,631.92
19234,41.04,8.46,0.0,246.24
19235,22.2,3.96,0.0,44.4
19236,39.54,16.56,0.0,79.08
19237,40.42,-58.7,0.6,323.36
19238,23.31,-8.01,0.5,69.92999999999999
19239,20.42,-18.1,0.47,20.42
19240,61.68,16.65,0.0,246.72
19241,45.68,-0.05,0.5,137.04
19242,33.32,9.24,0.0,233.24
19243,48.3,0.9,0.0,241.5
19244,24.7,9.26,0.2,49.4
19245,35.44,-2.72,0.47,106.32
19246,54.43,-3.08,0.1,163.29
19247,13.26,6.09,0.0,13.26
19248,79.23,-3.03,0.47,237.69
19249,96.26,31.28,0.2,770.08
19250,16.22,-11.8,0.6,32.44
19251,40.91,-6.62,0.5,122.72999999999999
19252,34.13,-1.57,0.1,68.26
19253,75.88,35.66,0.0,151.76
19254,45.0,8.04,0.0,180.0
19255,63.18,14.4,0.0,379.08
19256,37.04,7.76,0.1,148.16
19257,87.3,-186.24,0.7,174.6
19258,49.2,24.0,0.0,295.20000000000005
19259,50.46,16.14,0.0,151.38
19260,85.92,32.64,0.0,85.92
19261,44.02,2.38,0.45,176.08
19262,90.24,41.51,0.0,541.4399999999999
19263,81.43,-78.89,0.7,651.44
19264,210.78,18.9,0.0,632.34
19265,77.22,33.96,0.0,154.44
19266,31.97,2.4,0.2,127.88
19267,78.12,14.76,0.0,468.72
19268,29.89,-3.05,0.1,89.67
19269,14.94,7.02,0.0,44.82
19270,42.66,-4.74,0.1,85.32
19271,22.82,2.54,0.1,22.82
19272,67.64,17.96,0.1,202.92000000000002
19273,5.98,2.24,0.2,11.96
19274,64.82,-16.22,0.4,129.64
19275,37.15,-7.49,0.4,334.34999999999997
19276,47.94,0.9,0.0,95.88
19277,78.75,17.25,0.0,393.75
19278,58.41,2.01,0.45,233.64
19279,20.47,-32.09,0.7,122.82
19280,170.35,10.65,0.2,511.04999999999995
19281,22.62,1.98,0.0,45.24
19282,206.0,-27.26,0.32,618.0
19283,29.04,1.14,0.0,58.08
19284,26.06,-10.0,0.4,26.06
19285,54.36,9.72,0.0,217.44
19286,69.86,-52.42,0.6,69.86
19287,159.98,57.59,0.0,319.96
19288,31.95,1.53,0.0,95.85
19289,60.05,22.52,0.2,540.4499999999999
19290,41.55,3.3,0.0,207.75
19291,60.34,12.82,0.2,543.0600000000001
19292,17.54,5.92,0.2,52.62
19293,67.68,30.96,0.0,541.44
19294,52.2,21.9,0.0,156.60000000000002
19295,3.68,1.8,0.0,7.36
19296,25.86,6.72,0.0,77.58
19297,6.16,1.97,0.0,12.32
19298,17.48,4.54,0.0,69.92
19299,11.82,4.73,0.0,35.46
19300,49.5,16.32,0.0,49.5
19301,93.92,-18.86,0.5,281.76
19302,47.94,0.9,0.0,95.88
19303,3.9,1.52,0.0,7.8
19304,55.35,8.85,0.0,55.35
19305,75.48,19.62,0.0,150.96
19306,36.83,-53.44,0.6,110.49
19307,132.55,15.37,0.4,927.8500000000001
19308,75.78,30.24,0.0,227.34
19309,37.92,-45.54,0.6,75.84
19310,80.52,16.08,0.0,483.12
19311,43.98,9.66,0.0,43.98
19312,42.41,-26.23,0.4,169.64
19313,39.89,-2.11,0.4,239.34
19314,65.22,14.34,0.0,195.66
19315,80.36,3.08,0.0,562.52
19316,41.3,-44.44,0.6,82.6
19317,58.56,-80.52,0.6,117.12
19318,29.23,3.85,0.4,87.69
19319,43.13,-24.47,0.4,86.26
19320,1207.84,314.04,0.0,9662.72
19321,49.73,-24.91,0.6,99.46
19322,51.41,9.05,0.1,205.64
19323,53.16,9.48,0.0,212.64
19324,1036.62,51.83,0.2,2073.24
19325,43.21,13.0,0.27,43.21
19326,45.6,18.96,0.0,364.8
19327,83.16,5.52,0.4,498.96
19328,42.24,13.2,0.2,422.40000000000003
19329,19.8,7.92,0.0,39.6
19330,76.14,25.11,0.0,228.42000000000002
19331,22.29,10.68,0.0,22.29
19332,19.33,5.77,0.1,38.66
19333,34.92,-12.6,0.5,209.52
19334,23.47,-2.39,0.2,70.41
19335,6.92,-10.39,0.8,41.519999999999996
19336,1336.83,31.45,0.15,17378.79
19337,683.33,-40.2,0.15,2733.32
19338,52.08,17.7,0.0,104.16
19339,53.28,26.64,0.0,53.28
19340,467.97,140.39,0.0,1403.91
19341,42.6,10.56,0.0,170.4
19342,30.6,-7.35,0.5,153.0
19343,47.4,-68.76,0.6,94.8
19344,82.08,20.4,0.0,656.64
19345,953.85,45.85,0.002,3815.4
19346,54.96,19.23,0.0,54.96
19347,85.46,41.02,0.0,85.46
19348,20.07,5.13,0.0,60.21
19349,17.04,4.26,0.0,17.04
19350,107.77,-29.25,0.3,215.54
19351,96.81,35.7,0.0,677.6700000000001
19352,48.42,-21.81,0.6,48.42
19353,24.93,1.23,0.0,24.93
19354,65.52,32.76,0.0,393.12
19355,60.96,-38.64,0.4,304.8
19356,50.94,14.22,0.0,305.64
19357,85.14,5.04,0.0,255.42000000000002
19358,45.64,-5.03,0.17,136.92000000000002
19359,33.3,9.3,0.0,66.6
19360,11.35,2.7,0.2,34.05
19361,68.4,20.4,0.0,342.0
19362,25.38,8.37,0.0,25.38
19363,33.93,7.8,0.0,33.93
19364,98.64,35.46,0.0,197.28
19365,3080.0,1416.8,0.0,21560.0
19366,99.98,34.99,0.0,199.96
19367,29.28,14.64,0.0,87.84
19368,34.16,17.04,0.0,136.64
19369,51.16,-52.88,0.7,153.48
19370,26.64,10.92,0.0,53.28
19371,48.38,6.98,0.1,96.76
19372,13.3,0.42,0.4,53.2
19373,52.09,2.59,0.4,156.27
19374,50.23,-2.87,0.47,150.69
19375,47.14,-3.71,0.1,141.42000000000002
19376,44.87,-26.06,0.5,134.60999999999999
19377,28.98,2.88,0.0,57.96
19378,4158.91,363.9,0.2,33271.28
19379,2054.27,256.78,0.2,16434.16
19380,585.55,73.19,0.2,1756.6499999999999
19381,59.52,17.76,0.0,238.08
19382,31.5,10.08,0.0,94.5
19383,40.98,12.66,0.0,122.94
19384,55.3,7.1,0.0,276.5
19385,59.78,12.46,0.0,418.46000000000004
19386,2591.56,621.97,0.0,10366.24
19387,61.8,6.15,0.0,309.0
19388,314.55,150.98,0.0,943.6500000000001
19389,82.7,-95.14,0.6,165.4
19390,19.98,5.19,0.0,39.96
19391,105.57,28.02,0.1,527.8499999999999
19392,7.7,3.16,0.0,15.4
19393,25.47,7.64,0.2,101.88
19394,78.12,26.55,0.0,234.36
19395,173.16,13.84,0.0,346.32
19396,41.2,18.12,0.0,82.4
19397,45.4,15.88,0.0,90.8
19398,277.92,62.1,0.15,833.76
19399,88.38,33.57,0.0,88.38
19400,24.48,8.04,0.0,48.96
19401,43.34,-0.04,0.1,130.02
19402,34.18,-0.44,0.1,68.36
19403,51.6,3.6,0.0,309.6
19404,488.65,86.87,0.1,1465.9499999999998
19405,61.02,0.6,0.0,122.04
19406,25.23,-24.24,0.5,25.23
19407,36.79,4.14,0.2,36.79
19408,67.0,32.16,0.0,335.0
19409,41.88,15.33,0.1,41.88
19410,53.64,13.41,0.0,53.64
19411,32.0,9.92,0.0,128.0
19412,69.0,16.56,0.0,138.0
19413,20.52,-9.48,0.5,82.08
19414,24.0,-2.7,0.2,48.0
19415,103.2,42.24,0.0,825.6
19416,53.05,7.51,0.3,159.14999999999998
19417,52.86,4.74,0.0,105.72
19418,24.72,10.86,0.0,24.72
19419,30.46,-23.6,0.6,30.46
19420,48.09,4.32,0.0,48.09
19421,32.22,4.8,0.0,64.44
19422,24.36,-5.72,0.4,48.72
19423,61.16,5.36,0.1,305.79999999999995
19424,49.5,9.36,0.0,297.0
19425,56.88,-32.37,0.4,284.40000000000003
19426,49.18,-0.86,0.4,295.08
19427,48.96,16.14,0.0,48.96
19428,89.9,25.17,0.0,179.8
19429,78.16,-46.94,0.4,156.32
19430,169.99,78.2,0.0,169.99
19431,93.1,17.6,0.0,465.5
19432,73.35,27.75,0.0,366.75
19433,56.04,20.64,0.0,224.16
19434,116.64,51.3,0.0,233.28
19435,1687.8,742.63,0.0,6751.2
19436,981.37,-140.2,0.3,1962.74
19437,41.57,0.69,0.4,83.14
19438,192.8,0.0,0.0,964.0
19439,42.84,11.07,0.0,128.52
19440,54.9,8.7,0.0,274.5
19441,64.11,-15.39,0.5,128.22
19442,71.35,-4.91,0.27,142.7
19443,35.1,-3.08,0.2,35.1
19444,41.16,11.52,0.0,123.47999999999999
19445,18.53,-8.35,0.4,37.06
19446,66.36,-14.38,0.4,66.36
19447,31.72,10.12,0.0,63.44
19448,210.36,-7.98,0.47,420.72
19449,14.34,5.85,0.0,14.34
19450,2.77,-4.85,0.8,19.39
19451,34.34,-16.96,0.47,171.70000000000002
19452,50.16,6.0,0.0,100.32
19453,20.03,-1.39,0.4,60.09
19454,31.17,7.14,0.0,31.17
19455,143.52,9.12,0.402,430.56000000000006
19456,147.1,73.5,0.0,735.5
19457,300.42,78.86,0.2,2403.36
19458,38.02,10.9,0.27,76.04
19459,88.77,31.07,0.2,177.54
19460,31.68,5.94,0.0,95.03999999999999
19461,54.44,20.12,0.0,108.88
19462,43.44,8.24,0.0,173.76
19463,88.91,18.89,0.2,88.91
19464,61.74,17.82,0.0,370.44
19465,52.35,7.8,0.0,261.75
19466,34.11,7.83,0.0,102.33
19467,51.96,18.66,0.0,155.88
19468,64.4,12.2,0.0,128.8
19469,48.36,13.04,0.0,96.72
19470,29.49,6.18,0.0,29.49
19471,17.77,-12.02,0.6,17.77
19472,26.35,-0.59,0.1,52.7
19473,24.12,8.64,0.0,72.36
19474,28.4,-5.72,0.5,85.19999999999999
19475,50.04,-110.16,0.7,200.16
19476,50.1,3.0,0.0,100.2
19477,31.68,6.3,0.0,95.03999999999999
19478,386.91,-185.72,0.5,3482.19
19479,21.36,7.02,0.0,42.72
19480,46.92,15.9,0.0,93.84
19481,45.54,0.9,0.0,136.62
19482,251.79,118.34,0.0,755.37
19483,196.8,84.6,0.0,787.2
19484,34.68,-16.52,0.6,173.4
19485,54.72,15.84,0.0,437.76
19486,51.6,9.24,0.0,154.8
19487,44.22,6.6,0.0,132.66
19488,61.2,18.96,0.0,61.2
19489,17.46,8.37,0.0,17.46
19490,29.24,-19.36,0.47,87.72
19491,1075.09,94.07,0.2,15051.259999999998
19492,43.92,-35.16,0.6,175.68
19493,27.22,7.84,0.1,54.44
19494,52.2,13.56,0.0,104.4
19495,274.2,112.42,0.0,2742.0
19496,28.8,-23.04,0.7,57.6
19497,7.92,3.48,0.0,63.36
19498,48.63,-121.58,0.8,97.26
19499,217.98,45.72,0.0,653.9399999999999
19500,17.78,3.9,0.0,17.78
19501,43.04,6.0,0.0,172.16
19502,1.17,-0.86,0.7,1.17
19503,53.1,24.3,0.0,318.6
19504,29.34,11.1,0.0,58.68
19505,20.56,-15.74,0.45,41.12
19506,24.3,-2.16,0.1,72.9
19507,286.79,74.57,0.0,2007.5300000000002
19508,321.57,-16.08,0.2,643.14
19509,63.64,-13.04,0.17,381.84000000000003
19510,52.2,21.9,0.0,156.60000000000002
19511,44.76,4.92,0.0,268.56
19512,92.74,4.58,0.4,370.96
19513,45.75,21.03,0.0,45.75
19514,55.26,8.28,0.0,110.52
19515,48.4,6.7,0.0,242.0
19516,63.52,14.6,0.0,127.04
19517,228.92,14.31,0.2,1144.6
19518,348.3,-61.47,0.15,1044.9
19519,60.24,16.26,0.0,120.48
19520,27.72,13.86,0.0,55.44
19521,79.29,18.18,0.0,237.87
19522,70.49,11.69,0.4,281.96
19523,55.92,27.36,0.0,111.84
19524,933.54,105.02,0.2,3734.16
19525,528.43,0.0,0.3,2642.1499999999996
19526,49.35,20.1,0.0,246.75
19527,30.21,4.83,0.0,30.21
19528,52.59,12.6,0.0,52.59
19529,100.44,12.96,0.0,602.64
19530,13.03,-22.61,0.7,52.12
19531,966.7,-13.81,0.3,4833.5
19532,64.64,2.4,0.2,258.56
19533,25.62,12.78,0.0,76.86
19534,179.52,-6.0,0.4,718.08
19535,96.48,34.72,0.0,96.48
19536,51.68,25.28,0.0,206.72
19537,103.06,24.48,0.2,309.18
19538,40.64,4.44,0.0,81.28
19539,60.72,9.6,0.0,364.32
19540,57.96,22.6,0.0,115.92
19541,7.61,3.58,0.0,7.61
19542,2.3,-3.9,0.8,4.6
19543,523.76,-192.05,0.4,1571.28
19544,85.32,-3.93,0.1,426.59999999999997
19545,71.04,0.66,0.0,142.08
19546,27.24,13.02,0.0,54.48
19547,50.34,10.56,0.0,50.34
19548,137.27,4.55,0.1,549.08
19549,59.4,-69.84,0.6,118.8
19550,34.02,-45.42,0.7,136.08
19551,119.07,9.9,0.4,119.07
19552,50.16,6.0,0.0,100.32
19553,51.66,18.06,0.0,103.32
19554,48.78,3.66,0.2,48.78
19555,25.86,0.72,0.0,51.72
19556,76.39,-93.59,0.6,76.39
19557,9.82,4.81,0.0,19.64
19558,15.8,-8.6,0.5,47.400000000000006
19559,145.2,5.7,0.0,1452.0
19560,16.78,1.68,0.2,50.34
19561,95.16,26.64,0.0,190.32
19562,67.2,19.44,0.0,268.8
19563,62.64,0.6,0.0,375.84000000000003
19564,73.41,-38.82,0.47,220.23
19565,63.87,20.43,0.0,63.87
19566,67.46,-4.1,0.5,202.38
19567,67.64,32.44,0.0,135.28
19568,54.66,3.78,0.0,163.98
19569,54.64,24.56,0.0,109.28
19570,59.88,4.08,0.0,359.28000000000003
19571,132.96,53.12,0.0,531.84
19572,131.76,-7.32,0.1,263.52
19573,73.53,29.34,0.0,220.59
19574,10.44,4.8,0.0,10.44
19575,48.93,6.84,0.0,48.93
19576,31.21,-3.47,0.1,62.42
19577,4.3,1.42,0.0,8.6
19578,39.6,-33.3,0.5,198.0
19579,56.82,27.84,0.0,113.64
19580,145.57,0.0,0.2,291.14
19581,85.59,2.85,0.1,171.18
19582,104.85,50.33,0.0,104.85
19583,40.98,5.7,0.0,81.96
19584,29.64,3.84,0.0,88.92
19585,166.12,44.84,0.0,332.24
19586,107.4,-51.1,0.6,537.0
19587,63.54,20.96,0.0,63.54
19588,27.84,6.12,0.0,111.36
19589,50.27,13.37,0.1,100.54
19590,12.24,5.1,0.0,24.48
19591,159.8,70.31,0.0,639.2
19592,20.39,-28.06,0.6,20.39
19593,44.55,7.95,0.0,222.75
19594,44.01,-3.45,0.1,44.01
19595,68.28,0.6,0.0,409.68
19596,44.4,-22.24,0.4,177.6
19597,73.52,20.56,0.0,147.04
19598,21.34,1.92,0.0,21.34
19599,41.04,4.08,0.0,164.16
19600,182.35,-18.24,0.2,547.05
19601,479.98,60.0,0.2,959.96
19602,131.58,9.18,0.0,394.74
19603,111.89,-59.74,0.4,335.67
19604,323.98,-81.0,0.4,971.94
19605,74.25,-25.29,0.5,222.75
19606,69.14,-95.08,0.6,69.14
19607,50.9,7.34,0.17,203.6
19608,117.05,-214.61,0.7,117.05
19609,52.8,26.4,0.0,105.6
19610,97.92,30.3,0.0,293.76
19611,60.19,9.01,0.4,180.57
19612,60.06,21.0,0.0,120.12
19613,32.75,15.07,0.0,163.75
19614,25.82,-27.82,0.6,103.28
19615,71.52,24.24,0.0,286.08
19616,45.6,-37.02,0.47,91.2
19617,49.5,1.44,0.0,148.5
19618,76.92,13.04,0.0,153.84
19619,58.54,-0.98,0.4,117.08
19620,70.42,-42.26,0.6,281.68
19621,139.95,46.05,0.0,699.75
19622,17.71,-4.73,0.47,35.42
19623,48.0,5.76,0.0,96.0
19624,47.98,13.2,0.2,95.96
19625,59.16,0.54,0.0,118.32
19626,26.67,1.05,0.0,26.67
19627,45.92,21.58,0.0,183.68
19628,17.49,2.07,0.0,17.49
19629,20.64,7.6,0.0,41.28
19630,28.38,5.37,0.0,28.38
19631,113.04,38.4,0.0,226.08
19632,33.0,0.24,0.0,132.0
19633,127.92,7.65,0.0,127.92
19634,92.43,43.38,0.0,277.29
19635,33.96,5.76,0.0,67.92
19636,283.92,-46.14,0.2,1419.6000000000001
19637,186.05,67.44,0.2,1116.3000000000002
19638,78.3,20.34,0.0,234.89999999999998
19639,21.54,0.0,0.0,43.08
19640,61.71,4.29,0.0,61.71
19641,79.02,37.08,0.0,237.06
19642,60.9,15.78,0.0,182.7
19643,34.38,8.91,0.0,103.14000000000001
19644,95.95,29.99,0.2,287.85
19645,37.44,-18.0,0.5,149.76
19646,61.7,2.0,0.1,308.5
19647,47.82,14.35,0.0,143.46
19648,56.76,-14.24,0.4,567.6
19649,106.27,2.65,0.2,318.81
19650,53.34,16.54,0.0,160.02
19651,11.95,4.03,0.2,35.849999999999994
19652,598.46,-42.75,0.3,1795.38
19653,120.79,1.45,0.17,362.37
19654,138.39,57.96,0.0,968.7299999999999
19655,78.92,15.76,0.0,157.84
19656,192.9,40.5,0.0,964.5
19657,70.56,0.68,0.0,141.12
19658,89.64,40.32,0.0,537.84
19659,57.36,14.88,0.0,172.07999999999998
19660,362.14,-54.32,0.2,1086.42
19661,38.38,-40.34,0.6,76.76
19662,41.49,6.57,0.0,124.47
19663,78.78,-59.52,0.47,393.9
19664,30.69,-5.34,0.25,30.69
19665,24.96,1.98,0.0,49.92
19666,272.97,43.68,0.0,818.9100000000001
19667,112.05,12.3,0.0,560.25
19668,59.88,21.48,0.0,239.52
19669,50.28,-0.96,0.47,100.56
19670,1799.97,240.0,0.4,8999.85
19671,25.56,11.46,0.0,76.67999999999999
19672,41.4,-5.52,0.4,124.19999999999999
19673,47.4,22.26,0.0,142.2
19674,719.96,54.0,0.2,3599.8
19675,636.41,-15.91,0.2,1909.23
19676,700.06,-130.01,0.3,2100.18
19677,51.02,-61.24,0.7,51.02
19678,24.51,9.78,0.0,24.51
19679,51.17,22.07,0.1,255.85000000000002
19680,63.54,13.32,0.0,381.24
19681,204.67,-6.02,0.32,204.67
19682,68.31,26.64,0.0,68.31
19683,35.66,-10.78,0.6,142.64
19684,62.7,9.9,0.0,313.5
19685,60.57,29.07,0.0,181.71
19686,45.18,-64.86,0.7,180.72
19687,31.95,11.82,0.0,31.95
19688,82.83,-2.31,0.27,165.66
19689,52.2,21.9,0.0,156.60000000000002
19690,42.96,21.0,0.0,257.76
19691,66.34,-5.27,0.1,464.38
19692,68.99,3.74,0.27,344.95
19693,78.29,-5.89,0.2,156.58
19694,71.67,29.37,0.0,71.67
19695,55.36,-7.19,0.15,55.36
19696,55.86,21.78,0.0,111.72
19697,10.68,4.06,0.0,42.72
19698,12.39,5.7,0.0,37.17
19699,50.12,-20.3,0.402,50.12
19700,46.56,9.76,0.0,186.24
19701,62.37,11.13,0.0,436.59
19702,40.25,-81.85,0.7,40.25
19703,56.34,15.75,0.0,56.34
19704,56.58,24.87,0.0,56.58
19705,466.16,-93.23,0.4,3263.1200000000003
19706,136.38,28.62,0.0,136.38
19707,384.77,-115.43,0.4,769.54
19708,78.19,-14.37,0.4,312.76
19709,119.8,29.95,0.2,599.0
19710,128.85,3.87,0.0,386.54999999999995
19711,73.44,5.04,0.0,440.64
19712,81.4,0.0,0.0,895.4000000000001
19713,94.7,-0.04,0.2,284.1
19714,59.34,5.34,0.0,118.68
19715,62.31,13.68,0.0,62.31
19716,45.07,-33.83,0.6,90.14
19717,60.84,18.81,0.0,182.52
19718,90.89,-166.66,0.7,90.89
19719,79.96,35.98,0.0,159.92
19720,391.68,3.84,0.0,1566.72
19721,48.66,-31.2,0.5,97.32
19722,88.94,13.82,0.1,177.88
19723,79.5,1.5,0.0,397.5
19724,31.25,3.11,0.2,93.75
19725,77.67,-49.77,0.5,233.01
19726,93.03,5.46,0.0,651.21
19727,47.82,2.34,0.0,95.64
19728,80.48,24.14,0.0,80.48
19729,46.65,14.85,0.0,233.25
19730,63.6,1.2,0.0,508.8
19731,52.86,21.66,0.0,105.72
19732,56.46,27.06,0.0,112.92
19733,32.1,3.18,0.0,64.2
19734,37.91,1.64,0.1,113.72999999999999
19735,20.19,6.66,0.0,20.19
19736,28.08,0.0,0.0,84.24
19737,29.76,3.27,0.0,29.76
19738,42.93,-18.63,0.47,85.86
19739,45.41,-25.79,0.4,181.64
19740,52.22,-47.02,0.6,313.32
19741,59.25,27.75,0.0,296.25
19742,953.94,131.94,0.35,9539.400000000001
19743,59.18,-16.78,0.4,118.36
19744,81.78,28.62,0.0,81.78
19745,760.12,-43.44,0.3,4560.72
19746,833.94,216.82,0.0,5003.64
19747,521.86,81.1,0.1,2087.44
19748,539.66,-7.71,0.3,1618.98
19749,34.56,-3.12,0.1,138.24
19750,44.87,18.41,0.1,89.74
19751,107.4,0.0,0.0,214.8
19752,569.99,171.0,0.0,569.99
19753,54.36,20.07,0.0,163.07999999999998
19754,43.4,-24.97,0.6,43.4
19755,396.58,-84.38,0.2,2379.48
19756,76.08,10.62,0.0,228.24
19757,56.88,0.54,0.0,56.88
19758,51.78,9.3,0.0,51.78
19759,26.0,6.24,0.0,52.0
19760,47.98,8.4,0.2,143.94
19761,19.27,2.87,0.4,38.54
19762,135.43,34.45,0.1,812.58
19763,35.89,-0.05,0.4,71.78
19764,540.54,48.6,0.0,1081.08
19765,66.38,-6.66,0.4,132.76
19766,96.01,-36.85,0.4,672.07
19767,130.56,62.64,0.0,522.24
19768,36.8,11.76,0.0,147.2
19769,78.96,8.64,0.0,315.84
19770,2.88,1.35,0.0,2.88
19771,25.92,12.44,0.0,103.68
19772,43.15,-3.89,0.1,86.3
19773,44.06,-2.95,0.1,44.06
19774,108.92,49.01,0.0,1524.88
19775,74.7,1.44,0.0,149.4
19776,81.96,0.0,0.0,163.92
19777,35.1,10.18,0.0,210.60000000000002
19778,40.44,-40.44,0.6,121.32
19779,88.83,31.05,0.0,266.49
19780,27.96,1.11,0.0,27.96
19781,14.95,-29.9,0.7,14.95
19782,26.37,7.11,0.0,26.37
19783,136.2,21.72,0.0,544.8
19784,104.17,16.15,0.1,208.34
19785,109.38,3.24,0.0,218.76
19786,140.81,39.43,0.0,140.81
19787,28.03,-50.45,0.7,56.06
19788,44.78,-100.06,0.7,134.34
19789,18.87,4.71,0.0,18.87
19790,62.06,3.38,0.27,124.12
19791,50.63,20.21,0.1,151.89000000000001
19792,26.82,6.12,0.0,80.46000000000001
19793,141.9,4.2,0.0,709.5
19794,22.11,3.96,0.0,22.11
19795,4.91,2.41,0.0,4.91
19796,55.3,-1.28,0.1,110.6
19797,27.63,4.14,0.0,27.63
19798,74.16,25.92,0.0,593.28
19799,70.21,-6.15,0.2,140.42
19800,51.26,-12.82,0.4,153.78
19801,59.34,5.34,0.0,178.02
19802,91.38,14.58,0.0,182.76
19803,39.15,1.89,0.0,117.44999999999999
19804,41.63,-29.56,0.45,124.89000000000001
19805,19.99,-6.69,0.4,39.98
19806,100.44,31.08,0.0,301.32
19807,74.7,6.6,0.0,373.5
19808,129.53,-142.51,0.6,259.06
19809,62.33,-56.18,0.5,311.65
19810,66.17,11.03,0.4,132.34
19811,24.89,7.43,0.1,49.78
19812,50.52,2.52,0.4,252.60000000000002
19813,100.68,14.04,0.0,302.04
19814,62.32,-0.02,0.4,186.96
19815,95.36,-219.46,0.7,572.16
19816,19.61,6.62,0.2,58.83
19817,68.93,-63.76,0.6,68.93
19818,60.12,24.0,0.0,240.48
19819,73.94,-165.16,0.7,147.88
19820,60.95,-10.21,0.4,121.9
19821,50.2,2.32,0.17,351.40000000000003
19822,53.04,16.92,0.0,212.16
19823,151.04,13.4,0.1,302.08
19824,285.12,-104.58,0.4,570.24
19825,41.64,14.04,0.0,166.56
19826,8.67,4.07,0.0,26.009999999999998
19827,16.5,3.12,0.0,33.0
19828,47.51,-20.62,0.47,142.53
19829,48.66,8.73,0.0,48.66
19830,59.03,-22.46,0.5,59.03
19831,57.33,2.28,0.0,57.33
19832,32.11,-18.29,0.4,192.66
19833,74.85,26.85,0.0,374.25
19834,60.48,2.97,0.0,181.44
19835,54.75,-34.89,0.45,328.5
19836,30.96,-52.63,0.8,247.68
19837,45.53,-21.67,0.6,91.06
19838,47.52,21.12,0.1,95.04
19839,31.05,14.9,0.0,93.15
19840,37.14,16.71,0.0,37.14
19841,85.12,26.6,0.2,170.24
19842,56.65,-17.01,0.4,56.65
19843,39.17,-22.91,0.4,313.36
19844,43.1,-22.34,0.4,172.4
19845,47.52,-14.4,0.6,427.68
19846,48.78,0.0,0.5,292.68
19847,66.96,2.68,0.0,267.84
19848,34.88,-21.65,0.5,104.64000000000001
19849,38.4,6.12,0.0,115.19999999999999
19850,61.24,7.06,0.4,551.16
19851,42.98,-52.66,0.6,128.94
19852,45.25,3.96,0.2,90.5
19853,34.11,17.01,0.0,102.33
19854,139.68,55.8,0.0,558.72
19855,52.2,13.56,0.0,104.4
19856,54.64,-81.95,0.6,54.64
19857,359.06,-71.81,0.3,1077.18
19858,48.6,24.28,0.0,97.2
19859,140.24,65.84,0.0,560.96
19860,419.4,201.31,0.0,1677.6
19861,43.92,15.36,0.0,175.68
19862,48.71,-74.77,0.7,292.26
19863,119.04,30.95,0.0,714.24
19864,28.8,-2.88,0.5,57.6
19865,43.18,15.11,0.2,129.54
19866,99.87,23.97,0.0,299.61
19867,54.86,-82.3,0.6,54.86
19868,48.3,22.2,0.0,96.6
19869,51.0,7.98,0.17,102.0
19870,44.46,20.4,0.0,88.92
19871,12.65,-6.01,0.6,12.65
19872,110.28,-68.4,0.5,441.12
19873,83.04,2.46,0.0,249.12
19874,139.3,41.74,0.2,835.8000000000001
19875,114.03,-4.17,0.45,114.03
19876,43.65,13.53,0.0,43.65
19877,28.0,14.0,0.0,112.0
19878,50.4,4.02,0.0,151.2
19879,63.36,-4.8,0.2,253.44
19880,46.44,7.83,0.0,139.32
19881,39.38,-19.72,0.6,78.76
19882,27.89,9.29,0.17,139.45
19883,447.93,49.27,0.0,4031.37
19884,39.87,-89.13,0.7,398.7
19885,65.28,3.9,0.0,65.28
19886,73.68,25.76,0.0,294.72
19887,45.6,9.1,0.0,228.0
19888,105.3,46.32,0.0,210.6
19889,51.27,17.94,0.0,51.27
19890,105.8,15.29,0.17,105.8
19891,27.12,13.2,0.0,108.48
19892,74.34,17.82,0.0,223.02
19893,43.56,15.66,0.0,43.56
19894,82.89,12.42,0.0,248.67000000000002
19895,48.66,8.73,0.0,48.66
19896,35.71,-32.21,0.7,142.84
19897,96.18,36.54,0.0,192.36
19898,51.31,17.96,0.2,153.93
19899,25.84,12.64,0.0,51.68
19900,44.16,7.44,0.0,176.64
19901,20.5,7.66,0.2,61.5
19902,48.91,-5.51,0.2,48.91
19903,79.9,31.9,0.0,399.5
19904,113.4,55.56,0.0,453.6
19905,46.17,0.0,0.0,138.51
19906,44.82,3.96,0.0,134.46
19907,63.0,28.32,0.0,252.0
19908,72.67,-40.01,0.6,290.68
19909,113.58,45.36,0.0,681.48
19910,55.92,27.36,0.0,447.36
19911,38.81,-44.65,0.6,77.62
19912,50.26,20.02,0.0,351.82
19913,33.72,12.12,0.0,67.44
19914,7.71,1.74,0.2,15.42
19915,39.96,15.18,0.0,79.92
19916,32.19,12.21,0.0,32.19
19917,21.81,5.89,0.0,65.42999999999999
19918,33.48,8.7,0.0,133.92
19919,26.52,5.28,0.0,79.56
19920,21.08,3.16,0.0,21.08
19921,73.54,-9.2,0.2,220.62
19922,18.43,-6.49,0.4,36.86
19923,7.71,1.74,0.2,15.42
19924,43.8,9.6,0.0,175.2
19925,36.63,9.89,0.0,109.89000000000001
19926,17.94,8.79,0.0,53.82000000000001
19927,4.71,-1.88,0.6,9.42
19928,37.17,10.41,0.0,334.53000000000003
19929,5.78,2.72,0.0,11.56
19930,4.61,1.67,0.2,9.22
19931,801.57,50.1,0.2,1603.14
19932,10.37,-3.91,0.6,20.74
19933,63.0,18.84,0.0,252.0
19934,479.9,81.58,0.0,2399.5
19935,44.28,-11.82,0.47,221.4
19936,34.1,-50.32,0.6,34.1
19937,71.76,20.09,0.0,430.56000000000006
19938,35.73,8.55,0.0,107.19
19939,85.37,-15.44,0.5,256.11
19940,40.32,6.03,0.0,120.96000000000001
19941,140.75,42.23,0.0,703.75
19942,21.26,-1.6,0.2,63.78
19943,70.74,33.24,0.0,212.21999999999997
19944,24.88,3.2,0.0,49.76
19945,38.7,15.84,0.0,116.10000000000001
19946,16.06,-21.98,0.7,64.24
19947,53.88,22.63,0.0,323.28000000000003
19948,20.81,7.02,0.2,187.29
19949,57.96,19.08,0.0,231.84
19950,26.46,9.24,0.0,26.46
19951,27.27,4.62,0.0,27.27
19952,60.39,15.66,0.0,181.17000000000002
19953,37.8,-8.31,0.27,37.8
19954,29.47,9.95,0.2,88.41
19955,42.58,16.18,0.0,42.58
19956,39.31,-13.25,0.4,235.86
19957,23.8,6.6,0.0,119.0
19958,16.08,6.72,0.0,32.16
19959,129.39,54.34,0.0,388.16999999999996
19960,67.14,5.88,0.2,469.98
19961,53.04,-4.64,0.2,159.12
19962,145.9,62.74,0.0,729.5
19963,121.38,-3.03,0.2,485.52
19964,37.86,16.98,0.0,75.72
19965,17.12,1.93,0.2,85.60000000000001
19966,53.91,11.85,0.0,53.91
19967,76.12,22.07,0.0,152.24
19968,15.48,2.61,0.0,15.48
19969,29.61,10.35,0.0,29.61
19970,45.21,13.56,0.0,45.21
19971,31.95,11.82,0.0,31.95
19972,547.3,175.14,0.0,7114.9
19973,36.1,-38.81,0.6,36.1
19974,99.48,23.82,0.0,198.96
19975,479.94,52.79,0.0,2879.64
19976,23.49,-0.54,0.1,70.47
19977,27.9,9.18,0.0,83.69999999999999
19978,64.85,24.32,0.2,453.94999999999993
19979,25.08,11.76,0.0,100.32
19980,128.43,1.26,0.0,128.43
19981,45.72,15.06,0.0,45.72
19982,17.73,6.3,0.0,53.19
19983,24.51,5.61,0.0,24.51
19984,53.08,14.84,0.0,106.16
19985,96.3,3.8,0.0,481.5
19986,38.1,17.9,0.0,190.5
19987,54.99,8.94,0.2,769.86
19988,37.48,14.92,0.1,149.92
19989,20.49,2.85,0.0,20.49
19990,88.2,7.92,0.0,88.2
19991,44.06,11.24,0.1,44.06
19992,71.54,-100.18,0.6,143.08
19993,47.88,17.64,0.0,143.64000000000001
19994,10.75,3.36,0.2,43.0
19995,16.22,5.88,0.2,32.44
19996,71.71,-8.75,0.17,430.26
19997,60.66,-5.1,0.4,121.32
19998,19.44,9.33,0.0,58.32000000000001
19999,9.55,-3.82,0.6,28.650000000000002
20000,37.59,17.67,0.0,112.77000000000001
20001,7.78,2.02,0.0,15.56
20002,28.17,1.11,0.0,28.17
20003,49.38,3.9,0.0,98.76
20004,33.52,-0.56,0.4,67.04
20005,15.96,5.88,0.0,15.96
20006,29.6,0.0,0.0,118.4
20007,36.72,10.26,0.0,110.16
20008,98.49,26.46,0.0,689.43
20009,72.0,2.88,0.0,432.0
20010,35.64,8.91,0.0,106.92
20011,28.98,0.54,0.0,86.94
20012,30.92,4.0,0.0,30.92
20013,32.77,-3.71,0.2,65.54
20014,38.13,10.29,0.0,38.13
20015,9.22,3.34,0.2,36.88
20016,29.55,0.27,0.0,29.55
20017,56.94,1.08,0.0,113.88
20018,20.3,-4.78,0.4,40.6
20019,40.16,3.2,0.0,80.32
20020,20.97,-5.94,0.5,62.91
20021,58.59,9.36,0.0,58.59
20022,16.62,3.3,0.0,33.24
20023,63.31,20.58,0.2,189.93
20024,34.2,0.27,0.0,102.60000000000001
20025,86.26,-80.06,0.6,1035.1200000000001
20026,40.95,-55.98,0.7,40.95
20027,21.56,-20.5,0.6,21.56
20028,35.64,7.11,0.0,106.92
20029,28.05,-2.19,0.1,28.05
20030,24.48,1.68,0.0,48.96
20031,27.84,-35.52,0.6,111.36
20032,415.87,-41.59,0.2,3326.96
20033,359.97,79.19,0.0,1079.91
20034,28.21,-6.59,0.4,28.21
20035,75.38,-20.73,0.6,678.42
20036,61.82,17.74,0.2,123.64
20037,27.78,7.5,0.0,83.34
20038,13.38,-5.9,0.5,26.76
20039,44.0,3.52,0.0,176.0
20040,271.76,60.39,0.1,543.52
20041,32.25,8.25,0.0,161.25
20042,51.45,6.15,0.0,51.45
20043,44.76,11.52,0.0,179.04
20044,7.31,3.44,0.0,7.31
20045,54.43,10.24,0.1,163.29
20046,29.01,3.18,0.0,29.01
20047,27.18,2.04,0.2,54.36
20048,34.65,0.69,0.0,34.65
20049,32.66,-11.87,0.5,228.61999999999998
20050,21.74,6.8,0.2,65.22
20051,71.93,-63.79,0.47,287.72
20052,40.44,10.51,0.0,121.32
20053,37.76,-28.97,0.7,37.76
20054,55.2,10.44,0.0,220.8
20055,30.66,1.5,0.0,61.32
20056,2573.82,746.41,0.0,23164.38
20057,45.15,16.65,0.0,225.75
20058,3023.93,226.79,0.2,27215.37
20059,21.84,0.0,0.5,87.36
20060,10.37,3.63,0.2,20.74
20061,5.76,2.65,0.0,11.52
20062,101.58,13.2,0.0,203.16
20063,32.42,4.52,0.0,32.42
20064,14.92,1.64,0.0,29.84
20065,10.92,1.2,0.0,10.92
20066,27.99,8.37,0.0,27.99
20067,46.12,11.68,0.1,184.48
20068,95.58,39.18,0.1,382.32
20069,259.74,124.68,0.0,3376.62
20070,29.28,13.17,0.0,29.28
20071,479.97,163.19,0.0,1439.91
20072,12.36,1.23,0.0,12.36
20073,70.74,1.62,0.17,212.21999999999997
20074,14.08,-16.94,0.7,28.16
20075,15.33,0.75,0.0,15.33
20076,83.7,3.35,0.0,418.5
20077,30.13,-57.35,0.7,180.78
20078,192.16,92.24,0.0,768.64
20079,17.64,8.64,0.0,52.92
20080,53.6,11.39,0.25,160.8
20081,19.36,9.29,0.0,38.72
20082,14.51,-11.33,0.5,14.51
20083,38.08,-13.07,0.47,190.39999999999998
20084,24.38,-16.27,0.7,24.38
20085,14.19,2.97,0.0,14.19
20086,353.88,17.69,0.0,2123.2799999999997
20087,17.82,0.3,0.0,53.46
20088,44.76,4.92,0.0,268.56
20089,37.08,4.8,0.0,222.48
20090,33.96,5.76,0.0,101.88
20091,36.98,-1.86,0.4,73.96
20092,16.13,-3.79,0.4,96.78
20093,33.52,-1.64,0.17,67.04
20094,285.55,35.69,0.2,571.1
20095,33.72,10.74,0.0,67.44
20096,244.55,114.94,0.0,1222.75
20097,52.65,23.16,0.0,52.65
20098,23.65,-0.11,0.1,94.6
20099,20.33,0.62,0.1,60.989999999999995
20100,30.96,13.59,0.0,92.88
20101,58.74,20.52,0.0,117.48
20102,29.89,10.27,0.1,89.67
20103,50.1,3.0,0.0,100.2
20104,26.4,4.44,0.0,52.8
20105,812.74,60.96,0.2,6501.92
20106,452.94,67.94,0.0,1358.82
20107,44.1,13.5,0.0,264.6
20108,39.54,18.18,0.0,39.54
20109,44.46,20.4,0.0,88.92
20110,201.58,20.16,0.2,403.16
20111,238.62,4.77,0.0,477.24
20112,64.64,20.75,0.1,452.48
20113,56.82,8.52,0.0,56.82
20114,21.82,0.7,0.4,43.64
20115,21.78,3.87,0.0,65.34
20116,39.06,1.54,0.0,273.42
20117,19.2,1.28,0.4,38.4
20118,56.1,18.9,0.2,112.2
20119,18.33,3.48,0.0,18.33
20120,26.88,4.56,0.0,53.76
20121,51.14,18.44,0.17,102.28
20122,116.0,29.0,0.0,928.0
20123,245.98,27.06,0.0,491.96
20124,41.28,4.95,0.0,41.28
20125,33.75,13.47,0.1,67.5
20126,13.59,-14.27,0.6,27.18
20127,26.64,-2.67,0.5,26.64
20128,48.6,-14.58,0.4,145.8
20129,51.65,1.29,0.2,103.3
20130,35.9,17.5,0.0,179.5
20131,84.02,35.28,0.0,84.02
20132,19.15,-1.31,0.4,57.449999999999996
20133,26.78,-62.5,0.7,26.78
20134,48.06,12.96,0.0,96.12
20135,18.36,-7.29,0.47,18.36
20136,26.1,6.78,0.0,26.1
20137,52.59,12.6,0.0,52.59
20138,26.43,0.51,0.0,26.43
20139,26.22,1.8,0.0,52.44
20140,33.9,15.59,0.0,169.5
20141,27.39,9.03,0.0,27.39
20142,39.42,8.22,0.1,157.68
20143,53.04,4.56,0.0,424.32
20144,34.8,15.96,0.0,139.2
20145,60.0,19.8,0.0,60.0
20146,26.67,1.05,0.0,26.67
20147,45.22,4.52,0.2,135.66
20148,45.36,2.16,0.4,272.15999999999997
20149,22.24,9.32,0.0,44.48
20150,14.75,5.31,0.2,29.5
20151,13.06,-1.74,0.4,52.24
20152,36.14,-3.64,0.4,108.42
20153,44.22,7.92,0.0,88.44
20154,35.18,-0.02,0.4,70.36
20155,28.89,-14.49,0.4,86.67
20156,149.97,6.0,0.0,449.90999999999997
20157,21.06,0.6,0.0,42.12
20158,241.42,-36.21,0.2,482.84
20159,18.81,3.18,0.0,18.81
20160,156.65,24.35,0.1,469.95000000000005
20161,72.27,13.68,0.0,216.81
20162,31.68,11.09,0.2,126.72
20163,35.04,8.4,0.0,70.08
20164,78.3,3.9,0.2,78.3
20165,22.5,6.72,0.0,67.5
20166,11.2,4.58,0.0,11.2
20167,67.92,10.08,0.0,271.68
20168,40.74,5.7,0.0,81.48
20169,23.52,4.68,0.0,47.04
20170,101.41,22.51,0.1,202.82
20171,45.36,16.29,0.0,136.07999999999998
20172,132.44,58.24,0.0,927.0799999999999
20173,56.5,18.6,0.0,282.5
20174,23.8,4.52,0.0,47.6
20175,36.8,11.76,0.0,147.2
20176,39.4,19.68,0.0,78.8
20177,43.2,2.16,0.0,129.60000000000002
20178,36.72,13.95,0.0,110.16
20179,11.84,-7.42,0.6,11.84
20180,31.17,7.14,0.0,31.17
20181,62.16,20.4,0.0,248.64
20182,9.96,4.58,0.0,19.92
20183,33.39,-2.52,0.47,233.73000000000002
20184,2.39,-6.34,0.8,2.39
20185,269.98,40.5,0.4,809.94
20186,1218.74,-121.87,0.3,6093.7
20187,597.0,280.59,0.0,1791.0
20188,66.96,-13.39,0.2,334.79999999999995
20189,99.99,44.0,0.0,99.99
20190,26.19,-24.66,0.5,78.57000000000001
20191,30.96,-22.74,0.7,61.92
20192,44.08,20.64,0.0,176.32
20193,27.72,13.86,0.0,55.44
20194,29.01,3.18,0.0,29.01
20195,38.48,10.32,0.0,153.92
20196,75.17,-28.83,0.4,601.36
20197,25.18,8.78,0.2,50.36
20198,55.65,3.75,0.0,278.25
20199,59.76,16.73,0.0,59.76
20200,41.76,9.18,0.0,250.56
20201,9.32,-24.71,0.8,55.92
20202,33.79,-22.52,0.7,33.79
20203,30.15,14.76,0.0,90.44999999999999
20204,5.79,-9.56,0.8,11.58
20205,46.36,-47.54,0.6,46.36
20206,3.26,-2.28,0.7,6.52
20207,21.12,6.55,0.0,84.48
20208,158.56,-26.06,0.27,317.12
20209,38.64,-25.12,0.4,77.28
20210,28.14,12.06,0.0,84.42
20211,20.48,9.2,0.0,20.48
20212,26.22,8.88,0.0,52.44
20213,14.04,7.02,0.0,28.08
20214,832.93,233.22,0.0,5830.509999999999
20215,311.98,-42.9,0.2,935.94
20216,78.26,-86.14,0.7,313.04
20217,59.75,19.42,0.2,418.25
20218,33.8,-6.79,0.4,33.8
20219,29.04,4.62,0.0,58.08
20220,37.71,11.61,0.0,113.13
20221,48.87,-20.55,0.5,97.74
20222,41.04,11.04,0.0,164.16
20223,91.28,-67.54,0.5,91.28
20224,74.45,-31.75,0.6,297.8
20225,42.15,13.89,0.0,42.15
20226,47.01,8.91,0.0,47.01
20227,40.01,-44.05,0.6,80.02
20228,31.86,11.15,0.0,63.72
20229,64.38,24.42,0.0,128.76
20230,17.25,6.04,0.2,34.5
20231,26.28,2.08,0.0,52.56
20232,30.82,-8.22,0.4,61.64
20233,18.16,3.44,0.0,36.32
20234,63.7,-12.78,0.4,254.8
20235,34.38,16.5,0.0,103.14000000000001
20236,68.6,26.72,0.0,137.2
20237,27.82,-7.1,0.45,55.64
20238,20.25,5.67,0.0,60.75
20239,19.17,-21.09,0.7,38.34
20240,40.48,14.57,0.0,80.96
20241,28.02,1.08,0.0,56.04
20242,35.04,12.6,0.0,140.16
20243,26.4,0.48,0.0,52.8
20244,73.2,28.5,0.0,366.0
20245,18.56,-4.66,0.6,18.56
20246,11.63,-8.95,0.7,23.26
20247,51.35,11.93,0.1,308.1
20248,62.4,8.1,0.0,124.8
20249,43.28,-92.35,0.7,43.28
20250,24.0,10.8,0.0,48.0
20251,16.23,3.51,0.17,64.92
20252,19.8,0.0,0.0,19.8
20253,19.76,8.3,0.0,79.04
20254,58.2,12.12,0.0,349.20000000000005
20255,161.36,12.88,0.0,322.72
20256,21.41,6.17,0.17,42.82
20257,371.97,66.95,0.0,1115.91
20258,33.3,8.94,0.0,66.6
20259,169.57,0.0,0.2,339.14
20260,25.83,9.56,0.0,77.49
20261,11.37,2.61,0.0,11.37
20262,19.83,5.95,0.0,19.83
20263,34.65,-16.65,0.5,69.3
20264,465.16,120.94,0.0,930.32
20265,38.1,17.9,0.0,190.5
20266,23.22,5.34,0.0,69.66
20267,110.49,-30.36,0.27,552.4499999999999
20268,127.37,-30.93,0.3,254.74
20269,20.26,-5.1,0.6,81.04
20270,17.41,1.15,0.4,17.41
20271,26.94,8.58,0.0,80.82000000000001
20272,63.36,31.68,0.0,190.07999999999998
20273,40.15,-26.12,0.6,40.15
20274,2033.58,762.59,0.2,4067.16
20275,347.58,17.38,0.0,1042.74
20276,93.84,31.8,0.0,375.36
20277,21.0,3.36,0.0,21.0
20278,15.48,-10.26,0.5,30.96
20279,13.02,4.02,0.0,13.02
20280,32.58,-24.03,0.47,97.74
20281,35.56,7.8,0.0,71.12
20282,23.36,3.2,0.0,93.44
20283,44.74,-45.86,0.6,268.44
20284,23.84,5.2,0.0,95.36
20285,24.85,11.68,0.0,173.95000000000002
20286,12.1,-4.46,0.4,24.2
20287,674.06,-19.26,0.3,2022.1799999999998
20288,44.28,7.02,0.0,132.84
20289,110.64,40.8,0.0,885.12
20290,45.22,-4.58,0.4,180.88
20291,998.82,29.96,0.0,8989.380000000001
20292,1080.1,-94.51,0.2,6480.599999999999
20293,33.52,6.32,0.0,134.08
20294,51.42,-4.54,0.2,102.84
20295,55.58,-12.1,0.4,166.74
20296,933.41,-173.35,0.3,3733.64
20297,24.83,-13.66,0.6,24.83
20298,36.75,15.06,0.0,36.75
20299,40.01,7.07,0.1,80.02
20300,29.7,-34.92,0.6,29.7
20301,36.24,15.22,0.0,36.24
20302,11.52,4.18,0.2,57.599999999999994
20303,43.63,1.45,0.1,43.63
20304,49.41,11.85,0.0,49.41
20305,95.28,11.4,0.0,381.12
20306,25.4,0.48,0.0,50.8
20307,15.01,1.5,0.2,30.02
20308,51.66,18.06,0.0,103.32
20309,47.23,-19.01,0.4,188.92
20310,80.5,-44.3,0.6,322.0
20311,85.61,-15.71,0.4,171.22
20312,38.16,-24.24,0.4,152.64
20313,69.26,-7.7,0.1,346.3
20314,31.13,-0.38,0.17,62.26
20315,323.98,28.35,0.2,971.94
20316,207.0,25.88,0.2,621.0
20317,58.11,10.44,0.0,58.11
20318,48.0,22.08,0.0,48.0
20319,210.98,21.1,0.0,421.96
20320,19.02,0.72,0.0,38.04
20321,239.98,27.0,0.2,719.9399999999999
20322,44.28,0.36,0.0,177.12
20323,26.82,2.1,0.0,53.64
20324,159.96,51.19,0.0,639.84
20325,46.72,21.92,0.0,186.88
20326,33.02,7.42,0.2,132.08
20327,105.42,51.66,0.0,210.84
20328,31.59,7.2,0.0,94.77
20329,16.08,4.64,0.0,64.32
20330,31.32,1.14,0.47,62.64
20331,26.46,-5.76,0.4,79.38
20332,65.28,20.2,0.0,130.56
20333,18.29,-3.07,0.4,73.16
20334,22.11,3.96,0.0,22.11
20335,29.07,-67.83,0.7,58.14
20336,24.42,-24.42,0.5,97.68
20337,30.82,9.62,0.2,30.82
20338,66.68,4.0,0.0,133.36
20339,26.25,8.64,0.0,26.25
20340,3040.0,1459.2,0.0,24320.0
20341,719.98,135.0,0.2,2159.94
20342,25.8,9.96,0.0,103.2
20343,178.15,77.2,0.1,178.15
20344,21.82,-6.56,0.6,21.82
20345,37.86,11.34,0.0,75.72
20346,44.46,10.62,0.0,133.38
20347,8.27,-13.65,0.8,33.08
20348,34.14,16.02,0.0,68.28
20349,20.49,8.19,0.0,20.49
20350,47.64,5.7,0.0,95.28
20351,25.14,3.24,0.0,50.28
20352,12.44,1.6,0.0,12.44
20353,34.2,2.34,0.0,102.60000000000001
20354,38.64,-39.66,0.6,115.92
20355,28.44,0.0,0.0,56.88
20356,64.44,27.66,0.0,193.32
20357,65.37,-15.69,0.5,130.74
20358,15.2,0.28,0.0,30.4
20359,11.2,-7.58,0.6,11.2
20360,39.0,11.31,0.0,468.0
20361,19.4,-13.6,0.6,19.4
20362,37.74,9.42,0.0,75.48
20363,8.38,0.73,0.2,8.38
20364,34.98,4.14,0.0,69.96
20365,85.25,-1.22,0.3,170.5
20366,29.04,9.24,0.0,58.08
20367,26.41,8.17,0.1,52.82
20368,27.49,-1.01,0.17,54.98
20369,24.0,0.96,0.0,48.0
20370,57.96,8.64,0.4,115.92
20371,47.99,-2.06,0.3,95.98
20372,16.66,2.78,0.4,33.32
20373,9.64,-9.89,0.6,9.64
20374,39.84,17.12,0.0,79.68
20375,26.88,13.44,0.0,80.64
20376,31.54,-41.06,0.6,189.24
20377,54.35,-0.01,0.1,163.05
20378,230.28,23.03,0.2,690.84
20379,62.24,29.25,0.0,497.92
20380,22.86,10.26,0.0,68.58
20381,45.24,3.96,0.0,180.96
20382,9.55,-3.82,0.6,28.650000000000002
20383,27.3,6.81,0.0,27.3
20384,50.28,15.48,0.0,201.12
20385,7.18,2.25,0.2,14.36
20386,19.35,2.1,0.0,19.35
20387,14.28,6.71,0.0,99.96
20388,65.39,6.38,0.4,457.73
20389,22.05,3.96,0.0,22.05
20390,101.94,30.58,0.0,305.82
20391,46.46,18.44,0.17,92.92
20392,39.86,-49.84,0.6,79.72
20393,29.88,0.87,0.0,29.88
20394,11.63,-0.43,0.4,34.89
20395,41.15,-6.91,0.4,370.34999999999997
20396,12.4,6.16,0.0,49.6
20397,21.06,-2.54,0.4,105.3
20398,42.1,-7.22,0.47,168.4
20399,18.72,-36.84,0.7,37.44
20400,27.5,-5.14,0.4,165.0
20401,8.84,1.76,0.0,8.84
20402,14.64,2.46,0.0,14.64
20403,17.64,-29.4,0.7,70.56
20404,25.0,-23.36,0.7,25.0
20405,1145.6,100.24,0.2,4582.4
20406,52.59,12.6,0.0,52.59
20407,40.26,10.44,0.0,80.52
20408,42.84,19.62,0.0,128.52
20409,30.96,11.22,0.2,185.76
20410,57.3,14.85,0.0,286.5
20411,38.56,-25.49,0.47,192.8
20412,22.41,9.84,0.0,22.41
20413,102.54,35.88,0.0,205.08
20414,58.0,19.84,0.1,348.0
20415,41.0,-49.21,0.7,41.0
20416,25.56,-20.45,0.7,127.8
20417,15.87,6.33,0.0,15.87
20418,41.7,4.98,0.0,41.7
20419,73.03,-93.17,0.6,146.06
20420,52.52,-3.82,0.45,157.56
20421,19.98,9.36,0.0,59.94
20422,53.91,12.39,0.0,53.91
20423,50.63,20.21,0.1,151.89000000000001
20424,19.9,-17.93,0.6,19.9
20425,162.0,19.44,0.0,648.0
20426,43.02,15.48,0.0,43.02
20427,241.5,0.0,0.3,966.0
20428,38.96,15.16,0.0,77.92
20429,65.24,9.66,0.0,456.67999999999995
20430,77.56,28.56,0.0,542.9200000000001
20431,40.92,7.76,0.0,81.84
20432,17.25,6.04,0.2,34.5
20433,34.25,11.56,0.2,102.75
20434,301.96,45.29,0.0,603.92
20435,35.34,13.43,0.0,70.68
20436,11.81,-8.66,0.7,94.48
20437,347.97,100.91,0.0,1043.91
20438,19.73,-24.19,0.6,19.73
20439,30.24,13.86,0.0,90.72
20440,129.92,21.11,0.2,649.5999999999999
20441,46.78,-14.78,0.27,187.12
20442,66.83,-42.53,0.45,601.47
20443,52.76,24.27,0.0,105.52
20444,7.68,-11.52,0.8,38.4
20445,39.48,8.68,0.0,276.35999999999996
20446,44.46,14.67,0.0,88.92
20447,20.79,4.83,0.1,41.58
20448,61.51,-47.09,0.45,246.04
20449,36.46,-8.62,0.4,255.22
20450,62.4,13.08,0.0,187.2
20451,15.98,1.3,0.4,31.96
20452,12.43,-8.45,0.6,24.86
20453,58.74,20.52,0.0,117.48
20454,14.01,5.16,0.0,14.01
20455,24.96,1.98,0.0,49.92
20456,6.82,-11.59,0.8,13.64
20457,26.4,13.2,0.0,26.4
20458,34.82,2.3,0.4,69.64
20459,35.24,8.08,0.0,70.48
20460,18.24,1.64,0.0,36.48
20461,28.3,6.7,0.0,141.5
20462,39.46,-21.7,0.4,78.92
20463,51.39,18.59,0.2,205.56
20464,53.88,24.78,0.0,107.76
20465,41.04,8.55,0.0,123.12
20466,53.97,18.33,0.0,53.97
20467,40.86,11.34,0.0,245.16
20468,50.25,12.54,0.0,50.25
20469,29.88,2.64,0.0,59.76
20470,33.64,10.78,0.1,67.28
20471,21.96,-47.58,0.7,21.96
20472,22.92,10.98,0.0,45.84
20473,24.63,4.65,0.0,24.63
20474,44.42,-4.94,0.1,310.94
20475,43.8,9.6,0.0,175.2
20476,30.44,14.92,0.0,60.88
20477,45.99,-5.67,0.5,321.93
20478,29.32,-8.34,0.4,205.24
20479,49.87,-5.89,0.4,199.48
20480,21.48,-32.22,0.6,21.48
20481,17.04,-15.0,0.6,68.16
20482,446.07,0.0,0.3,1784.28
20483,83.34,14.13,0.0,250.02
20484,37.59,2.25,0.0,37.59
20485,35.22,17.58,0.0,70.44
20486,14.64,2.46,0.0,14.64
20487,37.08,7.38,0.0,111.24
20488,42.62,-0.86,0.5,127.85999999999999
20489,29.32,8.14,0.1,58.64
20490,49.92,3.96,0.0,199.68
20491,68.75,-56.74,0.6,68.75
20492,31.59,7.2,0.0,94.77
20493,18.93,5.67,0.0,18.93
20494,24.54,10.77,0.0,24.54
20495,24.99,7.74,0.0,24.99
20496,96.96,12.6,0.0,193.92
20497,18.65,-38.56,0.7,18.65
20498,62.64,-0.72,0.1,250.56
20499,33.96,6.72,0.0,135.84
20500,449.15,8.98,0.0,2245.75
20501,22.26,1.5,0.0,44.52
20502,47.04,-47.04,0.6,376.32
20503,23.1,5.52,0.0,46.2
20504,70.68,6.96,0.0,282.72
20505,74.68,16.57,0.1,74.68
20506,43.37,-22.43,0.4,86.74
20507,80.0,34.4,0.0,400.0
20508,35.3,-8.86,0.6,105.89999999999999
20509,23.39,-1.93,0.27,46.78
20510,104.77,-154.55,0.6,104.77
20511,53.88,9.12,0.0,215.52
20512,46.0,14.7,0.0,230.0
20513,12.36,-14.54,0.6,61.8
20514,99.6,35.8,0.0,996.0
20515,66.88,32.76,0.0,133.76
20516,1424.9,356.23,0.0,7124.5
20517,24.55,-8.63,0.6,49.1
20518,32.94,-9.9,0.5,197.64
20519,50.25,24.6,0.0,251.25
20520,290.34,32.66,0.2,580.68
20521,194.35,19.44,0.2,583.05
20522,47.77,-9.59,0.4,143.31
20523,27.24,-2.28,0.4,54.48
20524,24.53,-11.47,0.4,98.12
20525,13.32,1.14,0.0,26.64
20526,17.4,1.56,0.0,17.4
20527,27.36,8.16,0.0,54.72
20528,24.72,2.46,0.0,49.44
20529,30.48,13.68,0.0,121.92
20530,38.4,8.82,0.0,76.8
20531,16.65,4.65,0.0,16.65
20532,35.53,4.69,0.4,106.59
20533,30.96,11.4,0.0,92.88
20534,182.99,-320.24,0.8,548.97
20535,65.28,30.48,0.0,522.24
20536,13.54,1.54,0.4,27.08
20537,43.47,2.58,0.0,43.47
20538,64.02,29.45,0.0,384.12
20539,25.92,12.44,0.0,103.68
20540,37.01,-3.55,0.27,74.02
20541,16.08,6.72,0.0,32.16
20542,21.57,4.53,0.1,21.57
20543,31.95,-16.65,0.5,63.9
20544,36.98,-16.66,0.6,73.96
20545,51.78,1.53,0.0,51.78
20546,103.6,51.8,0.0,725.1999999999999
20547,90.48,23.52,0.0,180.96
20548,26.3,-22.84,0.47,52.6
20549,37.9,8.3,0.0,189.5
20550,31.08,5.18,0.0,217.56
20551,90.64,38.98,0.0,725.12
20552,190.85,-21.47,0.2,572.55
20553,50.01,0.48,0.0,50.01
20554,35.97,7.17,0.0,35.97
20555,47.49,3.78,0.0,47.49
20556,46.02,0.9,0.0,92.04
20557,91.01,19.34,0.2,819.09
20558,46.62,3.99,0.0,326.34
20559,15.84,1.26,0.0,15.84
20560,49.12,23.09,0.0,196.48
20561,23.01,5.04,0.0,23.01
20562,47.95,16.18,0.2,143.85000000000002
20563,24.16,-11.48,0.45,96.64
20564,28.53,5.97,0.0,28.53
20565,106.65,23.22,0.0,959.85
20566,45.53,15.93,0.2,136.59
20567,11.36,-11.38,0.7,22.72
20568,29.22,9.6,0.0,58.44
20569,34.38,16.47,0.0,103.14000000000001
20570,54.12,21.06,0.0,162.35999999999999
20571,67.72,1.32,0.0,135.44
20572,445.44,-81.66,0.4,3563.52
20573,1091.17,68.2,0.2,4364.68
20574,43.98,15.78,0.0,131.94
20575,28.18,1.51,0.45,28.18
20576,791.88,128.68,0.2,2375.64
20577,58.56,22.8,0.0,234.24
20578,21.78,-2.62,0.4,108.9
20579,56.54,-9.9,0.2,113.08
20580,26.67,1.05,0.0,26.67
20581,33.08,-56.26,0.7,66.16
20582,70.56,32.34,0.0,493.92
20583,20.52,-24.12,0.6,123.12
20584,30.02,-15.52,0.4,90.06
20585,10.78,3.37,0.2,32.339999999999996
20586,44.58,12.9,0.0,44.58
20587,31.92,6.06,0.0,63.84
20588,54.06,4.56,0.17,54.06
20589,34.21,11.53,0.17,102.63
20590,14.1,2.82,0.0,42.3
20591,35.9,3.2,0.0,179.5
20592,49.4,6.4,0.0,247.0
20593,54.0,24.3,0.0,486.0
20594,20.64,9.06,0.0,41.28
20595,251.94,88.18,0.2,1763.58
20596,12.38,-5.38,0.4,24.76
20597,18.94,-13.28,0.6,18.94
20598,69.38,-47.18,0.5,69.38
20599,51.9,11.4,0.0,51.9
20600,39.5,-24.67,0.47,118.5
20601,40.23,-17.01,0.5,362.07
20602,15.55,5.44,0.2,46.650000000000006
20603,26.77,6.37,0.17,133.85
20604,38.68,18.16,0.0,77.36
20605,14.88,3.72,0.0,29.76
20606,29.67,2.07,0.0,29.67
20607,128.9,15.47,0.0,257.8
20608,26.82,0.24,0.0,80.46000000000001
20609,50.82,1.9,0.2,101.64
20610,105.72,52.8,0.0,634.3199999999999
20611,26.94,8.58,0.0,80.82000000000001
20612,47.21,-8.79,0.4,330.47
20613,22.38,2.64,0.0,44.76
20614,29.34,14.67,0.0,88.02
20615,68.22,-64.17,0.5,204.66
20616,151.96,-182.35,0.6,759.8000000000001
20617,59.33,7.73,0.4,474.64
20618,119.94,23.99,0.0,359.82
20619,95.16,4.74,0.0,190.32
20620,34.92,-10.48,0.4,174.60000000000002
20621,106.3,-111.62,0.6,318.9
20622,76.18,26.66,0.2,228.54000000000002
20623,10.9,3.81,0.2,21.8
20624,47.61,9.03,0.0,47.61
20625,42.48,-75.06,0.7,42.48
20626,35.2,9.12,0.0,70.4
20627,33.31,6.63,0.2,66.62
20628,99.36,32.76,0.0,596.16
20629,32.0,13.76,0.0,64.0
20630,25.07,-8.6,0.5,75.21000000000001
20631,3.76,-2.76,0.7,11.28
20632,1049.2,272.79,0.0,5246.0
20633,29.22,3.78,0.0,29.22
20634,881.93,229.3,0.0,6173.509999999999
20635,512.5,-30.15,0.15,1537.5
20636,19.33,-24.53,0.7,38.66
20637,557.59,0.0,0.3,2787.9500000000003
20638,348.93,34.89,0.2,697.86
20639,37.89,0.72,0.0,113.67
20640,220.75,-40.47,0.4,1766.0
20641,8.84,1.76,0.0,8.84
20642,32.01,10.23,0.0,32.01
20643,34.92,16.74,0.0,69.84
20644,18.48,6.01,0.2,36.96
20645,29.52,3.78,0.0,88.56
20646,70.95,18.45,0.0,212.85000000000002
20647,23.98,-14.39,0.6,71.94
20648,37.94,18.21,0.0,75.88
20649,58.32,25.65,0.0,58.32
20650,30.35,-9.13,0.4,91.05000000000001
20651,46.12,11.68,0.1,184.48
20652,37.11,5.55,0.0,37.11
20653,31.8,6.96,0.0,190.8
20654,26.4,12.36,0.0,79.19999999999999
20655,65.76,29.56,0.0,131.52
20656,44.56,5.28,0.0,178.24
20657,9.57,3.47,0.2,19.14
20658,33.18,3.3,0.0,66.36
20659,8.88,-13.32,0.8,44.400000000000006
20660,41.76,9.18,0.0,250.56
20661,18.77,2.57,0.1,93.85
20662,43.97,-2.71,0.17,87.94
20663,22.26,3.78,0.0,22.26
20664,84.3,28.62,0.0,168.6
20665,36.14,3.24,0.0,36.14
20666,78.92,15.76,0.0,157.84
20667,68.83,3.39,0.4,275.32
20668,29.76,-4.2,0.5,59.52
20669,43.98,15.78,0.0,131.94
20670,25.58,8.95,0.2,51.16
20671,505.32,31.58,0.2,1515.96
20672,344.22,-103.27,0.4,688.44
20673,25.78,-14.9,0.6,154.68
20674,24.69,1.95,0.0,24.69
20675,54.09,-43.11,0.47,486.81000000000006
20676,76.65,22.2,0.0,383.25
20677,50.25,24.6,0.0,251.25
20678,238.56,26.24,0.0,715.6800000000001
20679,139.5,26.46,0.0,837.0
20680,122.55,48.9,0.0,612.75
20681,50.28,0.99,0.0,50.28
20682,17.03,-4.27,0.4,51.09
20683,60.56,26.04,0.0,121.12
20684,53.64,15.0,0.0,214.56
20685,42.9,6.75,0.0,214.5
20686,32.39,-7.51,0.47,226.73000000000002
20687,33.57,3.96,0.0,100.71000000000001
20688,48.09,4.32,0.0,48.09
20689,38.52,8.46,0.0,38.52
20690,158.33,-102.95,0.4,316.66
20691,23.32,-19.88,0.6,116.6
20692,54.36,27.12,0.0,217.44
20693,5.18,-7.76,0.8,20.72
20694,7.15,0.72,0.2,21.450000000000003
20695,53.73,6.42,0.0,53.73
20696,31.14,9.3,0.0,62.28
20697,46.49,12.35,0.1,92.98
20698,49.1,-93.34,0.7,196.4
20699,26.73,-2.97,0.1,80.19
20700,98.22,34.32,0.0,196.44
20701,11.31,0.99,0.0,11.31
20702,605.34,145.28,0.0,3632.04
20703,21.02,-27.34,0.7,84.08
20704,48.0,22.08,0.0,48.0
20705,52.74,-35.16,0.4,158.22
20706,26.24,9.96,0.0,52.48
20707,13.14,3.27,0.0,13.14
20708,17.09,1.07,0.2,34.18
20709,62.07,23.58,0.0,62.07
20710,28.98,0.24,0.0,57.96
20711,18.38,-4.6,0.2,55.14
20712,34.92,7.32,0.0,104.76
20713,46.5,-9.3,0.4,46.5
20714,10.71,-22.17,0.7,21.42
20715,23.73,-21.0,0.5,166.11
20716,44.87,-56.86,0.7,44.87
20717,22.8,3.42,0.0,45.6
20718,16.14,2.73,0.0,16.14
20719,38.88,-0.12,0.1,194.4
20720,67.99,8.5,0.2,67.99
20721,27.64,6.76,0.27,55.28
20722,34.5,15.53,0.0,103.5
20723,35.08,12.62,0.0,35.08
20724,49.57,-54.56,0.6,49.57
20725,80.89,-8.99,0.1,323.56
20726,19.8,7.92,0.0,39.6
20727,756.8,75.68,0.0,3784.0
20728,27.18,0.0,0.0,54.36
20729,54.54,9.24,0.0,109.08
20730,82.85,13.43,0.2,248.54999999999998
20731,70.45,12.33,0.2,493.15000000000003
20732,155.88,54.56,0.0,935.28
20733,39.9,10.37,0.0,199.5
20734,38.09,-7.63,0.4,152.36
20735,40.54,11.35,0.0,81.08
20736,65.45,-57.28,0.6,65.45
20737,9.36,-16.38,0.8,37.44
20738,10.32,4.53,0.0,10.32
20739,47.3,-29.98,0.4,94.6
20740,10.51,-2.81,0.4,10.51
20741,55.78,25.64,0.0,55.78
20742,41.76,12.9,0.0,83.52
20743,26.43,10.83,0.0,26.43
20744,26.35,1.15,0.1,26.35
20745,51.44,7.94,0.1,257.2
20746,81.99,27.03,0.0,81.99
20747,35.46,11.7,0.0,106.38
20748,10.33,-7.58,0.7,30.990000000000002
20749,275.88,46.9,0.0,1655.28
20750,63.65,8.45,0.4,190.95
20751,30.14,5.26,0.2,120.56
20752,42.21,7.59,0.0,42.21
20753,48.42,21.24,0.0,145.26
20754,20.97,10.26,0.0,62.91
20755,30.3,9.36,0.0,60.6
20756,81.98,40.17,0.0,163.96
20757,51.3,13.32,0.0,153.89999999999998
20758,21.96,-9.72,0.5,131.76
20759,37.86,11.34,0.0,75.72
20760,236.1,115.68,0.0,472.2
20761,69.84,21.6,0.0,558.72
20762,30.21,11.67,0.1,90.63
20763,56.81,-72.07,0.7,227.24
20764,52.98,0.51,0.0,52.98
20765,21.96,9.0,0.0,43.92
20766,27.86,-3.28,0.4,55.72
20767,127.95,21.75,0.0,383.85
20768,10.36,5.08,0.0,20.72
20769,43.75,-38.33,0.6,87.5
20770,73.2,24.75,0.0,366.0
20771,1071.0,171.36,0.0,9639.0
20772,34.88,-22.37,0.5,104.64000000000001
20773,36.07,-48.71,0.6,72.14
20774,14.49,0.12,0.0,14.49
20775,74.66,-124.48,0.7,149.32
20776,527.16,131.76,0.0,1054.32
20777,572.76,166.1,0.0,3436.56
20778,14.52,5.04,0.0,29.04
20779,26.64,3.96,0.0,53.28
20780,53.3,-38.81,0.45,106.6
20781,29.4,6.15,0.0,29.4
20782,35.96,11.18,0.1,71.92
20783,23.63,-1.81,0.45,94.52
20784,3785.29,420.59,0.1,22711.739999999998
20785,29.11,-16.49,0.45,116.44
20786,359.97,100.79,0.0,1079.91
20787,37.86,15.12,0.0,75.72
20788,232.4,78.44,0.2,1162.0
20789,17.04,8.16,0.0,34.08
20790,199.95,21.99,0.0,999.75
20791,638.82,172.48,0.0,5749.38
20792,59.83,-41.9,0.6,59.83
20793,42.12,9.18,0.0,126.35999999999999
20794,57.6,25.92,0.0,115.2
20795,14.28,5.52,0.0,28.56
20796,85.48,-32.36,0.47,683.84
20797,21.36,8.64,0.0,85.44
20798,46.44,15.3,0.0,92.88
20799,33.48,-30.87,0.5,100.44
20800,9.26,-13.9,0.8,27.78
20801,19.92,4.76,0.0,39.84
20802,34.08,15.28,0.0,136.32
20803,52.8,6.24,0.0,316.79999999999995
20804,67.54,-1.7,0.2,202.62
20805,62.56,18.76,0.0,125.12
20806,48.2,19.28,0.15,96.4
20807,3.96,-6.93,0.8,39.6
20808,22.25,6.92,0.1,22.25
20809,34.92,7.68,0.0,104.76
20810,40.4,2.8,0.0,161.6
20811,36.88,13.06,0.1,73.76
20812,66.11,-9.09,0.2,132.22
20813,43.2,17.28,0.1,43.2
20814,134.61,53.49,0.17,269.22
20815,85.25,-6.09,0.3,170.5
20816,135.52,-31.62,0.4,135.52
20817,27.41,-14.16,0.4,82.23
20818,5.88,2.65,0.0,11.76
20819,12.96,6.22,0.0,25.92
20820,86.67,6.93,0.0,260.01
20821,34.5,12.3,0.0,172.5
20822,52.92,18.48,0.0,105.84
20823,2.95,-2.06,0.7,5.9
20824,15.36,4.88,0.0,30.72
20825,89.88,36.84,0.0,539.28
20826,14.73,7.22,0.0,44.19
20827,776.85,-181.27,0.4,3884.25
20828,64.04,-13.18,0.27,128.08
20829,599.17,35.25,0.15,2995.85
20830,51.6,15.9,0.0,258.0
20831,511.5,132.99,0.0,2557.5
20832,18.64,-40.4,0.7,18.64
20833,357.0,57.12,0.0,1071.0
20834,42.62,-18.5,0.4,170.48
20835,49.39,-32.23,0.6,345.73
20836,67.8,9.48,0.0,203.39999999999998
20837,45.42,22.24,0.0,45.42
20838,40.24,-68.42,0.7,40.24
20839,143.86,48.55,0.2,1294.7400000000002
20840,145.74,56.7,0.0,1020.1800000000001
20841,31.2,-25.65,0.5,156.0
20842,159.75,11.18,0.0,798.75
20843,249.58,31.2,0.2,499.16
20844,26.3,6.71,0.1,26.3
20845,59.37,-118.77,0.7,59.37
20846,59.19,5.31,0.0,59.19
20847,40.32,1.98,0.0,80.64
20848,41.67,17.01,0.0,125.01
20849,1685.88,320.32,0.0,10115.28
20850,199.98,69.99,0.0,399.96
20851,183.96,20.7,0.2,919.8000000000001
20852,166.16,59.82,0.0,1329.28
20853,54.43,-3.08,0.1,163.29
20854,20.81,2.03,0.4,62.42999999999999
20855,51.9,23.3,0.0,259.5
20856,27.09,6.21,0.0,27.09
20857,64.96,2.6,0.0,129.92
20858,66.28,-178.97,0.8,132.56
20859,43.2,0.96,0.1,86.4
20860,51.1,-109.04,0.7,51.1
20861,50.87,-1.15,0.1,152.60999999999999
20862,50.76,23.28,0.0,203.04
20863,28.75,9.34,0.2,86.25
20864,29.82,5.64,0.0,59.64
20865,31.59,5.31,0.0,94.77
20866,52.0,16.12,0.0,104.0
20867,41.2,8.6,0.0,206.0
20868,101.04,49.5,0.0,303.12
20869,179.97,86.39,0.0,539.91
20870,126.3,40.42,0.0,378.9
20871,173.49,54.22,0.2,1214.43
20872,17.41,-1.13,0.17,52.230000000000004
20873,18.64,-40.4,0.7,18.64
20874,32.04,1.26,0.0,64.08
20875,56.88,0.54,0.0,56.88
20876,35.6,2.8,0.0,178.0
20877,19.08,-27.72,0.6,114.47999999999999
20878,28.98,0.84,0.0,86.94
20879,51.84,19.08,0.0,311.04
20880,123.14,46.18,0.2,861.98
20881,45.0,4.95,0.0,135.0
20882,50.52,14.64,0.0,50.52
20883,50.88,25.44,0.0,203.52
20884,18.77,-12.25,0.6,37.54
20885,321.57,28.14,0.2,643.14
20886,71.98,25.19,0.2,143.96
20887,43.8,13.56,0.0,43.8
20888,76.74,9.18,0.0,153.48
20889,67.72,-1.52,0.1,270.88
20890,40.32,1.98,0.0,80.64
20891,1395.54,362.84,0.0,12559.86
20892,257.98,74.81,0.0,515.96
20893,41.9,7.9,0.0,209.5
20894,157.0,18.8,0.0,785.0
20895,8.57,-6.91,0.7,17.14
20896,48.76,-32.6,0.7,292.56
20897,132.57,-4.44,0.1,132.57
20898,63.9,15.84,0.0,383.4
20899,55.42,19.4,0.2,110.84
20900,43.25,5.27,0.1,129.75
20901,21.29,-10.67,0.5,63.87
20902,31.92,11.46,0.0,95.76
20903,30.24,-28.26,0.7,90.72
20904,61.3,12.2,0.0,306.5
20905,47.7,21.94,0.0,47.7
20906,34.82,2.3,0.4,69.64
20907,38.24,8.72,0.0,152.96
20908,69.98,-28.13,0.5,349.90000000000003
20909,15.24,5.14,0.2,76.2
20910,62.16,4.95,0.0,62.16
20911,43.89,14.46,0.0,43.89
20912,92.82,-0.06,0.5,371.28
20913,26.33,4.1,0.1,78.99
20914,46.44,15.3,0.0,92.88
20915,71.4,5.64,0.0,285.6
20916,173.76,20.24,0.4,695.04
20917,27.6,4.08,0.0,110.4
20918,70.99,-15.99,0.2,70.99
20919,32.0,5.12,0.0,128.0
20920,34.44,2.85,0.17,103.32
20921,2.5,-2.0,0.7,7.5
20922,28.23,11.55,0.0,28.23
20923,120.74,-1.36,0.1,120.74
20924,71.28,4.96,0.0,142.56
20925,84.3,37.08,0.0,168.6
20926,43.83,14.4,0.0,131.49
20927,335.74,25.18,0.2,671.48
20928,57.58,20.15,0.2,115.16
20929,37.05,16.3,0.0,111.14999999999999
20930,18.75,8.61,0.0,18.75
20931,52.92,24.33,0.0,52.92
20932,89.99,-152.98,0.7,269.96999999999997
20933,107.98,-27.0,0.4,323.94
20934,51.18,-79.34,0.8,204.72
20935,11.92,4.16,0.0,23.84
20936,18.06,1.54,0.0,126.41999999999999
20937,78.12,35.92,0.0,156.24
20938,15.75,1.71,0.0,15.75
20939,27.6,2.76,0.0,55.2
20940,53.76,8.04,0.0,215.04
20941,63.84,3.72,0.0,255.36
20942,63.87,18.51,0.0,63.87
20943,36.18,11.52,0.0,72.36
20944,57.12,2.8,0.0,399.84
20945,41.09,-10.27,0.4,82.18
20946,27.57,9.99,0.2,27.57
20947,41.19,9.87,0.0,41.19
20948,48.42,13.05,0.0,48.42
20949,21.4,6.21,0.0,107.0
20950,27.42,3.54,0.0,54.84
20951,37.41,13.09,0.2,261.87
20952,54.6,2.16,0.0,109.2
20953,38.82,3.06,0.0,116.46000000000001
20954,17.57,-10.87,0.4,52.71
20955,50.04,14.49,0.0,50.04
20956,1199.98,434.99,0.2,3599.94
20957,1091.17,68.2,0.2,4364.68
20958,649.0,-272.58,0.5,1298.0
20959,33.06,14.52,0.0,66.12
20960,28.86,0.24,0.0,57.72
20961,228.1,-12.74,0.1,684.3
20962,42.3,-15.3,0.5,507.59999999999997
20963,114.46,28.62,0.0,228.92
20964,48.84,23.92,0.0,48.84
20965,44.57,-11.17,0.4,133.71
20966,35.34,3.48,0.0,70.68
20967,38.29,16.46,0.0,268.03
20968,40.32,18.54,0.0,120.96000000000001
20969,40.14,10.26,0.0,240.84
20970,40.92,13.89,0.0,40.92
20971,89.73,35.82,0.0,269.19
20972,791.96,-131.99,0.4,4751.76
20973,454.97,-136.49,0.3,2274.8500000000004
20974,23.93,-23.35,0.6,47.86
20975,338.04,-33.8,0.2,1014.1200000000001
20976,54.96,-16.5,0.5,109.92
20977,19.78,-26.21,0.6,19.78
20978,321.57,28.14,0.2,643.14
20979,55.18,-12.41,0.2,165.54
20980,41.84,-20.93,0.5,41.84
20981,51.27,17.94,0.0,51.27
20982,42.71,-2.47,0.47,85.42
20983,28.62,12.24,0.0,171.72
20984,73.94,-31.45,0.6,221.82
20985,26.45,-10.03,0.6,105.8
20986,23.7,11.1,0.0,47.4
20987,35.53,-0.65,0.4,106.59
20988,45.1,21.6,0.0,225.5
20989,56.88,-4.32,0.2,511.92
20990,93.15,44.71,0.0,838.35
20991,47.98,4.8,0.2,143.94
20992,35.91,1.71,0.0,107.72999999999999
20993,22.32,0.87,0.0,22.32
20994,17.22,0.86,0.2,34.44
20995,17.68,6.18,0.2,88.4
20996,47.16,22.16,0.0,94.32
20997,38.58,2.28,0.0,77.16
20998,85.22,7.46,0.2,255.66
20999,73.76,-28.3,0.4,73.76
21000,23.56,6.12,0.0,47.12
21001,203.52,93.6,0.0,814.08
21002,34.56,13.77,0.0,103.68
21003,2396.4,179.73,0.2,23964.0
21004,1024.72,-29.28,0.3,6148.32
21005,54.18,19.98,0.0,325.08
21006,85.54,1.48,0.45,256.62
21007,305.31,-8.72,0.3,610.62
21008,147.17,16.56,0.2,588.68
21009,28.8,6.56,0.0,115.2
21010,32.68,-8.18,0.4,32.68
21011,48.9,17.6,0.0,48.9
21012,32.26,10.32,0.0,32.26
21013,47.68,-35.76,0.6,190.72
21014,40.61,2.99,0.2,121.83
21015,107.88,10.79,0.2,323.64
21016,37.5,17.22,0.0,75.0
21017,35.04,10.86,0.0,70.08
21018,47.28,4.08,0.0,378.24
21019,44.48,17.28,0.0,177.92
21020,65.88,27.0,0.0,395.28
21021,41.4,19.87,0.0,165.6
21022,38.28,8.4,0.0,76.56
21023,83.92,31.47,0.2,419.6
21024,94.05,20.61,0.0,282.15
21025,55.94,4.91,0.1,391.58
21026,152.28,50.22,0.0,913.6800000000001
21027,72.0,12.96,0.0,288.0
21028,79.38,29.77,0.2,79.38
21029,60.6,27.84,0.0,121.2
21030,52.65,17.55,0.1,157.95
21031,42.45,1.59,0.47,127.35000000000001
21032,50.2,6.01,0.17,150.60000000000002
21033,24.75,10.62,0.0,74.25
21034,8.4,2.18,0.0,42.0
21035,46.22,-43.96,0.6,92.44
21036,23.22,7.65,0.0,23.22
21037,20.12,-8.4,0.4,20.12
21038,25.66,-9.71,0.47,25.66
21039,62.31,22.43,0.0,186.93
21040,30.81,8.61,0.0,30.81
21041,11.78,3.98,0.2,35.339999999999996
21042,65.14,-10.7,0.45,260.56
21043,54.66,2.73,0.0,54.66
21044,9.57,2.99,0.2,19.14
21045,53.55,4.23,0.0,160.64999999999998
21046,19.36,-14.03,0.6,19.36
21047,35.06,16.46,0.0,35.06
21048,16.76,6.2,0.0,33.52
21049,34.68,14.2,0.0,69.36
21050,23.46,9.36,0.0,70.38
21051,34.49,1.37,0.27,103.47
21052,91.15,4.51,0.4,182.3
21053,48.93,4.38,0.0,48.93
21054,866.4,225.26,0.0,3465.6
21055,290.67,3.42,0.15,581.34
21056,14.88,1.92,0.0,14.88
21057,25.08,8.25,0.0,25.08
21058,35.04,-2.92,0.4,70.08
21059,54.42,-4.58,0.4,272.1
21060,137.6,-74.4,0.5,1100.8
21061,76.03,33.79,0.1,304.12
21062,48.0,-36.48,0.5,192.0
21063,186.69,87.74,0.0,560.0699999999999
21064,33.05,2.9,0.1,99.14999999999999
21065,62.31,13.68,0.0,62.31
21066,31.43,-2.47,0.1,62.86
21067,59.98,25.19,0.0,119.96
21068,34.85,-76.75,0.7,278.8
21069,35.12,2.08,0.0,140.48
21070,29.58,-36.99,0.6,29.58
21071,53.91,12.39,0.0,53.91
21072,51.54,10.8,0.0,51.54
21073,277.14,91.44,0.0,554.28
21074,51.45,20.55,0.0,257.25
21075,30.53,9.54,0.2,244.24
21076,54.9,26.9,0.0,274.5
21077,35.46,1.26,0.0,212.76
21078,11.7,3.95,0.2,23.4
21079,30.76,-4.52,0.45,61.52
21080,38.76,10.44,0.0,77.52
21081,59.46,16.02,0.0,178.38
21082,55.86,10.56,0.0,167.57999999999998
21083,54.9,15.36,0.0,109.8
21084,20.57,8.45,0.1,41.14
21085,8.4,4.2,0.0,42.0
21086,120.48,22.8,0.0,481.92
21087,72.0,-153.6,0.7,144.0
21088,55.38,4.38,0.0,110.76
21089,42.09,7.98,0.0,42.09
21090,45.97,-29.93,0.4,91.94
21091,243.92,-15.25,0.2,1219.6
21092,539.96,-107.99,0.4,3239.76
21093,31.08,9.0,0.0,62.16
21094,57.52,-81.98,0.6,57.52
21095,66.88,28.72,0.0,267.52
21096,53.47,-25.09,0.4,427.76
21097,39.22,4.3,0.0,39.22
21098,50.67,10.62,0.0,152.01
21099,30.56,-19.86,0.6,152.79999999999998
21100,646.78,-145.52,0.2,5821.0199999999995
21101,306.2,0.0,0.0,1531.0
21102,18.27,3.63,0.0,18.27
21103,66.15,21.15,0.0,330.75
21104,11.74,3.82,0.2,11.74
21105,9.24,4.44,0.0,27.72
21106,39.0,-29.64,0.5,78.0
21107,74.16,33.3,0.0,444.96
21108,54.18,19.98,0.0,325.08
21109,44.6,-11.92,0.4,133.8
21110,30.84,-26.22,0.6,92.52
21111,33.96,0.96,0.0,67.92
21112,29.88,2.64,0.0,59.76
21113,33.94,-47.51,0.6,33.94
21114,10.3,-4.64,0.6,20.6
21115,35.27,3.68,0.15,105.81
21116,13.38,6.15,0.0,26.76
21117,44.58,-11.64,0.5,89.16
21118,61.83,16.38,0.1,309.15
21119,17.52,5.43,0.0,17.52
21120,147.57,-3.69,0.2,295.14
21121,631.78,140.4,0.1,1263.56
21122,310.44,-48.78,0.3,931.3199999999999
21123,25.29,-7.11,0.5,75.87
21124,46.26,3.15,0.0,138.78
21125,39.12,-55.8,0.6,78.24
21126,19.35,2.1,0.0,19.35
21127,52.5,-35.7,0.5,262.5
21128,59.64,29.82,0.0,119.28
21129,854.35,10.68,0.2,2563.05
21130,31.2,4.05,0.0,31.2
21131,273.3,13.65,0.0,1366.5
21132,44.1,-2.24,0.4,308.7
21133,67.23,26.13,0.1,134.46
21134,43.92,16.23,0.0,43.92
21135,38.34,15.72,0.0,345.06000000000006
21136,22.11,3.96,0.0,22.11
21137,29.99,3.0,0.0,29.99
21138,34.03,0.91,0.27,102.09
21139,23.85,10.2,0.0,119.25
21140,87.3,35.7,0.0,436.5
21141,40.4,9.28,0.0,80.8
21142,76.37,-44.55,0.4,152.74
21143,39.54,1.92,0.0,118.62
21144,28.62,12.78,0.0,257.58
21145,18.99,6.81,0.0,18.99
21146,33.48,0.0,0.0,200.88
21147,37.54,-35.66,0.6,75.08
21148,323.82,109.98,0.0,1942.92
21149,26.88,4.8,0.0,107.52
21150,44.9,8.5,0.0,224.5
21151,146.73,2.93,0.0,440.18999999999994
21152,41.98,-19.7,0.4,167.92
21153,244.73,16.67,0.002,734.1899999999999
21154,61.6,22.76,0.0,123.2
21155,31.02,-6.78,0.4,155.1
21156,48.0,6.72,0.0,96.0
21157,141.96,39.75,0.0,283.92
21158,38.07,14.76,0.0,114.21000000000001
21159,517.5,155.25,0.0,3105.0
21160,167.89,14.69,0.2,1175.23
21161,49.41,11.85,0.0,49.41
21162,81.69,4.89,0.0,81.69
21163,73.04,-58.45,0.6,73.04
21164,27.78,3.84,0.0,55.56
21165,40.83,1.62,0.0,40.83
21166,332.03,-348.63,0.6,2988.2699999999995
21167,34.56,4.08,0.0,138.24
21168,42.0,-28.44,0.6,168.0
21169,69.98,4.9,0.0,139.96
21170,21.34,9.82,0.0,42.68
21171,54.18,27.06,0.0,108.36
21172,15.94,5.18,0.2,63.76
21173,48.72,23.34,0.0,146.16
21174,15.53,5.82,0.2,46.589999999999996
21175,451.15,0.0,0.2,1353.4499999999998
21176,37.81,-10.73,0.47,37.81
21177,25.49,-22.96,0.7,25.49
21178,44.96,-52.84,0.6,44.96
21179,84.06,27.32,0.2,588.4200000000001
21180,37.44,16.85,0.0,224.64
21181,68.04,28.56,0.0,272.16
21182,27.04,-14.0,0.4,81.12
21183,37.13,-9.31,0.6,74.26
21184,37.98,13.62,0.0,75.96
21185,42.03,15.48,0.0,126.09
21186,113.37,-3.24,0.3,226.74
21187,247.44,101.45,0.0,1979.52
21188,58.32,25.65,0.0,58.32
21189,46.32,18.06,0.0,185.28
21190,46.04,-21.52,0.4,92.08
21191,17.87,-41.17,0.7,35.74
21192,42.34,7.06,0.1,296.38
21193,47.98,23.99,0.0,95.96
21194,29.8,-0.02,0.45,59.6
21195,46.74,21.96,0.0,46.74
21196,30.15,14.76,0.0,90.44999999999999
21197,46.44,12.96,0.0,139.32
21198,32.04,-30.0,0.7,128.16
21199,27.86,-0.04,0.4,83.58
21200,76.14,26.65,0.0,228.42000000000002
21201,19.44,9.33,0.0,58.32000000000001
21202,31.54,7.36,0.1,63.08
21203,67.92,14.94,0.0,135.84
21204,204.3,32.58,0.0,1225.8000000000002
21205,38.88,6.84,0.1,155.52
21206,31.25,-6.27,0.4,125.0
21207,39.1,-18.9,0.4,78.2
21208,50.4,21.6,0.0,201.6
21209,39.4,5.1,0.0,197.0
21210,80.03,14.15,0.1,320.12
21211,45.05,-16.43,0.45,135.14999999999998
21212,109.74,35.1,0.0,109.74
21213,53.57,-2.41,0.1,107.14
21214,44.37,-29.34,0.5,133.10999999999999
21215,29.52,-26.58,0.7,59.04
21216,9.78,4.89,0.0,9.78
21217,37.66,14.56,0.0,263.62
21218,27.2,4.0,0.0,136.0
21219,46.53,-27.03,0.5,93.06
21220,36.78,4.38,0.0,73.56
21221,4.27,0.96,0.2,8.54
21222,51.75,1.02,0.0,51.75
21223,18.63,-15.93,0.47,74.52
21224,27.63,4.14,0.0,27.63
21225,466.32,34.97,0.2,1398.96
21226,18.82,-9.89,0.6,18.82
21227,102.58,26.92,0.2,307.74
21228,8.36,0.72,0.0,16.72
21229,100.92,16.08,0.0,403.68
21230,38.76,18.18,0.0,77.52
21231,31.76,7.3,0.0,31.76
21232,40.32,9.0,0.15,40.32
21233,28.26,5.91,0.0,28.26
21234,93.92,-18.86,0.5,281.76
21235,19.26,-15.42,0.6,38.52
21236,46.22,-12.34,0.4,138.66
21237,314.22,3.12,0.0,314.22
21238,49.83,4.98,0.0,49.83
21239,64.35,-32.76,0.45,193.04999999999998
21240,20.7,-30.03,0.6,20.7
21241,136.96,51.36,0.2,547.84
21242,32.56,8.62,0.1,97.68
21243,25.27,-40.61,0.7,151.62
21244,47.88,2.79,0.0,143.64000000000001
21245,30.0,6.3,0.0,150.0
21246,39.96,2.37,0.0,39.96
21247,21.18,1.86,0.0,63.54
21248,40.44,-40.44,0.6,121.32
21249,2676.67,267.67,0.2,24090.03
21250,98.39,-5.47,0.1,196.78
21251,61.1,18.33,0.0,305.5
21252,21.96,9.66,0.0,43.92
21253,32.33,-25.87,0.7,129.32
21254,131.85,26.25,0.0,659.25
21255,48.87,14.16,0.0,48.87
21256,61.8,6.15,0.0,309.0
21257,51.3,20.5,0.0,256.5
21258,21.48,10.5,0.0,64.44
21259,32.06,9.28,0.0,32.06
21260,28.56,14.28,0.0,57.12
21261,375.34,18.77,0.0,375.34
21262,31.83,8.91,0.0,31.83
21263,54.79,-40.18,0.7,328.74
21264,72.8,19.66,0.0,364.0
21265,25.56,10.98,0.0,51.12
21266,82.34,27.79,0.2,247.02
21267,13.85,5.19,0.2,41.55
21268,14.49,4.77,0.0,14.49
21269,27.92,-1.9,0.1,55.84
21270,22.13,-12.79,0.6,88.52
21271,31.21,-3.47,0.1,62.42
21272,10.95,-6.57,0.5,21.9
21273,58.21,-7.79,0.4,116.42
21274,1245.86,361.3,0.0,8721.019999999999
21275,846.6,372.48,0.0,3386.4
21276,8.79,3.33,0.0,8.79
21277,33.18,4.92,0.0,66.36
21278,16.02,0.63,0.0,16.02
21279,5.91,2.1,0.0,5.91
21280,50.41,1.67,0.4,50.41
21281,49.2,21.15,0.0,49.2
21282,15.55,5.64,0.2,46.650000000000006
21283,39.96,16.38,0.0,119.88
21284,10.02,4.41,0.0,30.06
21285,44.96,20.68,0.0,89.92
21286,71.98,15.12,0.0,143.96
21287,43.15,9.07,0.1,86.3
21288,10.27,1.16,0.2,30.81
21289,196.78,-22.14,0.2,393.56
21290,20.49,2.85,0.0,20.49
21291,40.68,-6.99,0.3,40.68
21292,27.09,13.53,0.0,27.09
21293,28.72,14.0,0.0,114.88
21294,15.04,1.5,0.4,15.04
21295,13.82,-9.22,0.4,55.28
21296,13.25,-5.11,0.4,26.5
21297,13.06,-0.98,0.2,26.12
21298,1931.04,321.84,0.1,17379.36
21299,443.92,-94.33,0.2,2219.6
21300,545.94,87.35,0.0,3275.6400000000003
21301,99.54,10.95,0.0,199.08
21302,25.98,1.02,0.0,25.98
21303,269.98,72.89,0.0,539.96
21304,206.4,92.88,0.0,206.4
21305,11.6,-0.76,0.17,23.2
21306,29.8,2.68,0.45,59.6
21307,26.38,-18.44,0.47,79.14
21308,19.93,-24.92,0.6,19.93
21309,6.18,0.98,0.0,6.18
21310,11.64,1.36,0.0,23.28
21311,16.11,4.83,0.0,16.11
21312,26.17,-6.23,0.45,52.34
21313,92.52,24.98,0.0,555.12
21314,22.68,10.64,0.0,45.36
21315,38.22,-21.7,0.4,267.53999999999996
21316,12.1,-0.22,0.4,24.2
21317,146.35,-5.49,0.2,439.04999999999995
21318,26.18,0.52,0.0,183.26
21319,61.44,16.59,0.0,184.32
21320,207.98,36.4,0.2,415.96
21321,44.11,-35.33,0.6,88.22
21322,14.88,2.2,0.0,29.76
21323,50.4,25.2,0.0,100.8
21324,56.12,21.32,0.0,112.24
21325,32.2,4.48,0.0,225.40000000000003
21326,99.14,30.98,0.2,396.56
21327,29.64,13.32,0.0,59.28
21328,40.99,20.09,0.0,40.99
21329,67.19,-51.52,0.7,67.19
21330,25.92,0.72,0.0,77.76
21331,19.44,9.33,0.0,58.32000000000001
21332,29.67,7.11,0.0,29.67
21333,21.55,4.27,0.1,129.3
21334,79.14,36.4,0.0,237.42000000000002
21335,18.81,-30.15,0.7,37.62
21336,47.99,7.2,0.2,47.99
21337,4.77,-10.83,0.7,9.54
21338,8.21,-7.03,0.6,16.42
21339,44.75,20.59,0.0,223.75
21340,32.54,-7.73,0.2,65.08
21341,16.8,1.34,0.0,16.8
21342,13.32,5.46,0.0,13.32
21343,14.8,-29.6,0.7,14.8
21344,91.06,31.87,0.2,546.36
21345,71.04,24.84,0.0,142.08
21346,47.34,-113.76,0.8,236.70000000000002
21347,45.45,-34.65,0.5,272.70000000000005
21348,27.96,10.32,0.0,27.96
21349,61.25,-130.69,0.7,61.25
21350,4.71,0.0,0.0,4.71
21351,21.82,-6.56,0.6,21.82
21352,8.73,2.7,0.0,8.73
21353,10.08,4.62,0.0,10.08
21354,9.89,-12.37,0.6,19.78
21355,57.12,6.24,0.0,228.48
21356,74.77,-29.93,0.4,149.54
21357,12.96,6.22,0.0,25.92
21358,19.77,8.28,0.0,19.77
21359,32.04,1.26,0.0,64.08
21360,41.07,20.1,0.0,41.07
21361,11.96,5.86,0.0,23.92
21362,1115.91,200.86,0.0,10043.19
21363,47.4,5.67,0.0,47.4
21364,147.51,39.6,0.0,1622.61
21365,666.25,-149.91,0.2,666.25
21366,64.76,20.21,0.17,194.28000000000003
21367,890.84,-152.72,0.3,2672.52
21368,14.13,0.71,0.0,42.39
21369,39.5,-28.46,0.5,39.5
21370,3.76,1.8,0.0,7.52
21371,37.68,3.0,0.0,75.36
21372,18.54,-14.85,0.5,55.62
21373,1049.97,-209.99,0.4,5249.85
21374,20.58,4.08,0.0,41.16
21375,28.86,1.56,0.47,144.3
21376,27.96,4.14,0.0,83.88
21377,22.2,5.32,0.0,44.4
21378,12.3,2.46,0.0,24.6
21379,37.86,13.62,0.0,75.72
21380,25.08,11.76,0.0,100.32
21381,9.22,-19.07,0.7,9.22
21382,11.97,1.26,0.0,35.910000000000004
21383,8.56,-6.56,0.7,8.56
21384,15.84,1.26,0.0,15.84
21385,51.58,-24.38,0.47,103.16
21386,2025.36,607.61,0.2,12152.16
21387,8.9,-5.14,0.6,17.8
21388,9.14,-6.11,0.7,9.14
21389,11.42,-18.84,0.8,45.68
21390,284.08,24.86,0.2,2840.7999999999997
21391,101.84,36.92,0.2,509.20000000000005
21392,13.28,-8.68,0.4,26.56
21393,74.35,23.24,0.2,223.04999999999998
21394,31.08,15.23,0.0,186.48
21395,18.16,6.58,0.2,90.8
21396,17.86,2.01,0.2,71.44
21397,29.37,10.26,0.0,29.37
21398,6.63,1.79,0.0,19.89
21399,30.9,-13.65,0.5,154.5
21400,16.05,5.28,0.0,16.05
21401,34.7,7.34,0.2,104.10000000000001
21402,21.48,-17.82,0.6,107.4
21403,15.07,2.63,0.2,30.14
21404,91.03,-2.28,0.2,273.09000000000003
21405,49.5,6.84,0.0,297.0
21406,781.86,-137.98,0.32,7818.6
21407,528.43,-143.43,0.3,2642.1499999999996
21408,497.61,129.38,0.0,4478.49
21409,387.14,4.84,0.2,1548.56
21410,18.94,-13.28,0.6,18.94
21411,16.11,-37.59,0.7,16.11
21412,19.23,8.07,0.0,19.23
21413,17.52,8.04,0.0,35.04
21414,33.49,5.86,0.2,234.43
21415,100.8,21.42,0.2,201.6
21416,23.71,-8.93,0.6,94.84
21417,40.98,5.73,0.0,40.98
21418,1256.22,75.37,0.0,7537.32
21419,18.24,6.48,0.0,72.96
21420,22.32,0.87,0.0,22.32
21421,17.96,-17.33,0.5,53.88
21422,266.25,79.86,0.0,266.25
21423,17.98,1.98,0.2,35.96
21424,44.82,3.57,0.0,44.82
21425,747.56,-96.11,0.3,2242.68
21426,25.62,3.99,0.17,179.34
21427,13.56,-8.16,0.6,27.12
21428,34.18,-8.54,0.4,68.36
21429,38.4,-52.8,0.6,115.19999999999999
21430,129.28,-43.1,0.4,387.84000000000003
21431,39.36,-1.34,0.4,196.8
21432,23.52,-8.26,0.4,164.64
21433,15.28,1.96,0.0,30.56
21434,51.52,0.0,0.0,360.64000000000004
21435,887.27,-63.38,0.3,2661.81
21436,21.54,0.0,0.0,43.08
21437,297.58,-7.44,0.2,892.74
21438,9.17,-7.73,0.5,9.17
21439,35.1,12.6,0.0,175.5
21440,45.2,6.32,0.0,90.4
21441,50.82,5.06,0.2,101.64
21442,241.96,60.49,0.0,483.92
21443,264.32,19.82,0.2,528.64
21444,14.4,-27.84,0.7,28.8
21445,14.66,-17.62,0.7,14.66
21446,26.4,0.48,0.0,52.8
21447,22.5,9.0,0.0,45.0
21448,571.44,165.72,0.0,2285.76
21449,247.8,-18.59,0.2,1239.0
21450,29.04,10.08,0.0,116.16
21451,40.46,19.83,0.0,283.22
21452,18.16,-10.01,0.4,18.16
21453,38.52,7.29,0.0,38.52
21454,28.98,0.24,0.0,57.96
21455,26.88,-6.32,0.4,134.4
21456,84.71,-6.97,0.27,338.84
21457,14.35,4.49,0.2,43.05
21458,45.15,19.41,0.0,45.15
21459,32.28,12.48,0.0,193.68
21460,14.7,4.4,0.0,73.5
21461,12.99,0.26,0.0,12.99
21462,13.61,-7.09,0.5,13.61
21463,28.04,1.4,0.0,28.04
21464,21.9,5.88,0.0,65.69999999999999
21465,8.64,3.18,0.0,8.64
21466,36.72,2.52,0.0,110.16
21467,76.52,13.76,0.0,153.04
21468,29.79,-29.79,0.5,59.58
21469,866.4,225.26,0.0,3465.6
21470,29.99,-4.51,0.4,59.98
21471,673.34,-76.95,0.3,2020.02
21472,5.02,-5.54,0.7,10.04
21473,14.07,-9.87,0.5,28.14
21474,83.84,30.39,0.2,670.72
21475,43.65,9.54,0.0,130.95
21476,21.5,-16.24,0.47,43.0
21477,21.6,-35.28,0.7,21.6
21478,43.13,-39.91,0.6,86.26
21479,1649.95,659.98,0.0,8249.75
21480,34.56,7.26,0.2,172.8
21481,49.52,12.36,0.0,99.04
21482,11.12,4.66,0.0,11.12
21483,20.44,2.44,0.0,40.88
21484,30.3,4.2,0.0,60.6
21485,10.34,-4.49,0.47,20.68
21486,36.38,-51.88,0.6,72.76
21487,25.92,12.44,0.0,103.68
21488,45.05,-52.93,0.6,45.05
21489,30.24,0.66,0.1,60.48
21490,26.89,11.05,0.1,53.78
21491,9.4,-7.52,0.7,28.200000000000003
21492,10.92,4.14,0.0,10.92
21493,29.28,1.44,0.0,29.28
21494,21.96,9.0,0.0,43.92
21495,19.68,7.26,0.0,39.36
21496,56.46,14.1,0.0,56.46
21497,7.92,3.56,0.0,31.68
21498,590.35,206.62,0.2,3542.1000000000004
21499,242.35,15.15,0.2,727.05
21500,17.03,5.93,0.17,34.06
21501,14.04,5.88,0.0,14.04
21502,46.23,19.41,0.0,46.23
21503,29.7,-28.8,0.7,178.2
21504,2799.94,1014.98,0.2,19599.58
21505,34.32,-61.77,0.7,34.32
21506,18.72,7.28,0.0,37.44
21507,179.7,88.05,0.0,1078.1999999999998
21508,19.22,-15.88,0.6,38.44
21509,41.88,0.84,0.0,251.28000000000003
21510,43.98,20.22,0.0,87.96
21511,24.29,-12.75,0.6,72.87
21512,21.01,-22.07,0.6,21.01
21513,23.08,-10.96,0.6,69.24
21514,6.69,-4.01,0.6,26.76
21515,16.12,-19.34,0.6,16.12
21516,1117.92,55.9,0.0,4471.68
21517,23.79,8.19,0.1,23.79
21518,54.0,8.1,0.0,270.0
21519,653.55,111.1,0.0,1960.6499999999999
21520,24.96,-8.49,0.5,24.96
21521,564.2,-304.67,0.5,1692.6000000000001
21522,19.3,-18.14,0.7,154.4
21523,57.82,-98.42,0.7,462.56
21524,43.83,14.4,0.0,131.49
21525,32.13,5.13,0.0,96.39000000000001
21526,27.2,8.7,0.0,136.0
21527,23.93,-39.91,0.7,95.72
21528,33.17,-0.85,0.17,99.51
21529,19.15,-8.99,0.4,38.3
21530,14.58,-9.48,0.6,14.58
21531,73.58,8.28,0.2,147.16
21532,17.15,-4.82,0.5,51.449999999999996
21533,16.67,-29.47,0.7,33.34
21534,105.96,29.67,0.0,423.84
21535,23.54,4.7,0.1,94.16
21536,31.21,-3.47,0.1,62.42
21537,15.33,0.75,0.0,15.33
21538,44.97,21.12,0.0,44.97
21539,1056.86,306.49,0.0,7398.0199999999995
21540,24.23,-15.1,0.47,72.69
21541,282.9,135.78,0.0,565.8
21542,669.08,-167.27,0.2,3345.4
21543,179.99,-251.99,0.7,539.97
21544,37.08,17.73,0.0,111.24
21545,17.52,5.43,0.0,17.52
21546,29.76,12.78,0.0,29.76
21547,80.68,12.55,0.1,242.04000000000002
21548,206.99,-172.49,0.7,620.97
21549,11.34,1.68,0.0,11.34
21550,141.96,41.17,0.0,283.92
21551,14.4,4.86,0.0,43.2
21552,18.41,-1.03,0.1,36.82
21553,45.23,17.48,0.1,226.14999999999998
21554,5.55,-4.07,0.7,16.65
21555,29.22,3.78,0.0,29.22
21556,17.88,4.08,0.0,35.76
21557,37.08,7.38,0.0,111.24
21558,22.92,11.23,0.0,68.76
21559,37.58,8.3,0.1,75.16
21560,17.82,3.18,0.0,35.64
21561,15.71,5.7,0.2,62.84
21562,11.17,-13.7,0.6,11.17
21563,5.76,2.82,0.0,11.52
21564,604.75,60.48,0.2,3628.5
21565,13.66,5.32,0.0,13.66
21566,32.3,2.62,0.4,129.2
21567,32.31,-21.54,0.4,161.55
21568,64.2,5.04,0.0,256.8
21569,203.98,16.8,0.15,407.96
21570,714.8,-107.92,0.47,2859.2
21571,330.59,-143.25,0.4,330.59
21572,35.91,3.78,0.0,323.18999999999994
21573,61.96,27.88,0.0,123.92
21574,38.88,18.66,0.0,233.28000000000003
21575,14.82,6.66,0.0,14.82
21576,10.32,4.83,0.0,10.32
21577,1217.57,456.59,0.2,2435.14
21578,68.22,15.66,0.0,409.32
21579,717.72,71.77,0.2,2153.16
21580,385.56,92.52,0.0,771.12
21581,18.84,8.46,0.0,18.84
21582,34.92,14.28,0.0,69.84
21583,9.0,0.0,0.0,9.0
21584,21.54,6.0,0.0,43.08
21585,30.51,13.11,0.0,30.51
21586,17.48,-11.66,0.4,17.48
21587,12.0,0.48,0.0,12.0
21588,419.4,146.79,0.2,2097.0
21589,28.48,-17.63,0.45,28.48
21590,21.0,9.0,0.0,42.0
21591,500.24,145.07,0.0,6503.12
21592,38.58,17.36,0.0,38.58
21593,13.82,-26.74,0.7,27.64
21594,13.83,3.3,0.0,13.83
21595,35.73,8.55,0.0,107.19
21596,18.31,7.87,0.1,54.92999999999999
21597,20.13,2.19,0.0,20.13
21598,482.66,85.18,0.15,3861.28
21599,43.7,20.54,0.0,218.5
21600,31.5,5.67,0.0,94.5
21601,96.12,25.92,0.0,384.48
21602,35.53,-23.15,0.4,213.18
21603,48.21,11.55,0.0,48.21
21604,14.83,-10.38,0.7,44.49
21605,3.54,0.31,0.2,7.08
21606,17.61,3.51,0.0,17.61
21607,863.93,86.39,0.2,7775.37
21608,9.22,-12.29,0.7,9.22
21609,8.33,-2.23,0.4,16.66
21610,7.54,-4.4,0.4,7.54
21611,93.84,-15.66,0.4,469.20000000000005
21612,26.76,-10.34,0.4,133.8
21613,5.24,-2.46,0.4,5.24
21614,15.48,1.32,0.0,92.88
21615,284.82,74.05,0.0,284.82
21616,25.06,11.52,0.0,25.06
21617,22.92,5.94,0.0,45.84
21618,30.32,11.82,0.0,121.28
21619,48.48,6.3,0.0,48.48
21620,15.01,-9.11,0.47,30.02
21621,1525.19,-2287.78,0.8,9151.14
21622,24.66,-13.32,0.5,24.66
21623,115.44,30.01,0.0,346.32
21624,32.22,-75.18,0.7,64.44
21625,19.77,9.87,0.0,19.77
21626,58.42,16.79,0.2,116.84
21627,26.35,9.55,0.2,79.05000000000001
21628,19.44,9.33,0.0,58.32000000000001
21629,21.09,10.32,0.0,21.09
21630,12.19,-4.61,0.6,48.76
21631,7.26,-2.49,0.5,7.26
21632,16.08,6.72,0.0,32.16
21633,38.28,8.4,0.0,76.56
21634,14.94,-2.7,0.17,29.88
21635,315.98,148.51,0.0,315.98
21636,106.32,52.08,0.0,212.64
21637,219.84,107.72,0.0,879.36
21638,43.75,-54.71,0.6,87.5
21639,36.72,12.06,0.0,110.16
21640,229.94,6.9,0.0,459.88
21641,39.98,13.59,0.0,79.96
21642,39.92,12.97,0.2,79.84
21643,12.36,3.45,0.0,12.36
21644,34.2,8.16,0.0,68.4
21645,24.44,6.84,0.0,48.88
21646,92.94,41.82,0.0,278.82
21647,12.5,-5.68,0.47,37.5
21648,16.65,4.65,0.0,16.65
21649,41.76,-35.52,0.6,167.04
21650,36.07,-48.71,0.6,72.14
21651,21.21,0.39,0.47,42.42
21652,29.25,9.63,0.0,87.75
21653,93.02,33.72,0.2,279.06
21654,25.32,0.96,0.0,101.28
21655,8.75,-11.98,0.7,8.75
21656,28.32,12.72,0.0,28.32
21657,14.11,-4.73,0.4,28.22
21658,24.58,-32.0,0.6,49.16
21659,33.88,-50.84,0.7,67.76
21660,40.18,14.56,0.2,120.53999999999999
21661,4.98,-8.47,0.8,4.98
21662,25.61,-15.52,0.47,76.83
21663,12.54,6.0,0.0,12.54
21664,17.48,-14.02,0.6,87.4
21665,16.86,-1.06,0.2,16.86
21666,17.2,3.08,0.0,17.2
21667,31.92,2.39,0.2,63.84
21668,12.96,6.35,0.0,25.92
21669,43.55,17.39,0.1,43.55
21670,15.12,5.43,0.0,15.12
21671,12.32,1.85,0.2,61.6
21672,43.86,11.82,0.0,131.57999999999998
21673,149.97,52.49,0.0,449.90999999999997
21674,18.44,-13.6,0.47,73.76
21675,14.19,0.99,0.0,14.19
21676,15.84,-10.56,0.7,31.68
21677,160.92,77.22,0.0,482.76
21678,219.18,19.18,0.2,438.36
21679,22.56,-30.48,0.6,90.24
21680,18.93,6.81,0.0,18.93
21681,19.35,2.1,0.0,19.35
21682,12.96,6.22,0.0,25.92
21683,617.28,123.42,0.0,1234.56
21684,9.78,2.34,0.0,19.56
21685,540.05,-47.25,0.2,1620.1499999999999
21686,231.48,55.44,0.0,925.92
21687,479.96,134.39,0.0,1919.84
21688,366.74,-110.02,0.3,1466.96
21689,268.94,-209.77,0.5,806.8199999999999
21690,503.96,50.4,0.2,2519.7999999999997
21691,182.94,85.98,0.0,548.8199999999999
21692,23.97,0.45,0.0,23.97
21693,801.57,-10.02,0.2,1603.14
21694,31.7,-4.24,0.47,63.4
21695,26.64,-21.9,0.5,53.28
21696,20.11,-23.69,0.6,80.44
21697,37.08,16.65,0.0,111.24
21698,18.87,4.71,0.0,18.87
21699,1007.94,75.6,0.2,7055.58
21700,166.24,24.94,0.0,166.24
21701,61.02,19.44,0.0,366.12
21702,47.52,-20.64,0.4,190.08
21703,45.4,15.88,0.0,90.8
21704,599.98,209.99,0.0,1199.96
21705,23.21,-11.05,0.6,46.42
21706,704.76,162.09,0.0,2819.04
21707,88.4,11.49,0.0,353.6
21708,97.56,12.66,0.0,195.12
21709,37.84,2.84,0.2,75.68
21710,129.3,6.46,0.0,258.6
21711,28.51,0.43,0.4,114.04
21712,33.63,10.09,0.0,100.89000000000001
21713,16.71,4.17,0.0,16.71
21714,2.62,0.43,0.2,2.62
21715,41.07,-10.14,0.47,123.21000000000001
21716,58.4,27.4,0.0,292.0
21717,13.04,3.52,0.0,52.16
21718,40.14,-8.06,0.4,200.7
21719,62.46,5.58,0.0,562.14
21720,26.88,2.68,0.0,53.76
21721,18.66,7.26,0.0,55.980000000000004
21722,33.18,4.92,0.0,66.36
21723,24.78,7.92,0.0,24.78
21724,544.01,40.8,0.2,1632.03
21725,8.85,4.05,0.0,8.85
21726,838.38,226.36,0.0,1676.76
21727,151.06,7.55,0.2,1359.54
21728,13.68,2.82,0.0,27.36
21729,227.84,66.07,0.0,911.36
21730,7.34,-17.12,0.7,7.34
21731,30.54,13.11,0.0,30.54
21732,255.98,54.4,0.2,511.96
21733,44.86,-35.88,0.7,269.15999999999997
21734,51.6,10.8,0.0,206.4
21735,281.97,78.95,0.0,845.9100000000001
21736,30.45,15.21,0.0,30.45
21737,51.62,-31.0,0.4,103.24
21738,35.85,5.01,0.0,35.85
21739,40.0,0.5,0.2,80.0
21740,11.17,-5.33,0.6,11.17
21741,33.96,7.08,0.0,67.92
21742,38.98,-2.44,0.2,116.94
21743,12.67,-4.25,0.4,25.34
21744,31.44,8.49,0.0,94.32000000000001
21745,2715.93,1276.49,0.0,19011.51
21746,1919.98,216.0,0.2,5759.9400000000005
21747,26.76,7.48,0.0,53.52
21748,31.56,3.78,0.0,31.56
21749,17.04,7.32,0.0,17.04
21750,8.91,1.59,0.0,8.91
21751,11.28,2.48,0.0,22.56
21752,19.4,0.56,0.0,38.8
21753,37.32,4.8,0.0,111.96000000000001
21754,9.46,-4.26,0.4,18.92
21755,19.82,6.44,0.2,118.92
21756,15.75,7.08,0.0,15.75
21757,3991.98,1995.99,0.0,7983.96
21758,850.5,245.7,0.1,4252.5
21759,26.22,1.8,0.0,52.44
21760,127.96,60.14,0.0,255.92
21761,399.96,139.99,0.0,1599.84
21762,16.5,0.48,0.0,16.5
21763,10.51,3.91,0.17,21.02
21764,40.2,16.8,0.0,201.0
21765,16.8,-6.72,0.5,33.6
21766,16.86,7.58,0.0,16.86
21767,12.96,5.82,0.0,12.96
21768,21.98,-51.28,0.7,131.88
21769,37.52,3.75,0.2,187.60000000000002
21770,5.08,-1.79,0.6,5.08
21771,23.24,7.55,0.2,116.19999999999999
21772,31.08,10.2,0.0,62.16
21773,2.5,0.9,0.2,2.5
21774,22.38,10.02,0.0,44.76
21775,18.43,-4.61,0.4,18.43
21776,33.3,9.3,0.0,66.6
21777,51.6,10.8,0.0,206.4
21778,32.82,9.18,0.0,32.82
21779,32.04,10.88,0.0,64.08
21780,62.03,9.29,0.4,186.09
21781,35.9,14.3,0.0,179.5
21782,34.4,2.4,0.0,137.6
21783,27.0,10.8,0.0,54.0
21784,17.88,-18.33,0.6,17.88
21785,13.08,4.56,0.0,39.24
21786,19.08,-5.76,0.4,114.47999999999999
21787,39.48,18.92,0.0,78.96
21788,14.55,3.18,0.0,14.55
21789,15.42,1.05,0.0,15.42
21790,29.28,9.9,0.0,58.56
21791,8.51,-11.36,0.7,8.51
21792,370.78,-92.7,0.4,1112.34
21793,17.72,-13.87,0.45,53.16
21794,16.62,6.96,0.0,33.24
21795,75.24,9.0,0.0,225.71999999999997
21796,12.57,3.87,0.0,12.57
21797,40.5,19.8,0.0,121.5
21798,16.86,6.06,0.0,16.86
21799,48.91,22.99,0.0,48.91
21800,18.18,5.25,0.0,18.18
21801,14.56,5.53,0.0,29.12
21802,30.3,4.2,0.0,60.6
21803,13.44,4.95,0.0,13.44
21804,99.84,32.94,0.0,199.68
21805,53.76,5.36,0.0,215.04
21806,27.16,10.32,0.0,54.32
21807,20.18,-5.06,0.4,40.36
21808,33.3,7.98,0.0,99.89999999999999
21809,17.76,8.16,0.0,53.28
21810,17.03,-4.27,0.4,51.09
21811,27.36,5.46,0.0,82.08
21812,38.24,9.92,0.0,76.48
21813,51.68,22.97,0.1,51.68
21814,17.88,-18.33,0.6,17.88
21815,16.8,0.12,0.0,33.6
21816,103.94,16.89,0.2,415.76
21817,43.13,18.11,0.0,43.13
21818,11.08,-14.42,0.6,11.08
21819,579.51,81.13,0.0,1738.53
21820,12.78,-3.42,0.4,25.56
21821,198.9,55.68,0.0,198.9
21822,23.7,0.0,0.0,23.7
21823,16.02,-14.76,0.5,32.04
21824,10.75,-9.95,0.6,10.75
21825,144.12,69.18,0.0,432.36
21826,15.71,-1.24,0.1,15.71
21827,55.97,-2.1,0.2,55.97
21828,107.42,33.57,0.2,966.78
21829,19.78,-15.35,0.6,19.78
21830,13.92,4.35,0.2,41.76
21831,17.01,7.98,0.0,17.01
21832,1085.42,282.21,0.0,7597.9400000000005
21833,1347.52,84.22,0.2,10780.16
21834,144.95,42.04,0.0,724.75
21835,27.36,4.08,0.0,54.72
21836,73.92,-45.83,0.5,73.92
21837,28.05,3.72,0.1,28.05
21838,27.99,9.21,0.0,27.99
21839,38.88,18.66,0.0,233.28000000000003
21840,41.43,11.16,0.0,41.43
21841,26.16,12.82,0.0,104.64
21842,46.92,15.9,0.0,93.84
21843,129.92,10.39,0.0,519.68
21844,57.6,13.23,0.0,172.8
21845,28.41,13.92,0.0,28.41
21846,143.95,14.4,0.2,431.84999999999997
21847,915.14,102.95,0.2,3660.56
21848,29.22,6.72,0.0,58.44
21849,323.1,61.39,0.0,646.2
21850,60.67,12.89,0.2,364.02
21851,21.93,-42.42,0.7,21.93
21852,76.14,26.65,0.0,228.42000000000002
21853,73.01,26.47,0.2,657.09
21854,30.28,-46.52,0.7,121.12
21855,27.48,-8.25,0.5,27.48
21856,13.58,-4.42,0.6,27.16
21857,43.2,11.04,0.1,43.2
21858,20.4,8.7,0.0,102.0
21859,39.14,4.54,0.4,78.28
21860,191.86,74.58,0.002,383.72
21861,54.58,-8.22,0.4,109.16
21862,168.51,8.35,0.2,674.04
21863,34.02,6.12,0.0,102.06
21864,12.1,-1.22,0.4,24.2
21865,19.35,9.15,0.0,96.75
21866,23.57,6.47,0.1,70.71000000000001
21867,6.12,0.24,0.0,6.12
21868,47.96,4.2,0.2,239.8
21869,45.78,7.32,0.0,91.56
21870,36.58,-17.72,0.4,109.74
21871,39.6,9.06,0.0,79.2
21872,30.19,8.3,0.2,90.57000000000001
21873,23.53,-12.95,0.6,23.53
21874,22.26,3.96,0.0,66.78
21875,31.14,4.32,0.0,93.42
21876,53.06,3.64,0.0,371.42
21877,272.85,27.28,0.2,272.85
21878,30.3,10.56,0.0,60.6
21879,26.1,6.78,0.0,26.1
21880,51.17,-6.4,0.2,102.34
21881,28.56,13.08,0.0,57.12
21882,26.98,8.77,0.2,107.92
21883,4.42,1.6,0.2,13.26
21884,39.12,-58.68,0.6,156.48
21885,551.99,-459.99,0.7,2759.95
21886,197.05,59.12,0.0,1379.3500000000001
21887,51.84,24.88,0.0,414.72
21888,50.5,8.21,0.2,303.0
21889,15.23,6.05,0.1,30.46
21890,57.76,-13.22,0.47,404.32
21891,15.17,3.79,0.2,30.34
21892,29.91,11.94,0.0,29.91
21893,45.99,13.34,0.0,45.99
21894,43.1,11.21,0.0,215.5
21895,18.75,8.61,0.0,18.75
21896,14.19,2.97,0.0,14.19
21897,27.95,6.17,0.1,83.85
21898,21.84,10.92,0.0,65.52
21899,35.7,2.82,0.0,71.4
21900,18.93,-3.81,0.5,37.86
21901,9.18,1.15,0.2,18.36
21902,38.04,17.49,0.0,38.04
21903,6.85,0.6,0.2,13.7
21904,36.02,11.71,0.2,108.06
21905,16.29,5.7,0.0,16.29
21906,5.94,-8.9,0.8,41.580000000000005
21907,15.54,5.1,0.0,15.54
21908,7.36,0.15,0.0,14.72
21909,1652.94,314.06,0.0,4958.82
21910,94.77,25.23,0.1,189.54
21911,88.47,18.54,0.0,265.40999999999997
21912,17.96,-18.44,0.6,89.80000000000001
21913,5.18,1.81,0.2,5.18
21914,1504.52,346.04,0.0,6018.08
21915,704.9,56.39,0.0,3524.5
21916,88.92,14.45,0.2,444.6
21917,63.88,10.65,0.1,63.88
21918,15.14,-34.33,0.7,15.14
21919,101.38,-27.08,0.4,304.14
21920,23.62,-0.06,0.4,94.48
21921,32.11,-6.45,0.4,128.44
21922,22.08,3.3,0.0,44.16
21923,1497.67,140.96,0.15,2995.34
21924,18.24,1.64,0.0,36.48
21925,40.15,-24.11,0.4,40.15
21926,14.8,0.0,0.0,29.6
21927,23.93,-0.81,0.4,23.93
21928,26.28,-7.92,0.4,131.4
21929,14.86,5.2,0.0,14.86
21930,344.22,-189.32,0.4,688.44
21931,20.78,4.88,0.15,103.9
21932,19.44,-8.28,0.6,19.44
21933,14.04,5.88,0.0,28.08
21934,11.13,-0.87,0.47,22.26
21935,11.92,2.6,0.0,23.84
21936,37.32,4.8,0.0,111.96000000000001
21937,69.84,15.36,0.0,419.04
21938,20.23,1.67,0.4,40.46
21939,98.22,35.34,0.0,294.65999999999997
21940,48.37,-67.73,0.7,48.37
21941,27.16,-7.28,0.47,108.64
21942,31.07,-69.43,0.7,62.14
21943,83.97,27.63,0.0,251.91
21944,3.76,1.32,0.0,7.52
21945,10.29,-2.07,0.5,20.58
21946,1018.1,-373.3,0.4,4072.4
21947,49.25,-4.99,0.4,394.0
21948,77.47,-104.69,0.6,309.88
21949,26.94,4.56,0.0,53.88
21950,33.91,-47.51,0.7,67.82
21951,29.61,10.35,0.0,29.61
21952,581.96,104.75,0.0,1163.92
21953,47.97,8.61,0.0,47.97
21954,129.3,6.46,0.0,258.6
21955,153.82,38.46,0.2,1692.02
21956,29.31,-74.75,0.8,234.48
21957,29.97,-1.35,0.1,89.91
21958,45.41,-46.63,0.6,181.64
21959,16.5,2.28,0.0,33.0
21960,25.14,7.74,0.0,50.28
21961,25.78,-18.08,0.6,51.56
21962,165.86,-141.04,0.6,331.72
21963,1.79,-3.04,0.8,5.37
21964,595.0,95.2,0.0,2975.0
21965,73.02,10.92,0.0,146.04
21966,60.84,23.12,0.0,182.52
21967,6.37,-9.56,0.8,44.59
21968,31.32,6.84,0.0,125.28
21969,93.89,12.91,0.2,375.56
21970,19.49,-9.79,0.6,38.98
21971,17.82,-11.46,0.5,71.28
21972,123.3,30.81,0.0,123.3
21973,16.5,0.48,0.0,16.5
21974,24.0,2.88,0.0,24.0
21975,47.98,-1.2,0.2,95.96
21976,46.5,9.72,0.0,93.0
21977,359.32,7.19,0.0,1437.28
21978,28.08,-7.98,0.47,56.16
21979,730.2,94.93,0.0,2920.8
21980,18.93,-3.81,0.5,37.86
21981,119.04,35.71,0.0,714.24
21982,42.57,2.97,0.0,127.71000000000001
21983,29.91,11.94,0.0,29.91
21984,227.82,104.76,0.0,683.46
21985,14.8,-18.52,0.6,29.6
21986,46.08,8.7,0.0,138.24
21987,58.21,-2.93,0.4,174.63
21988,36.1,-4.22,0.4,72.2
21989,27.36,-6.96,0.4,218.88
21990,27.24,12.96,0.0,163.44
21991,36.67,11.46,0.2,73.34
21992,19.04,-1.43,0.2,76.16
21993,37.41,13.09,0.2,261.87
21994,31.95,11.82,0.0,31.95
21995,32.13,8.35,0.0,289.17
21996,13.36,6.41,0.0,26.72
21997,765.63,-566.56,0.5,5359.41
21998,664.15,88.55,0.1,3984.8999999999996
21999,21.5,-20.8,0.7,21.5
22000,359.77,-5.14,0.3,719.54
22001,77.22,19.26,0.0,231.66
22002,29.92,-3.44,0.47,59.84
22003,217.44,91.32,0.0,1304.6399999999999
22004,33.36,12.66,0.0,66.72
22005,41.34,18.46,0.0,537.4200000000001
22006,81.08,22.7,0.0,324.32
22007,835.17,16.7,0.0,5846.19
22008,40.8,0.0,0.0,163.2
22009,30.02,-10.22,0.5,60.04
22010,45.99,13.32,0.0,137.97
22011,227.14,-42.59,0.2,908.56
22012,30.1,-9.14,0.6,180.60000000000002
22013,8.58,1.35,0.0,8.58
22014,37.01,-49.21,0.6,222.06
22015,36.94,-8.78,0.4,221.64
22016,143.13,-393.6,0.8,286.26
22017,12.92,-6.7,0.4,38.76
22018,33.12,1.98,0.0,66.24
22019,104.7,6.54,0.2,104.7
22020,31.59,0.9,0.0,94.77
22021,23.1,7.14,0.0,46.2
22022,55.48,26.63,0.0,55.48
22023,41.73,16.26,0.0,41.73
22024,9.25,3.35,0.2,18.5
22025,15.24,5.18,0.0,45.72
22026,13.16,-27.64,0.7,13.16
22027,723.92,188.22,0.0,2895.68
22028,26.29,6.91,0.17,52.58
22029,11.69,-0.21,0.4,11.69
22030,27.96,3.24,0.0,111.84
22031,37.89,-9.36,0.27,37.89
22032,979.95,264.59,0.0,4899.75
22033,48.96,17.61,0.0,48.96
22034,31.62,12.96,0.0,31.62
22035,575.97,43.2,0.2,2303.88
22036,50.67,20.7,0.0,152.01
22037,43.56,15.12,0.0,261.36
22038,720.06,-63.01,0.2,2880.24
22039,86.96,22.6,0.0,173.92
22040,16.34,3.1,0.0,16.34
22041,20.83,-29.21,0.6,83.32
22042,42.84,5.34,0.2,42.84
22043,88.75,27.74,0.2,266.25
22044,23.22,5.34,0.0,46.44
22045,7.62,3.42,0.0,7.62
22046,145.76,-247.8,0.7,874.56
22047,35.52,14.2,0.0,71.04
22048,36.28,12.68,0.0,72.56
22049,52.74,-12.36,0.4,263.7
22050,21.54,0.0,0.0,43.08
22051,15.07,-1.01,0.1,30.14
22052,491.55,240.86,0.0,2457.75
22053,26.4,7.08,0.0,52.8
22054,15.72,-33.03,0.7,15.72
22055,435.5,48.99,0.2,1306.5
22056,388.43,-88.78,0.3,1942.15
22057,18.09,5.58,0.0,54.269999999999996
22058,36.76,17.64,0.0,36.76
22059,79.36,23.81,0.0,317.44
22060,45.99,13.32,0.0,137.97
22061,21.58,-36.02,0.7,43.16
22062,29.27,1.25,0.1,58.54
22063,254.35,0.0,0.2,763.05
22064,206.96,-32.52,0.3,413.92
22065,49.77,7.38,0.0,149.31
22066,108.93,-71.89,0.5,108.93
22067,53.16,17.01,0.0,53.16
22068,21.6,3.24,0.0,43.2
22069,27.27,-18.03,0.5,54.54
22070,34.29,12.33,0.0,102.87
22071,136.26,5.45,0.0,1226.34
22072,47.58,13.32,0.0,47.58
22073,32.4,15.55,0.0,162.0
22074,17.49,6.12,0.0,17.49
22075,36.75,11.25,0.0,183.75
22076,25.2,7.8,0.0,25.2
22077,48.42,13.05,0.0,48.42
22078,14.1,0.84,0.0,14.1
22079,52.5,-17.94,0.5,210.0
22080,21.18,-11.67,0.47,63.54
22081,23.12,11.33,0.0,92.48
22082,59.64,-64.14,0.6,119.28
22083,7.96,-13.93,0.8,15.92
22084,41.28,4.95,0.0,41.28
22085,5724.54,2461.32,0.0,51520.86
22086,39.13,-11.09,0.4,78.26
22087,21.39,0.0,0.0,21.39
22088,37.8,-9.09,0.5,113.39999999999999
22089,28.56,11.04,0.0,114.24
22090,17.82,3.18,0.0,35.64
22091,15.61,-1.73,0.1,15.61
22092,32.0,1.6,0.0,32.0
22093,90.48,23.52,0.0,180.96
22094,37.59,11.25,0.0,37.59
22095,164.99,49.5,0.0,164.99
22096,40.48,14.57,0.0,80.96
22097,29.04,1.14,0.0,58.08
22098,38.16,16.32,0.0,305.28
22099,49.05,-70.32,0.7,49.05
22100,14.4,-12.96,0.5,28.8
22101,31.98,2.0,0.2,63.96
22102,43.52,-9.46,0.4,130.56
22103,33.18,9.6,0.0,99.53999999999999
22104,28.64,14.0,0.0,114.56
22105,59.58,9.48,0.0,178.74
22106,35.56,12.09,0.0,248.92000000000002
22107,22.0,5.5,0.0,88.0
22108,2430.08,388.81,0.0,19440.64
22109,299.9,74.98,0.0,599.8
22110,23.44,9.88,0.1,23.44
22111,35.48,0.0,0.0,35.48
22112,10.37,3.63,0.2,20.74
22113,15.9,2.82,0.0,31.8
22114,31.05,9.27,0.0,93.15
22115,46.23,19.41,0.0,46.23
22116,18.84,9.21,0.0,18.84
22117,15.2,1.96,0.0,30.4
22118,25.08,2.72,0.0,50.16
22119,21.4,8.12,0.0,42.8
22120,15.23,5.52,0.2,60.92
22121,12.9,3.3,0.0,25.8
22122,8.96,-14.06,0.7,8.96
22123,32.4,15.55,0.0,162.0
22124,3.59,-6.29,0.8,14.36
22125,3.26,1.1,0.2,6.52
22126,279.96,17.5,0.2,1399.8
22127,627.17,70.56,0.2,2508.68
22128,244.01,-31.37,0.3,488.02
22129,9.72,1.71,0.1,9.72
22130,29.79,-16.71,0.5,59.58
22131,31.43,-21.01,0.7,125.72
22132,44.46,19.98,0.0,88.92
22133,37.02,-37.02,0.7,37.02
22134,279.95,67.19,0.0,1399.75
22135,16.37,-19.24,0.6,16.37
22136,41.36,11.12,0.0,165.44
22137,40.93,-3.2,0.1,40.93
22138,44.34,12.84,0.0,44.34
22139,31.16,-8.86,0.47,62.32
22140,45.89,-39.59,0.5,321.23
22141,24.45,0.0,0.0,24.45
22142,307.31,-39.51,0.3,921.9300000000001
22143,38.37,-74.19,0.7,38.37
22144,107.02,-196.2,0.7,107.02
22145,4.4,-3.52,0.7,13.200000000000001
22146,26.4,-30.36,0.6,158.39999999999998
22147,45.85,18.85,0.1,137.55
22148,32.76,5.4,0.4,131.04
22149,27.78,6.93,0.0,27.78
22150,29.7,11.88,0.0,89.1
22151,40.26,4.38,0.0,80.52
22152,38.53,-88.64,0.7,38.53
22153,26.1,3.6,0.0,78.30000000000001
22154,44.45,-50.38,0.7,44.45
22155,5.76,2.82,0.0,11.52
22156,16.11,5.31,0.0,16.11
22157,239.37,-23.94,0.3,478.74
22158,87.84,4.32,0.0,263.52
22159,30.24,10.86,0.0,60.48
22160,31.95,11.82,0.0,31.95
22161,18.54,6.48,0.0,37.08
22162,23.42,-5.02,0.2,70.26
22163,19.64,-2.87,0.45,98.2
22164,47.98,1.8,0.2,143.94
22165,24.0,-2.7,0.2,48.0
22166,28.5,2.85,0.0,28.5
22167,41.28,18.12,0.0,165.12
22168,824.97,214.49,0.0,2474.91
22169,42.71,-2.02,0.1,298.97
22170,244.77,24.48,0.2,979.08
22171,23.98,7.66,0.0,23.98
22172,296.37,80.02,0.0,889.11
22173,47.84,-2.2,0.1,191.36
22174,17.94,3.05,0.0,53.82000000000001
22175,18.7,7.11,0.0,18.7
22176,20.1,-16.59,0.6,40.2
22177,13.12,1.48,0.2,65.6
22178,26.33,-16.45,0.47,52.66
22179,28.26,-0.63,0.5,84.78
22180,26.4,-8.0,0.4,132.0
22181,1169.69,-253.43,0.4,3509.07
22182,26.19,-0.03,0.5,52.38
22183,31.35,6.87,0.0,31.35
22184,727.3,-172.73,0.2,5818.4
22185,46.32,12.03,0.0,46.32
22186,204.15,53.07,0.0,204.15
22187,28.1,-23.38,0.47,84.30000000000001
22188,18.99,0.72,0.0,56.97
22189,122.33,12.23,0.2,366.99
22190,155.94,45.22,0.0,935.64
22191,701.96,168.47,0.0,1403.92
22192,35.86,13.0,0.2,322.74
22193,48.81,23.92,0.0,146.43
22194,59.54,-49.64,0.7,59.54
22195,35.96,10.43,0.0,71.92
22196,79.92,28.77,0.0,319.68
22197,10.51,3.68,0.2,31.53
22198,9.34,1.17,0.2,18.68
22199,46.41,-0.03,0.5,92.82
22200,1669.6,116.87,0.0,6678.4
22201,47.64,17.04,0.0,190.56
22202,21.84,10.26,0.0,65.52
22203,479.97,163.19,0.0,1439.91
22204,487.98,152.5,0.2,975.96
22205,231.92,5.8,0.2,1159.6
22206,252.0,93.24,0.0,1008.0
22207,59.33,-19.81,0.4,177.99
22208,42.02,-26.32,0.6,126.06
22209,58.68,-14.7,0.4,176.04
22210,25.36,12.16,0.0,101.44
22211,24.94,-23.12,0.6,49.88
22212,11.04,1.65,0.0,11.04
22213,23.16,11.1,0.0,23.16
22214,52.44,24.12,0.0,209.76
22215,10.35,-6.96,0.45,10.35
22216,41.48,-8.33,0.5,207.39999999999998
22217,35.91,-8.38,0.4,107.72999999999999
22218,46.17,-28.65,0.5,92.34
22219,34.96,-30.32,0.7,69.92
22220,23.1,-14.28,0.4,161.70000000000002
22221,25.83,-7.77,0.5,51.66
22222,4.84,-3.55,0.7,14.52
22223,29.84,13.43,0.0,59.68
22224,96.88,9.68,0.0,193.76
22225,43.92,-95.16,0.7,87.84
22226,52.2,4.68,0.0,156.60000000000002
22227,44.16,7.44,0.0,176.64
22228,20.05,-10.07,0.4,60.150000000000006
22229,11.22,0.22,0.0,33.660000000000004
22230,400.8,112.22,0.0,2004.0
22231,24.99,7.74,0.0,24.99
22232,314.09,19.63,0.2,942.27
22233,36.72,-5.52,0.4,36.72
22234,21.78,10.86,0.0,43.56
22235,36.86,9.41,0.1,110.58
22236,116.76,57.12,0.0,817.32
22237,72.6,23.85,0.0,363.0
22238,24.36,9.72,0.0,24.36
22239,12.36,3.45,0.0,12.36
22240,61.32,9.66,0.0,429.24
22241,29.85,6.84,0.0,29.85
22242,48.5,10.1,0.0,242.5
22243,45.72,15.06,0.0,45.72
22244,27.36,8.16,0.0,54.72
22245,38.76,18.18,0.0,77.52
22246,45.52,-10.88,0.2,227.60000000000002
22247,56.56,14.71,0.0,226.24
22248,23.98,-15.58,0.4,95.92
22249,16.08,-5.36,0.4,64.32
22250,49.38,11.34,0.0,148.14000000000001
22251,11.55,2.76,0.0,11.55
22252,79.29,7.11,0.0,237.87
22253,17.31,5.19,0.0,51.92999999999999
22254,19.54,4.88,0.2,58.62
22255,13.9,4.52,0.2,27.8
22256,23.6,-0.82,0.1,47.2
22257,27.09,6.21,0.0,27.09
22258,15.24,6.84,0.0,30.48
22259,29.55,0.0,0.0,29.55
22260,30.21,10.05,0.1,90.63
22261,19.14,1.91,0.2,38.28
22262,46.56,-27.36,0.47,372.48
22263,763.28,-21.81,0.3,3816.3999999999996
22264,442.4,-55.3,0.2,3096.7999999999997
22265,4476.8,503.64,0.2,17907.2
22266,48.06,12.96,0.0,144.18
22267,16.02,4.32,0.0,16.02
22268,18.31,-20.15,0.6,36.62
22269,25.3,-12.02,0.6,50.6
22270,895.92,421.08,0.0,3583.68
22271,23.82,6.18,0.0,23.82
22272,61.25,-54.31,0.47,183.75
22273,25.55,-10.76,0.5,25.55
22274,78.3,29.36,0.2,156.6
22275,133.38,58.69,0.0,800.28
22276,51.84,23.28,0.0,207.36
22277,32.58,5.85,0.0,97.74
22278,23.52,11.28,0.0,47.04
22279,27.0,13.2,0.0,54.0
22280,45.42,12.69,0.0,45.42
22281,13.47,-11.07,0.5,26.94
22282,21.7,-5.75,0.47,65.1
22283,26.9,13.18,0.0,134.5
22284,35.03,-5.92,0.17,245.21
22285,2.81,-1.97,0.7,8.43
22286,28.38,5.64,0.0,56.76
22287,33.66,10.08,0.0,67.32
22288,48.5,15.0,0.0,242.5
22289,128.76,48.84,0.0,772.56
22290,32.64,10.1,0.0,32.64
22291,17.28,2.04,0.0,34.56
22292,27.96,1.11,0.0,27.96
22293,69.26,-62.38,0.7,138.52
22294,81.76,-56.54,0.45,408.8
22295,7.14,2.76,0.0,7.14
22296,116.04,12.72,0.0,464.16
22297,36.54,12.78,0.0,109.62
22298,30.3,9.06,0.0,90.9
22299,46.34,-22.06,0.6,139.02
22300,29.4,9.0,0.0,117.6
22301,54.0,7.56,0.0,324.0
22302,83.99,-21.0,0.4,167.98
22303,72.6,-8.17,0.2,363.0
22304,27.68,9.69,0.2,55.36
22305,24.15,11.1,0.0,24.15
22306,31.56,3.78,0.0,31.56
22307,24.0,10.95,0.0,120.0
22308,49.22,8.18,0.1,49.22
22309,25.19,6.11,0.1,75.57000000000001
22310,20.88,-17.76,0.6,41.76
22311,6.03,2.95,0.0,18.09
22312,909.12,9.09,0.0,7272.96
22313,125.13,36.29,0.0,375.39
22314,36.96,-27.36,0.5,295.68
22315,15.84,1.26,0.0,15.84
22316,58.36,-24.8,0.6,291.8
22317,46.44,7.83,0.0,139.32
22318,36.83,-53.44,0.6,110.49
22319,47.52,-2.43,0.4,142.56
22320,59.94,11.94,0.1,239.76
22321,27.93,3.06,0.0,27.93
22322,15.9,-1.26,0.1,15.9
22323,39.15,-18.81,0.5,117.44999999999999
22324,255.97,-28.8,0.2,1023.88
22325,27.22,9.87,0.2,81.66
22326,85.9,2.58,0.0,171.8
22327,50.02,-91.73,0.7,50.02
22328,27.27,4.62,0.0,27.27
22329,28.29,8.85,0.17,56.58
22330,24.96,11.23,0.0,99.84
22331,48.42,6.66,0.0,290.52
22332,49.02,19.56,0.0,98.04
22333,33.45,8.55,0.0,167.25
22334,69.26,-7.7,0.1,346.3
22335,55.1,-1.88,0.4,385.7
22336,23.68,-30.2,0.6,23.68
22337,26.4,13.2,0.0,26.4
22338,45.98,12.87,0.0,91.96
22339,30.35,7.37,0.1,60.7
22340,60.54,20.58,0.0,121.08
22341,663.94,82.99,0.2,2655.76
22342,629.64,107.04,0.0,5666.76
22343,46.52,-17.47,0.6,46.52
22344,24.0,2.88,0.0,24.0
22345,56.65,6.7,0.17,283.25
22346,46.18,-19.64,0.6,46.18
22347,408.74,76.64,0.2,2861.1800000000003
22348,53.55,4.23,0.0,160.64999999999998
22349,11.61,5.49,0.0,34.83
22350,9.41,0.71,0.2,65.87
22351,30.11,5.21,0.1,150.55
22352,21.82,-6.56,0.6,21.82
22353,19.01,-12.67,0.7,152.08
22354,796.43,-525.64,0.5,5575.009999999999
22355,207.48,62.24,0.0,207.48
22356,47.98,11.04,0.0,95.96
22357,30.17,-18.16,0.6,90.51
22358,42.36,11.76,0.0,169.44
22359,37.86,15.48,0.0,113.58
22360,24.0,7.44,0.0,72.0
22361,26.46,0.48,0.0,79.38
22362,16.26,8.13,0.0,16.26
22363,64.26,32.1,0.0,128.52
22364,85.96,40.4,0.0,601.7199999999999
22365,19.06,2.32,0.1,38.12
22366,25.92,9.07,0.2,129.60000000000002
22367,20.8,6.5,0.2,41.6
22368,39.15,-18.81,0.5,117.44999999999999
22369,89.06,-160.36,0.7,178.12
22370,20.72,-31.08,0.6,145.04
22371,35.32,-44.18,0.6,176.6
22372,20.16,0.99,0.0,20.16
22373,31.59,7.2,0.0,94.77
22374,139.8,12.23,0.2,699.0
22375,48.0,-67.2,0.6,480.0
22376,23.92,-13.61,0.4,71.76
22377,39.15,16.05,0.0,195.75
22378,40.68,-7.12,0.2,122.03999999999999
22379,42.72,-28.48,0.4,170.88
22380,8.84,4.24,0.0,17.68
22381,32.88,2.3,0.0,32.88
22382,93.36,0.93,0.0,1120.32
22383,75.78,30.24,0.0,227.34
22384,51.59,-15.48,0.4,51.59
22385,34.29,12.33,0.0,102.87
22386,109.8,46.12,0.0,988.1999999999999
22387,71.04,26.64,0.2,426.24
22388,50.88,23.4,0.0,50.88
22389,106.32,49.97,0.0,318.96
22390,20.0,4.8,0.0,20.0
22391,53.4,25.08,0.0,106.8
22392,51.8,0.0,0.0,362.59999999999997
22393,34.11,7.83,0.0,102.33
22394,147.18,-29.44,0.2,294.36
22395,31.95,11.82,0.0,31.95
22396,16.16,0.53,0.4,16.16
22397,17.85,1.41,0.0,17.85
22398,6.94,2.34,0.2,20.82
22399,26.71,-10.25,0.4,53.42
22400,150.98,43.78,0.0,150.98
22401,12.48,-10.5,0.5,24.96
22402,26.58,12.72,0.0,53.16
22403,25.35,6.84,0.0,25.35
22404,22.79,-25.93,0.7,91.16
22405,18.96,-11.4,0.6,37.92
22406,43.66,10.66,0.1,43.66
22407,17.73,6.3,0.0,53.19
22408,14.45,-14.47,0.6,14.45
22409,39.57,15.03,0.0,39.57
22410,1603.14,100.2,0.2,6412.56
22411,315.2,6.3,0.0,1260.8
22412,39.6,4.74,0.0,79.2
22413,191.65,31.94,0.1,574.95
22414,34.8,4.5,0.0,69.6
22415,17.04,8.16,0.0,34.08
22416,22.29,6.9,0.0,22.29
22417,26.57,-39.19,0.6,26.57
22418,26.04,8.04,0.0,52.08
22419,19.15,5.47,0.2,57.449999999999996
22420,31.17,4.35,0.0,31.17
22421,29.7,0.5,0.0,148.5
22422,19.23,1.14,0.0,19.23
22423,15.33,0.75,0.0,15.33
22424,30.12,5.7,0.0,30.12
22425,547.11,158.58,0.0,1641.33
22426,39.74,-31.01,0.5,119.22
22427,458.43,-124.43,0.3,2292.15
22428,10.08,-6.48,0.5,20.16
22429,26.67,1.05,0.0,26.67
22430,10.37,3.63,0.2,20.74
22431,59.7,16.08,0.0,119.4
22432,13.75,-26.21,0.7,82.5
22433,126.0,27.6,0.0,630.0
22434,39.49,-39.53,0.7,78.98
22435,11.52,-7.68,0.7,23.04
22436,34.02,11.22,0.0,68.04
22437,156.79,17.64,0.2,156.79
22438,16.11,4.83,0.0,16.11
22439,120.67,21.29,0.15,241.34
22440,67.4,17.52,0.0,337.0
22441,47.1,15.54,0.0,94.2
22442,31.62,12.96,0.0,31.62
22443,18.18,-10.02,0.4,54.54
22444,30.68,13.8,0.0,61.36
22445,11.47,-3.29,0.4,22.94
22446,50.47,-29.45,0.4,151.41
22447,31.92,11.46,0.0,95.76
22448,19.01,-0.37,0.4,57.03
22449,28.96,0.56,0.0,28.96
22450,39.07,-6.53,0.4,78.14
22451,22.48,6.04,0.0,44.96
22452,104.9,50.35,0.0,524.5
22453,35.75,11.09,0.1,71.5
22454,24.72,4.92,0.0,49.44
22455,12.36,1.23,0.0,12.36
22456,14.38,-13.34,0.6,28.76
22457,18.66,-0.78,0.5,37.32
22458,30.67,-4.07,0.47,92.01
22459,15.82,-2.18,0.2,15.82
22460,28.64,5.44,0.0,114.56
22461,24.77,5.21,0.2,74.31
22462,21.52,8.32,0.0,86.08
22463,24.72,1.2,0.0,74.16
22464,22.38,1.08,0.0,67.14
22465,33.42,6.3,0.0,100.26
22466,44.78,-11.2,0.2,134.34
22467,27.66,13.5,0.0,82.98
22468,36.04,4.78,0.4,108.12
22469,15.51,0.45,0.0,15.51
22470,36.92,1.46,0.27,73.84
22471,30.38,-0.68,0.1,91.14
22472,19.23,1.14,0.0,19.23
22473,49.08,4.91,0.0,147.24
22474,8.74,-4.8,0.6,26.22
22475,12.05,-9.94,0.6,12.05
22476,31.95,11.82,0.0,31.95
22477,16.99,4.93,0.0,16.99
22478,6.21,0.7,0.2,12.42
22479,1.81,0.65,0.0,1.81
22480,442.37,-729.91,0.8,3096.59
22481,13.1,1.73,0.1,13.1
22482,31.56,2.52,0.0,31.56
22483,392.94,43.22,0.0,1178.82
22484,130.44,30.0,0.0,260.88
22485,43.92,11.86,0.0,175.68
22486,8.28,3.48,0.0,16.56
22487,36.08,14.04,0.0,72.16
22488,30.02,8.18,0.2,120.08
22489,18.06,-6.02,0.4,126.41999999999999
22490,32.51,-16.27,0.4,32.51
22491,27.66,13.5,0.0,82.98
22492,50.64,1.92,0.0,405.12
22493,28.98,-56.04,0.7,57.96
22494,19.56,4.68,0.0,78.24
22495,32.25,8.25,0.0,161.25
22496,20.88,4.59,0.0,62.64
22497,30.78,-36.26,0.6,246.24
22498,97.32,31.14,0.0,194.64
22499,279.94,48.99,0.2,1959.58
22500,28.08,13.68,0.0,84.24
22501,286.34,-64.43,0.2,859.02
22502,21.06,10.53,0.0,63.17999999999999
22503,193.95,9.7,0.0,581.8499999999999
22504,15.96,1.59,0.0,15.96
22505,24.56,11.54,0.0,49.12
22506,51.17,10.21,0.2,102.34
22507,17.46,-2.64,0.4,52.38
22508,170.73,15.36,0.0,170.73
22509,33.92,8.48,0.0,67.84
22510,20.34,0.78,0.0,61.019999999999996
22511,34.74,2.43,0.0,104.22
22512,132.19,33.73,0.1,396.57
22513,8.18,-14.47,0.7,8.18
22514,22.2,-26.09,0.6,22.2
22515,22.14,6.84,0.0,44.28
22516,11.52,4.59,0.0,11.52
22517,17.18,6.23,0.2,103.08
22518,33.38,10.43,0.2,133.52
22519,11.95,4.03,0.2,35.849999999999994
22520,31.44,11.28,0.0,125.76
22521,28.35,8.49,0.0,28.35
22522,8.61,-13.34,0.8,68.88
22523,161.57,-8.08,0.2,323.14
22524,7.56,-8.07,0.7,7.56
22525,181.8,-15.58,0.3,181.8
22526,15.05,-1.15,0.45,45.150000000000006
22527,328.22,28.72,0.2,1312.88
22528,9.6,4.38,0.0,19.2
22529,8.97,-9.0,0.7,8.97
22530,4.52,-1.03,0.47,4.52
22531,22.05,6.75,0.0,66.15
22532,161.94,9.72,0.0,485.82
22533,13999.96,6719.98,0.0,55999.84
22534,29.88,13.44,0.0,59.76
22535,31.68,7.6,0.0,63.36
22536,11.68,3.72,0.0,23.36
22537,8.68,4.24,0.0,8.68
22538,7.04,-2.84,0.4,7.04
22539,12.76,4.72,0.0,12.76
22540,37.06,-1.86,0.4,74.12
22541,10.88,3.48,0.0,21.76
22542,28.48,2.24,0.0,113.92
22543,32.77,-3.71,0.2,65.54
22544,21.54,10.5,0.0,64.62
22545,35.76,2.46,0.0,107.28
22546,273.96,10.96,0.0,547.92
22547,8.4,0.06,0.0,8.4
22548,15.39,2.52,0.1,46.17
22549,555.96,41.7,0.2,2779.8
22550,146.82,73.41,0.0,440.46
22551,49.53,23.77,0.0,148.59
22552,44.4,12.43,0.0,222.0
22553,16.94,-39.52,0.7,33.88
22554,8.81,-10.3,0.7,8.81
22555,33.55,2.23,0.4,201.29999999999998
22556,8.21,-9.49,0.6,24.630000000000003
22557,22.86,6.84,0.0,68.58
22558,52.56,12.08,0.0,105.12
22559,7.98,0.84,0.0,15.96
22560,1577.94,757.41,0.0,4733.82
22561,697.16,146.4,0.0,2788.64
22562,25.34,-54.94,0.7,25.34
22563,170.43,81.78,0.0,170.43
22564,40.74,0.41,0.0,122.22
22565,27.3,5.7,0.0,54.6
22566,63.96,19.83,0.0,255.84
22567,11.78,4.27,0.2,35.339999999999996
22568,11.21,3.2,0.3,11.21
22569,4.3,1.56,0.2,4.3
22570,8.03,-6.44,0.5,8.03
22571,12.9,-3.42,0.5,51.6
22572,69.93,0.7,0.0,489.51000000000005
22573,62.81,21.2,0.2,188.43
22574,1101.48,429.58,0.0,4405.92
22575,455.71,34.18,0.2,911.42
22576,119.96,35.99,0.2,599.8
22577,151.62,50.03,0.0,1061.3400000000001
22578,10.86,4.32,0.0,10.86
22579,3.08,-4.54,0.7,3.08
22580,44.76,14.55,0.2,134.28
22581,21.09,6.51,0.0,21.09
22582,37.68,-29.22,0.6,75.36
22583,19.54,-23.45,0.6,19.54
22584,26.85,5.1,0.0,80.55000000000001
22585,785.88,212.19,0.0,4715.28
22586,14.7,4.5,0.0,29.4
22587,360.38,93.7,0.0,720.76
22588,243.88,27.44,0.2,1219.4
22589,27.84,6.12,0.0,111.36
22590,103.26,17.52,0.0,206.52
22591,246.17,21.54,0.2,738.51
22592,16.52,5.37,0.2,82.6
22593,63.12,2.28,0.17,189.35999999999999
22594,2879.95,1007.98,0.2,17279.699999999997
22595,1640.7,459.4,0.0,8203.5
22596,10.08,-10.44,0.7,40.32
22597,503.96,131.03,0.0,2015.84
22598,9.78,3.42,0.0,19.56
22599,11.09,-17.38,0.7,11.09
22600,200.52,42.0,0.0,802.08
22601,9.6,4.38,0.0,19.2
22602,8.26,-3.32,0.6,16.52
22603,311.98,93.59,0.0,623.96
22604,69.26,14.62,0.1,138.52
22605,17.95,-12.59,0.6,17.95
22606,7.09,-4.31,0.4,14.18
22607,5.79,1.56,0.0,5.79
22608,29.76,-11.82,0.47,89.28
22609,52.2,13.56,0.0,104.4
22610,135.95,39.43,0.0,135.95
22611,23.76,4.74,0.0,47.52
22612,25.08,3.96,0.0,50.16
22613,4.57,-3.83,0.7,9.14
22614,542.34,244.05,0.0,542.34
22615,6.57,1.77,0.0,19.71
22616,16.63,-27.74,0.7,16.63
22617,12.24,-1.17,0.15,12.24
22618,20.23,9.51,0.0,141.61
22619,21.46,-18.77,0.6,21.46
22620,542.94,152.02,0.0,1628.8200000000002
22621,354.9,88.73,0.0,1774.5
22622,215.65,73.32,0.0,1078.25
22623,177.48,19.97,0.2,532.4399999999999
22624,23.15,-20.86,0.6,23.15
22625,36.0,0.0,0.0,144.0
22626,21.4,6.21,0.0,107.0
22627,18.93,6.81,0.0,18.93
22628,49.57,-12.41,0.6,49.57
22629,46.86,7.62,0.2,93.72
22630,108.66,2.16,0.0,108.66
22631,97.42,10.96,0.2,194.84
22632,36.48,18.24,0.0,218.88
22633,1458.65,423.01,0.0,7293.25
22634,24.96,1.98,0.0,49.92
22635,30.69,0.6,0.0,30.69
22636,2518.29,654.76,0.0,22664.61
22637,283.56,45.37,0.0,1134.24
22638,24.78,7.92,0.0,24.78
22639,363.65,-86.37,0.2,1454.6
22640,10.71,-22.17,0.7,21.42
22641,14.94,-17.94,0.6,14.94
22642,31.43,-30.23,0.5,157.15
22643,18.43,0.61,0.4,18.43
22644,41.49,6.57,0.0,124.47
22645,6.66,0.57,0.0,6.66
22646,21.06,8.82,0.0,63.17999999999999
22647,1924.16,312.68,0.2,15393.28
22648,435.84,130.75,0.0,5230.08
22649,277.4,133.15,0.0,1387.0
22650,286.29,17.18,0.0,858.8700000000001
22651,16.98,2.88,0.0,16.98
22652,11.23,3.93,0.2,33.69
22653,2541.98,1270.99,0.0,5083.96
22654,359.5,-29.61,0.15,1078.5
22655,22.15,-1.28,0.47,22.15
22656,24.7,3.28,0.4,49.4
22657,85.21,-1.91,0.1,255.63
22658,14.88,-9.3,0.6,14.88
22659,12.72,5.68,0.0,50.88
22660,9.96,3.58,0.0,9.96
22661,18.54,-2.86,0.4,92.69999999999999
22662,18.54,5.7,0.0,55.62
22663,19.59,-26.79,0.7,19.59
22664,2807.84,673.88,0.0,22462.72
22665,10.32,3.18,0.0,10.32
22666,946.76,-694.29,0.7,5680.5599999999995
22667,118.0,20.06,0.0,236.0
22668,10.41,4.26,0.0,10.41
22669,146.69,55.01,0.2,880.14
22670,14.58,3.1,0.2,14.58
22671,28.74,-15.82,0.4,28.74
22672,7.12,0.2,0.0,14.24
22673,13.18,0.64,0.0,13.18
22674,44.75,-0.57,0.2,44.75
22675,22.04,10.32,0.0,44.08
22676,6.18,1.9,0.0,6.18
22677,10.88,3.48,0.0,21.76
22678,136.92,41.08,0.0,547.68
22679,9.34,0.91,0.4,9.34
22680,4.84,-4.22,0.7,4.84
22681,25.23,6.54,0.0,25.23
22682,13.32,-2.4,0.5,26.64
22683,41.04,12.24,0.0,123.12
22684,20.95,-12.95,0.4,41.9
22685,24.01,-3.23,0.4,72.03
22686,43.0,16.3,0.0,215.0
22687,30.3,2.1,0.0,90.9
22688,408.42,-5.83,0.3,816.84
22689,307.98,89.31,0.0,615.96
22690,145.98,-99.27,0.5,291.96
22691,6.98,-11.87,0.7,6.98
22692,2.21,-1.48,0.7,6.63
22693,33.64,14.8,0.0,33.64
22694,10.72,4.48,0.0,21.44
22695,12.31,-7.01,0.4,36.93
22696,21.54,10.5,0.0,64.62
22697,30.6,0.0,0.0,91.80000000000001
22698,107.42,36.26,0.2,644.52
22699,16.86,-4.74,0.5,33.72
22700,116.28,56.98,0.0,348.84000000000003
22701,10.74,3.96,0.0,10.74
22702,28.88,-17.96,0.5,202.16
22703,30.36,8.73,0.2,151.8
22704,148.02,41.45,0.0,444.06000000000006
22705,5.47,-4.13,0.6,5.47
22706,20.1,9.84,0.0,40.2
22707,6.66,0.57,0.0,6.66
22708,7.8,1.23,0.0,7.8
22709,22.96,11.25,0.0,45.92
22710,6.05,-4.87,0.7,12.1
22711,6.64,-2.44,0.4,6.64
22712,14.1,2.82,0.0,42.3
22713,11.32,0.0,0.0,11.32
22714,15.06,6.9,0.0,45.18
22715,3.28,-2.63,0.7,6.56
22716,1079.85,323.96,0.0,3239.5499999999997
22717,9.68,-0.22,0.4,29.04
22718,111.84,4.44,0.0,447.36
22719,275.06,-90.38,0.3,825.1800000000001
22720,22.68,4.98,0.0,45.36
22721,12.96,-24.24,0.7,51.84
22722,18.27,2.7,0.0,54.81
22723,7.87,0.89,0.2,23.61
22724,4404.9,1013.13,0.0,22024.5
22725,28.44,0.54,0.0,56.88
22726,23.27,-1.33,0.1,46.54
22727,34.02,7.92,0.1,68.04
22728,677.58,-158.1,0.4,3387.9
22729,31.83,8.91,0.0,31.83
22730,15.86,0.26,0.4,15.86
22731,126.62,41.15,0.2,759.72
22732,232.96,116.48,0.0,1630.72
22733,138.56,66.51,0.0,554.24
22734,14.55,3.18,0.0,14.55
22735,205.03,67.66,0.0,1435.21
22736,114.95,2.3,0.0,574.75
22737,17.1,6.3,0.0,34.2
22738,23.91,1.89,0.0,23.91
22739,10.56,1.98,0.0,10.56
22740,5.38,-6.05,0.6,5.38
22741,18.53,-15.76,0.6,18.53
22742,20.82,8.52,0.0,41.64
22743,22.05,6.75,0.0,66.15
22744,11.64,3.38,0.0,34.92
22745,22.58,5.87,0.0,45.16
22746,704.76,26.43,0.2,3523.8
22747,8.23,-6.03,0.7,24.69
22748,61.44,16.59,0.0,184.32
22749,198.74,0.0,0.3,794.96
22750,57.39,3.99,0.0,57.39
22751,30.34,-31.86,0.6,60.68
22752,21.74,7.34,0.2,21.74
22753,48.66,15.82,0.2,340.62
22754,9.06,-16.32,0.7,9.06
22755,21.46,-18.77,0.6,21.46
22756,11.19,2.88,0.0,11.19
22757,57.42,28.71,0.0,57.42
22758,16.52,7.6,0.0,66.08
22759,5.68,-3.79,0.7,5.68
22760,268.7,6.72,0.2,806.0999999999999
22761,50.45,-105.97,0.7,100.9
22762,42.0,6.72,0.0,84.0
22763,10.84,-5.42,0.6,10.84
22764,238.0,38.08,0.0,476.0
22765,89.71,30.28,0.2,538.26
22766,81.58,2.04,0.2,244.74
22767,16.98,4.74,0.0,33.96
22768,13.2,0.24,0.0,13.2
22769,9.87,4.02,0.0,9.87
22770,13.57,3.22,0.2,54.28
22771,4.95,1.34,0.0,4.95
22772,369.2,-114.02,0.32,1107.6
22773,134.48,34.96,0.0,537.92
22774,117.58,11.76,0.2,352.74
22775,9.77,-4.52,0.5,9.77
22776,16.56,0.99,0.0,16.56
22777,2.69,-4.71,0.8,8.07
22778,10.94,0.96,0.2,21.88
22779,73.26,0.0,0.0,439.56000000000006
22780,3.55,0.44,0.2,7.1
22781,48.36,6.04,0.2,241.8
22782,892.98,80.37,0.0,1785.96
22783,1133.35,294.67,0.0,5666.75
22784,872.94,157.13,0.0,2618.82
22785,99.66,44.82,0.0,199.32
22786,13.05,6.0,0.0,65.25
22787,11.43,2.73,0.0,11.43
22788,20.19,6.66,0.0,20.19
22789,494.38,49.44,0.2,1483.1399999999999
22790,1049.93,293.98,0.0,7349.51
22791,263.96,76.55,0.0,1055.84
22792,47.49,3.78,0.0,47.49
22793,12.6,-15.12,0.6,12.6
22794,17.49,2.07,0.0,17.49
22795,87.71,41.22,0.0,613.9699999999999
22796,167.97,62.99,0.2,671.88
22797,79.99,28.8,0.0,79.99
22798,49.44,24.23,0.0,148.32
22799,36.63,9.89,0.0,109.89000000000001
22800,695.16,173.76,0.0,2780.64
22801,89.34,24.12,0.0,536.04
22802,25.92,8.28,0.0,51.84
22803,56.73,19.26,0.0,56.73
22804,30.96,8.64,0.0,61.92
22805,29.3,-5.89,0.4,29.3
22806,6.66,0.57,0.0,6.66
22807,10.69,3.67,0.1,10.69
22808,50.88,14.63,0.2,305.28000000000003
22809,18.39,0.9,0.0,18.39
22810,81.4,21.16,0.0,407.0
22811,11.96,5.86,0.0,23.92
22812,33.44,11.7,0.2,334.4
22813,32.4,8.37,0.0,97.19999999999999
22814,21.14,0.71,0.17,63.42
22815,8.76,4.02,0.0,8.76
22816,33.3,7.92,0.0,99.89999999999999
22817,29.04,5.2,0.0,58.08
22818,19.55,-6.85,0.4,58.650000000000006
22819,11.12,4.1,0.0,11.12
22820,17.52,3.84,0.0,35.04
22821,32.04,14.42,0.0,128.16
22822,9.29,-0.01,0.4,9.29
22823,14.48,3.16,0.0,28.96
22824,10.64,3.6,0.0,42.56
22825,11.85,1.65,0.0,11.85
22826,20.05,-19.58,0.6,20.05
22827,735.98,331.19,0.0,1471.96
22828,8.49,2.37,0.0,8.49
22829,14.01,0.54,0.0,14.01
22830,6.02,-8.74,0.6,12.04
22831,31.48,7.66,0.1,62.96
22832,10.09,-3.55,0.4,10.09
22833,18.0,3.24,0.0,36.0
22834,12.24,3.42,0.0,12.24
22835,10.7,-8.58,0.6,21.4
22836,16.13,1.01,0.4,96.78
22837,20.38,-7.82,0.4,61.14
22838,5.22,2.4,0.0,10.44
22839,9.35,-6.54,0.7,46.75
22840,24.38,-2.44,0.1,24.38
22841,38.76,18.96,0.0,116.28
22842,11.32,1.92,0.0,11.32
22843,20.82,4.98,0.0,62.46
22844,16.88,0.8,0.4,50.64
22845,66.88,20.72,0.0,133.76
22846,11.09,-8.13,0.7,77.63
22847,8.33,-13.34,0.7,8.33
22848,519.96,176.79,0.0,2079.84
22849,17.64,5.98,0.0,17.64
22850,12.1,-0.22,0.4,24.2
22851,40.32,6.84,0.0,120.96000000000001
22852,22.14,9.06,0.0,44.28
22853,1199.96,224.99,0.2,5999.8
22854,22.2,1.32,0.0,44.4
22855,487.98,152.5,0.2,975.96
22856,11.16,3.72,0.17,22.32
22857,33.12,1.98,0.0,66.24
22858,191.98,4.8,0.2,383.96
22859,79.12,13.85,0.2,395.6
22860,725.34,54.4,0.2,2901.36
22861,29.32,10.52,0.0,58.64
22862,20.32,-23.87,0.6,20.32
22863,15.93,0.33,0.1,31.86
22864,212.64,99.94,0.0,1275.84
22865,15.75,-5.67,0.5,47.25
22866,111.79,43.6,0.0,782.5300000000001
22867,101.99,-71.4,0.7,203.98
22868,32.78,-85.24,0.8,131.12
22869,93.24,27.0,0.0,186.48
22870,8.9,-5.89,0.47,8.9
22871,40.98,5.7,0.0,81.96
22872,13.11,0.9,0.0,13.11
22873,12.06,3.36,0.0,12.06
22874,13.5,4.32,0.0,13.5
22875,3.2,-4.82,0.7,3.2
22876,11.35,-11.09,0.6,22.7
22877,1799.1,593.64,0.0,10794.599999999999
22878,408.42,-5.83,0.3,816.84
22879,226.2,58.81,0.0,1131.0
22880,6.65,-15.52,0.7,6.65
22881,359.98,36.0,0.2,1079.94
22882,302.67,72.64,0.0,908.01
22883,157.74,56.79,0.0,1735.14
22884,6.82,-10.7,0.7,13.64
22885,154.9,69.71,0.0,774.5
22886,62.91,22.65,0.0,188.73
22887,11.28,2.01,0.0,11.28
22888,21.93,10.31,0.0,65.78999999999999
22889,71.97,16.55,0.0,215.91
22890,176.88,70.74,0.0,353.76
22891,14.13,-19.32,0.7,14.13
22892,248.57,67.11,0.0,1739.99
22893,55.94,-13.29,0.2,391.58
22894,11.97,0.21,0.0,11.97
22895,24.46,2.14,0.1,48.92
22896,13.38,2.52,0.0,26.76
22897,7.98,2.07,0.0,23.94
22898,28.49,-5.47,0.47,113.96
22899,42.62,-76.75,0.7,42.62
22900,22.96,6.66,0.0,160.72
22901,8.76,4.02,0.0,8.76
22902,239.9,71.97,0.0,479.8
22903,18.54,8.1,0.0,37.08
22904,6.63,0.57,0.0,6.63
22905,132.7,9.95,0.2,398.09999999999997
22906,33.21,0.27,0.0,99.63
22907,25.8,2.76,0.0,103.2
22908,113.04,23.64,0.0,452.16
22909,17.4,1.56,0.0,17.4
22910,218.54,-327.82,0.6,874.16
22911,29.0,7.25,0.0,58.0
22912,30.24,10.86,0.0,60.48
22913,683.99,-114.0,0.4,1367.98
22914,17.19,6.51,0.0,17.19
22915,20.19,6.66,0.0,20.19
22916,1362.9,-19.47,0.3,4088.7000000000003
22917,537.54,53.75,0.2,3762.7799999999997
22918,979.95,274.39,0.0,4899.75
22919,344.98,28.41,0.15,2414.86
22920,1261.33,327.95,0.0,8829.31
22921,510.24,6.38,0.2,1530.72
22922,629.95,163.79,0.0,3149.75
22923,299.97,113.99,0.0,899.9100000000001
22924,327.84,157.36,0.0,2622.72
22925,116.83,33.59,0.2,467.32
22926,15.84,1.26,0.0,15.84
22927,3.98,-6.57,0.8,19.9
22928,2.92,0.37,0.2,2.92
22929,11.36,5.57,0.0,45.44
22930,831.2,124.68,0.0,4156.0
22931,209.67,-13.98,0.4,209.67
22932,9.87,4.02,0.0,9.87
22933,12.19,4.11,0.2,36.57
22934,104.23,28.14,0.0,729.61
22935,26.88,9.74,0.2,215.04
22936,7.95,0.15,0.0,7.95
22937,11.82,4.2,0.0,23.64
22938,29.61,13.32,0.0,266.49
22939,28.38,5.94,0.0,56.76
22940,7.57,-11.12,0.7,7.57
22941,6.98,-3.34,0.6,6.98
22942,7.14,1.77,0.0,7.14
22943,815.29,-339.71,0.4,7337.61
22944,574.91,156.05,0.3,1149.82
22945,1049.2,272.79,0.0,5246.0
22946,487.96,146.39,0.0,975.92
22947,429.9,111.77,0.0,2149.5
22948,177.48,19.97,0.2,532.4399999999999
22949,158.9,7.94,0.0,794.5
22950,17.7,8.1,0.0,35.4
22951,33.9,16.5,0.0,169.5
22952,229.54,83.21,0.2,1606.78
22953,15.48,2.61,0.0,15.48
22954,79.38,-29.79,0.6,79.38
22955,49.56,18.83,0.0,346.92
22956,19.35,8.7,0.0,19.35
22957,9.34,0.46,0.0,9.34
22958,22.7,-12.9,0.4,45.4
22959,8.57,-5.71,0.4,17.14
22960,28.14,10.38,0.0,56.28
22961,11.78,4.27,0.2,35.339999999999996
22962,17.1,2.22,0.0,34.2
22963,0.56,-0.95,0.8,0.56
22964,520.46,-14.87,0.3,1040.92
22965,1598.06,-1065.37,0.7,11186.42
22966,27.83,-2.18,0.47,139.14999999999998
22967,853.93,-24.4,0.3,4269.65
22968,14.39,-24.97,0.7,14.39
22969,25.01,2.21,0.45,100.04
22970,37.44,0.0,0.0,149.76
22971,520.46,-14.87,0.3,1040.92
22972,26.06,-2.62,0.4,104.24
22973,7.38,3.47,0.0,14.76
22974,13.05,-3.69,0.5,26.1
22975,657.93,-93.99,0.3,3289.6499999999996
22976,22.88,6.16,0.0,91.52
22977,177.48,19.97,0.2,532.4399999999999
22978,11.99,-6.61,0.47,23.98
22979,21.53,-1.47,0.4,43.06
22980,59.52,0.48,0.0,357.12
22981,12.32,-14.8,0.7,24.64
22982,7.09,-2.39,0.4,21.27
22983,19.72,3.34,0.0,19.72
22984,5.35,-1.29,0.4,10.7
22985,8.88,3.72,0.0,17.76
22986,12.64,-1.52,0.4,37.92
22987,4.5,-5.85,0.6,4.5
22988,24.55,12.03,0.0,122.75
22989,95.98,-10.8,0.2,287.94
22990,17.2,6.52,0.0,34.4
22991,12.32,1.44,0.0,24.64
22992,49.12,23.09,0.0,196.48
22993,41.52,-39.48,0.6,83.04
22994,16.86,6.06,0.0,16.86
22995,189.88,-94.94,0.4,569.64
22996,19.26,-0.66,0.4,57.78
22997,13.49,4.21,0.2,13.49
22998,11.3,3.72,0.0,11.3
22999,7.63,0.59,0.4,30.52
23000,13.32,2.2,0.4,26.64
23001,15.32,-3.08,0.4,15.32
23002,8.23,-10.91,0.6,16.46
23003,42.66,-4.74,0.1,85.32
23004,29.74,4.46,0.0,29.74
23005,10.68,0.3,0.0,32.04
23006,13.44,0.84,0.4,67.2
23007,40.15,-24.11,0.4,40.15
23008,21.36,-14.24,0.4,42.72
23009,32.28,16.14,0.0,32.28
23010,12.3,2.46,0.0,24.6
23011,259.14,-58.31,0.2,1036.56
23012,5.88,-5.88,0.6,5.88
23013,18.06,9.0,0.0,36.12
23014,199.75,87.89,0.0,998.75
23015,11.55,2.76,0.0,11.55
23016,19.18,-5.48,0.47,38.36
23017,15.92,7.0,0.0,31.84
23018,14.4,-27.84,0.7,28.8
23019,10.26,2.76,0.0,10.26
23020,1123.13,70.2,0.2,10108.170000000002
23021,13.21,-6.77,0.47,39.63
23022,1676.88,83.84,0.0,10061.28
23023,14.88,1.92,0.0,14.88
23024,25.26,0.0,0.0,50.52
23025,715.64,178.91,0.0,1431.28
23026,895.92,302.37,0.2,4479.599999999999
23027,1114.27,41.79,0.2,4457.08
23028,8.69,-10.75,0.7,17.38
23029,152.0,69.92,0.0,760.0
23030,10.74,3.96,0.0,10.74
23031,149.35,50.41,0.2,448.04999999999995
23032,65.99,17.16,0.0,65.99
23033,29.68,11.58,0.0,207.76
23034,9.6,2.88,0.0,19.2
23035,7.31,-0.43,0.47,7.31
23036,14.01,5.16,0.0,14.01
23037,173.94,50.44,0.0,1043.6399999999999
23038,20.82,8.52,0.0,41.64
23039,28.56,3.12,0.0,57.12
23040,14.59,4.92,0.2,43.769999999999996
23041,2065.32,-619.6,0.4,24783.840000000004
23042,35.04,5.52,0.0,140.16
23043,408.74,76.64,0.2,2861.1800000000003
23044,46.08,5.52,0.0,92.16
23045,540.05,-47.25,0.2,1620.1499999999999
23046,4.12,-3.2,0.6,4.12
23047,36.96,8.49,0.0,36.96
23048,16.12,-19.34,0.6,16.12
23049,1126.02,56.3,0.0,3378.06
23050,7.49,-15.49,0.7,14.98
23051,139.86,60.14,0.0,979.0200000000001
23052,26.88,9.9,0.0,53.76
23053,87.96,7.7,0.2,263.88
23054,30.9,10.17,0.0,30.9
23055,165.98,74.69,0.0,165.98
23056,33.55,12.58,0.2,33.55
23057,529.9,105.98,0.0,2649.5
23058,9.69,4.14,0.0,9.69
23059,201.57,22.68,0.2,806.28
23060,39.6,0.72,0.0,118.80000000000001
23061,26.37,9.99,0.0,79.11
23062,11.19,2.88,0.0,11.19
23063,15.54,-17.64,0.7,15.54
23064,14.52,0.57,0.0,14.52
23065,9.87,4.02,0.0,9.87
23066,128.4,64.2,0.0,385.20000000000005
23067,90.96,2.7,0.0,181.92
23068,15.18,0.3,0.0,15.18
23069,20.57,1.54,0.2,61.71
23070,9.06,4.5,0.0,18.12
23071,10.3,0.7,0.45,20.6
23072,11.4,1.71,0.0,11.4
23073,21.6,9.27,0.0,64.80000000000001
23074,6.08,3.04,0.0,6.08
23075,58.58,19.33,0.0,117.16
23076,58.48,27.49,0.0,467.84
23077,99.9,46.95,0.0,499.5
23078,11.18,-3.1,0.6,11.18
23079,15.28,7.49,0.0,30.56
23080,25.17,-43.65,0.7,25.17
23081,25.18,-18.46,0.7,100.72
23082,63.82,13.56,0.2,127.64
23083,105.98,4.24,0.0,741.86
23084,20.58,5.94,0.0,41.16
23085,16.32,2.28,0.0,32.64
23086,97.2,0.0,0.1,777.6
23087,22.14,1.32,0.0,22.14
23088,10.08,3.53,0.2,40.32
23089,24.25,-0.29,0.1,48.5
23090,22.56,10.56,0.0,45.12
23091,44.43,14.64,0.0,44.43
23092,19.13,-22.48,0.6,19.13
23093,8.1,2.73,0.2,16.2
23094,28.02,10.32,0.0,56.04
23095,17.31,5.19,0.0,51.92999999999999
23096,8.91,1.59,0.0,8.91
23097,16.68,5.21,0.2,50.04
23098,7.56,-2.13,0.5,7.56
23099,23.25,4.41,0.0,23.25
23100,2309.65,762.18,0.0,16167.550000000001
23101,8.69,-10.21,0.6,17.38
23102,43.88,-80.47,0.7,43.88
23103,88.77,31.07,0.2,177.54
23104,45.92,22.5,0.0,183.68
23105,55.94,18.88,0.2,447.52
23106,49.57,17.35,0.2,99.14
23107,20.1,-17.61,0.6,20.1
23108,25.05,1.5,0.0,25.05
23109,9.96,4.88,0.0,19.92
23110,14.21,-8.89,0.6,14.21
23111,8.29,2.69,0.2,16.58
23112,454.27,-73.82,0.2,3634.16
23113,11.83,-7.85,0.47,23.66
23114,33.6,12.42,0.0,67.2
23115,13.24,2.78,0.0,13.24
23116,24.0,3.84,0.0,72.0
23117,32.4,15.55,0.0,162.0
23118,146.82,73.41,0.0,440.46
23119,15.66,-22.98,0.7,31.32
23120,24.38,-16.27,0.7,24.38
23121,21.6,10.8,0.0,43.2
23122,39.48,18.92,0.0,78.96
23123,39.31,6.55,0.4,353.79
23124,15.95,-10.63,0.4,47.849999999999994
23125,5.68,2.26,0.0,5.68
23126,67.03,-23.57,0.4,402.18
23127,9.22,-1.18,0.2,18.44
23128,29.38,-4.82,0.2,88.14
23129,4.0,-3.86,0.7,4.0
23130,33.18,4.92,0.0,66.36
23131,6.97,-8.6,0.7,6.97
23132,22.08,3.3,0.0,44.16
23133,6.64,-4.43,0.7,59.76
23134,47.82,13.38,0.0,95.64
23135,5.86,-1.64,0.6,11.72
23136,16.11,-37.59,0.7,16.11
23137,14.37,3.0,0.0,14.37
23138,13.68,4.77,0.0,13.68
23139,11.98,1.06,0.45,23.96
23140,11.95,3.88,0.2,35.849999999999994
23141,4.28,-3.46,0.7,4.28
23142,13.44,5.64,0.0,26.88
23143,20.74,7.26,0.2,82.96
23144,20.16,9.88,0.0,141.12
23145,53.8,-118.4,0.7,107.6
23146,23.22,2.16,0.0,139.32
23147,74.4,31.2,0.0,595.2
23148,9.4,1.88,0.0,18.8
23149,28.08,4.16,0.0,112.32
23150,89.76,-49.38,0.6,269.28000000000003
23151,22.06,-4.42,0.4,22.06
23152,16.32,2.4,0.0,48.96
23153,6.67,-0.13,0.4,6.67
23154,15.6,-2.2,0.5,31.2
23155,16.05,1.59,0.0,16.05
23156,23.11,-15.41,0.4,23.11
23157,67.36,10.1,0.2,134.72
23158,7.78,3.5,0.0,7.78
23159,96.36,25.05,0.0,578.16
23160,47.04,13.62,0.0,47.04
23161,90.88,15.15,0.1,90.88
23162,111.96,54.86,0.0,223.92
23163,26.4,7.08,0.0,52.8
23164,13.76,6.33,0.0,27.52
23165,19.44,9.33,0.0,58.32000000000001
23166,5.76,1.67,0.0,11.52
23167,24.59,-24.61,0.7,98.36
23168,306.9,79.79,0.0,920.6999999999999
23169,21.14,7.28,0.1,63.42
23170,25.78,-2.18,0.4,103.12
23171,385.6,111.82,0.0,3084.8
23172,18.68,0.92,0.0,37.36
23173,151.2,32.13,0.2,453.59999999999997
23174,66.36,23.23,0.0,265.44
23175,19.2,4.41,0.0,19.2
23176,149.95,44.99,0.0,749.75
23177,18.93,7.56,0.0,18.93
23178,4.8,2.19,0.0,4.8
23179,36.54,11.88,0.2,73.08
23180,14.12,-7.78,0.47,28.24
23181,51.8,23.31,0.0,207.2
23182,11.4,4.74,0.0,22.8
23183,59.94,3.24,0.1,299.7
23184,33.0,2.64,0.0,66.0
23185,18.31,-12.21,0.7,73.24
23186,29.91,11.94,0.0,29.91
23187,28.14,13.51,0.0,84.42
23188,15.6,5.88,0.0,46.8
23189,12.48,1.6,0.0,24.96
23190,21.54,1.92,0.0,64.62
23191,204.85,53.26,0.0,1024.25
23192,21.06,10.53,0.0,63.17999999999999
23193,18.54,8.52,0.0,37.08
23194,503.96,125.99,0.0,2015.84
23195,23.28,1.86,0.0,23.28
23196,479.98,60.0,0.2,959.96
23197,9.6,4.38,0.0,19.2
23198,42.03,15.48,0.0,126.09
23199,30.05,8.99,0.1,90.15
23200,181.86,50.92,0.0,1273.02
23201,15.23,-18.79,0.7,30.46
23202,2244.48,493.79,0.0,15711.36
23203,3359.95,1049.99,0.2,20159.699999999997
23204,10.57,-13.49,0.6,10.57
23205,39.98,-13.38,0.4,159.92
23206,348.21,30.47,0.2,2437.47
23207,79.36,20.63,0.0,317.44
23208,15.48,2.61,0.0,15.48
23209,12.35,-9.49,0.7,24.7
23210,4.7,-4.54,0.7,9.4
23211,16.98,8.49,0.0,16.98
23212,12.9,6.32,0.0,25.8
23213,67.98,14.96,0.0,135.96
23214,8.46,3.21,0.0,8.46
23215,10.08,1.68,0.0,20.16
23216,44.8,20.1,0.0,224.0
23217,44.4,10.56,0.0,177.6
23218,15.62,-5.09,0.5,46.86
23219,17.01,7.14,0.0,17.01
23220,14.04,5.04,0.0,28.08
23221,18.97,9.11,0.0,18.97
23222,54.24,20.61,0.0,54.24
23223,12.47,5.54,0.1,12.47
23224,387.14,-14.52,0.2,1548.56
23225,563.94,112.79,0.0,1691.8200000000002
23226,100.79,6.3,0.2,100.79
23227,13.05,4.68,0.0,13.05
23228,9.99,3.66,0.1,9.99
23229,31.56,10.41,0.0,94.67999999999999
23230,35.88,17.58,0.0,215.28000000000003
23231,12.06,-1.98,0.5,36.18
23232,19.99,6.8,0.0,19.99
23233,101.88,50.94,0.0,611.28
23234,339.96,67.99,0.2,1699.8
23235,11.45,-4.75,0.47,22.9
23236,67.14,25.18,0.2,268.56
23237,114.85,35.89,0.2,459.4
23238,19.55,-15.16,0.6,19.55
23239,7.22,-1.84,0.6,14.44
23240,14.7,2.94,0.0,14.7
23241,91.68,45.84,0.0,275.04
23242,3.74,-2.62,0.7,14.96
23243,8.0,1.2,0.0,16.0
23244,29.66,-0.04,0.4,88.98
23245,15.94,5.18,0.2,63.76
23246,727.45,-465.57,0.5,3637.25
23247,24.0,0.96,0.0,48.0
23248,720.76,54.06,0.2,3603.8
23249,75.88,35.66,0.0,151.76
23250,158.38,13.86,0.2,475.14
23251,102.84,9.24,0.0,205.68
23252,65.58,23.77,0.2,131.16
23253,33.93,13.89,0.0,33.93
23254,15.84,1.26,0.0,15.84
23255,328.59,-147.87,0.4,985.77
23256,96.53,40.54,0.0,675.71
23257,71.98,9.0,0.2,215.94
23258,67.92,6.79,0.2,339.6
23259,10.08,-0.84,0.5,20.16
23260,59.48,8.92,0.0,118.96
23261,8.55,1.11,0.0,8.55
23262,25.92,12.44,0.0,103.68
23263,19.15,6.46,0.2,57.449999999999996
23264,14.02,-10.76,0.7,14.02
23265,20.16,0.99,0.0,20.16
23266,14.61,4.8,0.0,14.61
23267,52.56,24.12,0.0,315.36
23268,7.56,0.3,0.0,45.36
23269,6.34,2.2,0.0,6.34
23270,4.39,-2.75,0.6,4.39
23271,11.61,5.49,0.0,34.83
23272,13.83,3.3,0.0,13.83
23273,5.33,-2.69,0.5,5.33
23274,21.68,6.04,0.0,43.36
23275,1141.47,-760.98,0.7,5707.35
23276,17.58,7.68,0.0,52.739999999999995
23277,15.41,-5.79,0.6,15.41
23278,111.72,45.72,0.0,446.88
23279,4305.55,1453.12,0.2,25833.300000000003
23280,24.35,-19.57,0.45,97.4
23281,23.08,-11.96,0.4,46.16
23282,1478.27,92.39,0.2,11826.16
23283,665.88,13.32,0.0,3995.2799999999997
23284,447.84,11.2,0.2,2239.2
23285,10.95,4.26,0.0,10.95
23286,359.88,22.49,0.2,1079.6399999999999
23287,26.46,-53.82,0.7,26.46
23288,15.36,-3.84,0.6,30.72
23289,77.58,20.17,0.0,698.22
23290,11.85,5.55,0.0,11.85
23291,239.97,86.39,0.0,719.91
23292,79.14,36.4,0.0,237.42000000000002
23293,58.46,-146.16,0.8,526.14
23294,14.52,4.62,0.0,14.52
23295,14.21,-4.87,0.47,42.63
23296,20.87,-3.79,0.17,41.74
23297,11.23,-15.17,0.6,22.46
23298,683.95,42.75,0.2,2051.8500000000004
23299,603.54,18.06,0.0,1207.08
23300,172.75,60.46,0.2,1036.5
23301,48.9,11.7,0.0,489.0
23302,60.12,28.86,0.0,541.0799999999999
23303,24.19,7.56,0.2,217.71
23304,18.17,-10.0,0.6,18.17
23305,18.9,9.07,0.0,113.39999999999999
23306,83.98,-13.65,0.2,251.94
23307,29.3,12.8,0.0,146.5
23308,58.3,15.1,0.0,291.5
23309,16.48,3.44,0.0,32.96
23310,40.74,18.72,0.0,81.48
23311,6.56,1.9,0.0,13.12
23312,2249.91,517.48,0.0,20249.19
23313,499.17,31.2,0.2,1996.68
23314,36.51,5.46,0.0,36.51
23315,31.4,10.05,0.0,157.0
23316,60.14,20.3,0.2,360.84000000000003
23317,31.43,-2.47,0.1,62.86
23318,19.78,0.38,0.0,19.78
23319,10.32,0.88,0.0,41.28
23320,7.56,0.36,0.4,7.56
23321,383.8,38.38,0.2,1919.0
23322,73.78,-77.47,0.6,147.56
23323,60.35,19.92,0.0,301.75
23324,39.88,-29.24,0.7,279.16
23325,37.01,-6.13,0.27,74.02
23326,20.74,7.26,0.2,82.96
23327,14.69,5.99,0.1,29.38
23328,11.42,3.85,0.2,11.42
23329,46.59,-10.29,0.5,93.18
23330,3.3,1.12,0.2,3.3
23331,15.75,1.71,0.0,15.75
23332,595.0,95.2,0.0,2975.0
23333,13.5,5.4,0.0,13.5
23334,11.46,4.68,0.0,11.46
23335,25.28,5.8,0.0,50.56
23336,5.12,-1.64,0.4,5.12
23337,44.4,22.2,0.0,133.2
23338,31.16,-23.89,0.7,155.8
23339,15.54,0.0,0.0,31.08
23340,22.68,2.97,0.1,68.03999999999999
23341,22.77,9.79,0.0,68.31
23342,16.08,6.72,0.0,32.16
23343,16.52,2.07,0.2,82.6
23344,12.74,-11.75,0.5,12.74
23345,1056.86,158.53,0.0,7398.0199999999995
23346,13.2,-13.2,0.5,26.4
23347,199.3,-8.54,0.3,797.2
23348,13.38,5.07,0.0,13.38
23349,715.64,178.91,0.0,1431.28
23350,523.25,141.28,0.0,2616.25
23351,7.14,1.77,0.0,7.14
23352,313.49,113.64,0.2,2194.4300000000003
23353,146.95,9.18,0.2,440.84999999999997
23354,138.0,34.5,0.0,276.0
23355,23.46,10.74,0.0,46.92
23356,32.16,13.44,0.0,128.64
23357,7.96,-9.56,0.7,15.92
23358,9.06,3.84,0.0,18.12
23359,39.28,19.25,0.0,314.24
23360,56.28,8.4,0.0,225.12
23361,33.6,15.0,0.0,168.0
23362,11.43,2.73,0.0,11.43
23363,348.49,117.61,0.2,2439.4300000000003
23364,369.58,41.58,0.2,1108.74
23365,27.14,-12.94,0.6,54.28
23366,5.59,-1.55,0.6,11.18
23367,383.44,-167.32,0.45,1533.76
23368,92.52,24.98,0.0,555.12
23369,20.54,-16.45,0.6,20.54
23370,11.16,3.72,0.17,22.32
23371,210.84,103.31,0.0,843.36
23372,19.8,0.0,0.0,39.6
23373,7.07,-12.02,0.7,7.07
23374,16.38,-1.86,0.2,16.38
23375,25.09,7.45,0.2,175.63
23376,17.76,5.46,0.0,35.52
23377,29.76,-23.22,0.5,59.52
23378,468.9,206.32,0.0,2813.3999999999996
23379,8.43,-0.51,0.5,8.43
23380,398.35,124.49,0.2,1195.0500000000002
23381,72.78,0.0,0.2,72.78
23382,165.05,41.26,0.2,495.15000000000003
23383,35.18,12.31,0.2,70.36
23384,27.93,3.06,0.0,27.93
23385,15.51,0.45,0.0,15.51
23386,19.67,-2.39,0.5,19.67
23387,46.8,21.06,0.0,187.2
23388,2348.82,399.3,0.0,21139.38
23389,484.83,126.06,0.0,1454.49
23390,18.12,3.6,0.0,18.12
23391,706.86,197.92,0.0,4948.02
23392,383.96,38.4,0.2,1919.8
23393,10.74,3.75,0.0,10.74
23394,14.04,3.06,0.0,14.04
23395,301.96,60.39,0.0,603.92
23396,334.88,29.3,0.2,1339.52
23397,10.86,5.1,0.0,32.58
23398,26.68,-6.26,0.4,53.36
23399,10.01,-5.03,0.5,10.01
23400,5.76,2.82,0.0,11.52
23401,9.98,-2.86,0.4,19.96
23402,19.2,5.76,0.0,19.2
23403,13.44,2.4,0.0,26.88
23404,24.53,-28.63,0.7,24.53
23405,40.32,18.48,0.0,161.28
23406,6.45,0.69,0.0,6.45
23407,35.17,8.35,0.2,140.68
23408,17.82,3.18,0.0,35.64
23409,58.54,3.88,0.4,175.62
23410,12.8,-6.8,0.6,64.0
23411,18.24,-4.14,0.2,54.72
23412,54.18,10.26,0.0,162.54
23413,26.32,11.28,0.0,52.64
23414,142.18,-37.92,0.4,142.18
23415,56.78,20.58,0.2,397.46000000000004
23416,167.97,40.31,0.0,503.90999999999997
23417,9.91,-6.95,0.6,9.91
23418,27.76,9.99,0.0,111.04
23419,72.95,-2.44,0.1,510.65000000000003
23420,310.39,-512.15,0.8,1241.56
23421,8.33,-5.47,0.6,16.66
23422,30.3,2.1,0.0,90.9
23423,49.32,4.92,0.0,49.32
23424,17.92,8.6,0.0,71.68
23425,23.55,4.47,0.0,23.55
23426,9.3,-9.09,0.6,9.3
23427,31.97,-4.93,0.4,191.82
23428,49.74,11.91,0.0,49.74
23429,29.76,-2.88,0.47,119.04
23430,149.97,52.49,0.0,449.90999999999997
23431,16.42,-7.82,0.6,16.42
23432,172.76,13.44,0.1,345.52
23433,14.74,-11.72,0.47,44.22
23434,26.88,6.18,0.0,26.88
23435,23.39,-3.29,0.5,23.39
23436,10.74,4.29,0.0,10.74
23437,464.85,92.97,0.0,4183.650000000001
23438,199.8,71.93,0.0,1998.0
23439,19.77,8.28,0.0,19.77
23440,102.24,-16.61,0.2,408.96
23441,6.17,-8.47,0.7,12.34
23442,10.41,3.51,0.0,10.41
23443,35.64,7.11,0.0,106.92
23444,55.92,6.29,0.2,279.6
23445,23.47,7.63,0.2,70.41
23446,25.32,-28.71,0.7,25.32
23447,6.21,2.17,0.2,12.42
23448,12.69,4.92,0.0,12.69
23449,13.2,3.54,0.0,13.2
23450,6.54,2.16,0.0,19.62
23451,77.24,7.72,0.2,386.2
23452,2154.9,129.29,0.0,10774.5
23453,47.35,-60.41,0.6,94.7
23454,13.68,4.08,0.0,13.68
23455,944.93,236.23,0.0,6614.509999999999
23456,538.92,80.84,0.0,4850.28
23457,16.05,1.59,0.0,16.05
23458,8.34,2.28,0.0,16.68
23459,83.9,20.98,0.0,839.0
23460,55.99,3.5,0.2,55.99
23461,28.84,7.33,0.1,86.52
23462,24.0,0.96,0.0,48.0
23463,14.43,7.05,0.0,14.43
23464,29.97,0.3,0.0,89.91
23465,35.98,10.07,0.0,71.96
23466,39.42,2.34,0.0,78.84
23467,57.6,17.28,0.0,172.8
23468,13.39,-7.73,0.6,53.56
23469,9.7,-7.11,0.7,29.099999999999998
23470,14.71,-14.75,0.7,29.42
23471,12.36,3.45,0.0,12.36
23472,7.17,-15.57,0.7,7.17
23473,10.05,-1.65,0.2,10.05
23474,8.3,1.02,0.2,8.3
23475,27.7,6.92,0.2,27.7
23476,19.54,7.23,0.0,39.08
23477,10.27,3.21,0.2,30.81
23478,8.82,2.64,0.0,17.64
23479,11.67,3.6,0.0,11.67
23480,14.04,0.24,0.0,28.08
23481,160.93,3.22,0.0,1126.51
23482,344.37,-93.47,0.3,1377.48
23483,37.08,16.65,0.0,111.24
23484,22.86,8.22,0.0,45.72
23485,79.29,7.11,0.0,237.87
23486,45.69,7.29,0.0,45.69
23487,12.85,2.56,0.1,12.85
23488,999.98,449.99,0.0,1999.96
23489,66.84,2.64,0.0,267.36
23490,63.97,19.99,0.2,127.94
23491,14.43,7.05,0.0,14.43
23492,826.11,322.18,0.0,2478.33
23493,43.17,3.81,0.1,43.17
23494,26.4,11.88,0.0,132.0
23495,16.68,4.56,0.0,66.72
23496,22.47,0.0,0.0,22.47
23497,14.7,-8.82,0.5,29.4
23498,57.41,5.74,0.2,344.46
23499,26.4,8.4,0.0,105.6
23500,14.0,3.08,0.0,28.0
23501,14.14,-1.26,0.2,28.28
23502,28.86,7.74,0.0,86.58
23503,27.72,7.44,0.0,83.16
23504,33.24,5.28,0.0,66.48
23505,25.82,-20.02,0.47,51.64
23506,15.24,5.18,0.0,45.72
23507,5.9,1.99,0.2,11.8
23508,22.32,-7.74,0.45,66.96000000000001
23509,19.2,0.36,0.0,38.4
23510,22.01,1.55,0.17,44.02
23511,22.05,10.58,0.0,154.35
23512,43.94,6.04,0.2,175.76
23513,93.46,-17.52,0.2,280.38
23514,21.99,5.04,0.0,21.99
23515,17.53,-33.35,0.7,35.06
23516,5.18,-8.03,0.8,25.9
23517,7.98,0.84,0.0,15.96
23518,2.11,-3.38,0.8,4.22
23519,19.8,4.53,0.0,19.8
23520,604.66,204.07,0.2,5441.94
23521,25.44,6.06,0.0,76.32000000000001
23522,40.78,0.51,0.2,122.34
23523,11.99,0.9,0.2,11.99
23524,4.1,-4.81,0.7,4.1
23525,107.65,33.64,0.2,215.3
23526,9.91,-8.24,0.47,9.91
23527,117.47,17.66,0.27,352.40999999999997
23528,14.73,4.86,0.0,44.19
23529,14.83,-20.3,0.7,14.83
23530,12.21,-0.45,0.45,24.42
23531,17.28,5.01,0.0,103.68
23532,17.49,6.12,0.0,17.49
23533,20.07,5.13,0.0,60.21
23534,7.38,-5.41,0.7,36.9
23535,9.28,1.2,0.0,18.56
23536,7.38,0.88,0.0,7.38
23537,11.44,3.08,0.0,22.88
23538,37.8,-15.12,0.4,113.39999999999999
23539,15.82,-7.94,0.4,31.64
23540,40.74,14.77,0.2,81.48
23541,10.17,4.56,0.0,10.17
23542,38.02,13.78,0.2,228.12
23543,9.51,0.75,0.0,9.51
23544,98.46,39.36,0.0,196.92
23545,7.83,3.21,0.0,7.83
23546,14.35,5.2,0.2,43.05
23547,17.52,8.04,0.0,35.04
23548,25.62,7.14,0.0,51.24
23549,187.76,76.98,0.0,751.04
23550,16.8,3.66,0.0,33.6
23551,359.32,7.19,0.0,1437.28
23552,71.88,32.35,0.0,143.76
23553,191.97,16.8,0.2,1343.79
23554,213.12,-15.22,0.3,1065.6
23555,36.44,12.03,0.0,145.76
23556,18.54,6.48,0.0,37.08
23557,13.38,5.07,0.0,13.38
23558,14.67,-32.79,0.7,14.67
23559,19.98,8.59,0.0,19.98
23560,12.48,0.99,0.0,12.48
23561,16.84,8.08,0.0,33.68
23562,12.18,4.38,0.0,36.54
23563,29.66,-2.62,0.2,177.96
23564,11.4,-1.92,0.5,45.6
23565,29.01,3.18,0.0,29.01
23566,40.87,-31.73,0.6,81.74
23567,25.26,0.48,0.0,50.52
23568,7.9,3.78,0.0,7.9
23569,25.42,9.4,0.0,25.42
23570,28.53,-21.69,0.5,85.59
23571,3610.85,135.41,0.2,43330.2
23572,1591.02,286.38,0.0,9546.119999999999
23573,17.04,4.26,0.0,17.04
23574,479.72,52.77,0.0,1918.88
23575,431.93,64.79,0.2,3887.37
23576,264.32,19.82,0.2,528.64
23577,124.03,44.96,0.2,496.12
23578,8.64,3.36,0.0,8.64
23579,10.71,-2.43,0.5,32.13
23580,9.25,3.35,0.2,18.5
23581,4367.9,327.59,0.2,56782.7
23582,786.74,-258.5,0.3,3146.96
23583,517.41,-81.31,0.3,2587.0499999999997
23584,13.96,-6.98,0.6,13.96
23585,614.0,-18.06,0.32,1842.0
23586,9.51,0.66,0.0,9.51
23587,40.26,10.44,0.0,80.52
23588,10.37,-3.31,0.4,20.74
23589,8.0,3.44,0.0,40.0
23590,21.59,-14.05,0.6,21.59
23591,1575.14,204.77,0.0,11025.980000000001
23592,19.0,-24.71,0.6,19.0
23593,490.32,137.29,0.0,4412.88
23594,11.25,2.01,0.0,11.25
23595,24.75,10.62,0.0,74.25
23596,512.36,-14.64,0.3,1537.08
23597,38.96,-12.5,0.47,194.8
23598,17.6,-22.88,0.6,70.4
23599,11.58,-4.06,0.4,11.58
23600,563.92,7.05,0.2,2819.6
23601,6.66,0.57,0.0,6.66
23602,9.29,-12.31,0.6,18.58
23603,25.0,8.59,0.1,25.0
23604,155.37,-13.32,0.3,310.74
23605,4.36,-2.3,0.6,4.36
23606,10.74,3.96,0.0,10.74
23607,16.68,4.34,0.0,100.08
23608,630.02,-199.51,0.4,2520.08
23609,5.7,2.37,0.0,5.7
23610,239.84,64.76,0.0,1918.72
23611,79.4,5.96,0.2,397.0
23612,6.84,-4.02,0.5,13.68
23613,18.81,-1.26,0.4,18.81
23614,159.98,14.0,0.2,319.96
23615,10.08,4.62,0.0,10.08
23616,45.98,19.77,0.0,91.96
23617,50.8,13.21,0.0,254.0
23618,19.57,-14.69,0.6,19.57
23619,122.14,-13.74,0.2,366.42
23620,35.87,-8.18,0.25,71.74
23621,35.06,10.52,0.0,70.12
23622,88.78,7.77,0.2,266.34000000000003
23623,5.7,2.37,0.0,5.7
23624,44.75,20.59,0.0,223.75
23625,82.27,18.49,0.2,246.81
23626,11.88,0.57,0.4,11.88
23627,39.07,-44.99,0.6,78.14
23628,13.14,5.22,0.0,26.28
23629,20.88,6.24,0.0,20.88
23630,33.24,12.24,0.0,66.48
23631,10.55,-5.02,0.6,10.55
23632,29.29,9.67,0.0,29.29
23633,63.88,24.91,0.0,255.52
23634,22.73,7.55,0.1,22.73
23635,12.96,6.22,0.0,25.92
23636,2003.92,-25.05,0.2,10019.6
23637,383.95,47.99,0.2,2303.7
23638,364.7,-36.47,0.2,2188.2
23639,5.3,-1.87,0.6,5.3
23640,26.49,4.74,0.0,26.49
23641,262.14,28.8,0.0,524.28
23642,18.01,7.6,0.1,18.01
23643,88.56,38.31,0.1,442.8
23644,15.06,6.9,0.0,45.18
23645,33.28,-49.92,0.8,166.4
23646,58.24,5.1,0.2,291.2
23647,11.86,-11.12,0.7,23.72
23648,6.85,0.6,0.2,13.7
23649,1369.76,-913.18,0.7,8218.56
23650,1335.68,-217.05,0.2,5342.72
23651,44.82,1.26,0.0,134.46
23652,16.02,-22.05,0.6,16.02
23653,105.52,48.54,0.0,422.08
23654,18.96,-22.77,0.6,18.96
23655,17.92,1.12,0.2,89.60000000000001
23656,18.68,-8.14,0.4,56.04
23657,31.84,-9.6,0.4,222.88
23658,1004.98,-175.87,0.2,6029.88
23659,49.79,-11.83,0.2,398.32
23660,14.64,7.14,0.0,29.28
23661,120.06,20.4,0.0,120.06
23662,1399.93,601.97,0.0,9799.51
23663,135.99,36.72,0.0,135.99
23664,25.06,11.78,0.0,50.12
23665,5.82,0.68,0.0,5.82
23666,1266.86,291.38,0.0,8868.019999999999
23667,13.56,-15.27,0.6,13.56
23668,155.25,46.58,0.0,465.75
23669,617.7,-407.68,0.5,3706.2000000000003
23670,479.97,177.59,0.0,1439.91
23671,114.2,52.53,0.0,571.0
23672,50.0,12.0,0.0,100.0
23673,13.62,6.48,0.0,40.86
23674,399.95,143.98,0.0,1999.75
23675,356.85,60.66,0.0,1784.25
23676,15.33,0.75,0.0,15.33
23677,15.64,5.78,0.0,15.64
23678,39.1,15.6,0.0,195.5
23679,13.07,-13.41,0.6,26.14
23680,8.47,-4.41,0.4,16.94
23681,23.43,-8.97,0.45,93.72
23682,22.46,-17.99,0.7,22.46
23683,3.0,1.05,0.2,3.0
23684,604.75,37.8,0.2,3628.5
23685,323.14,12.12,0.2,1292.56
23686,10.08,4.62,0.0,10.08
23687,226.2,61.05,0.0,1131.0
23688,301.96,33.22,0.0,603.92
23689,11.25,-8.19,0.45,22.5
23690,89.95,43.18,0.0,449.75
23691,146.04,-12.78,0.2,146.04
23692,21.54,6.0,0.0,43.08
23693,9.91,1.24,0.2,29.73
23694,8.96,2.78,0.0,17.92
23695,4.46,0.33,0.2,4.46
23696,8.75,-11.98,0.7,8.75
23697,27.39,-55.71,0.7,27.39
23698,25.49,-8.41,0.27,50.98
23699,20.16,9.0,0.0,60.480000000000004
23700,100.94,33.31,0.0,706.5799999999999
23701,25.06,11.78,0.0,50.12
23702,10.53,2.82,0.0,10.53
23703,35.62,-6.83,0.47,178.1
23704,23.98,2.08,0.1,47.96
23705,17.88,6.06,0.0,17.88
23706,5.91,0.51,0.0,5.91
23707,23.88,11.22,0.0,143.28
23708,180.96,81.43,0.0,361.92
23709,39.2,17.36,0.1,156.8
23710,83.76,1.68,0.0,1005.1200000000001
23711,1573.49,196.69,0.2,11014.43
23712,155.82,42.07,0.0,1090.74
23713,31.56,10.41,0.0,94.67999999999999
23714,1.19,-0.99,0.7,2.38
23715,11.28,2.01,0.0,11.28
23716,399.54,-79.91,0.4,799.08
23717,28.06,-25.28,0.7,56.12
23718,211.96,8.48,0.0,847.84
23719,133.2,66.6,0.0,1198.8
23720,198.0,65.28,0.0,792.0
23721,28.02,10.32,0.0,56.04
23722,33.42,10.98,0.0,66.84
23723,191.82,61.38,0.0,575.46
23724,24.96,1.98,0.0,49.92
23725,38.16,19.08,0.0,114.47999999999999
23726,21.48,4.26,0.0,42.96
23727,19.14,4.2,0.0,19.14
23728,31.8,13.67,0.0,95.4
23729,31.72,-7.94,0.4,95.16
23730,15.91,-8.27,0.4,47.730000000000004
23731,25.8,-14.2,0.4,129.0
23732,19.08,8.52,0.0,114.47999999999999
23733,8.6,3.6,0.0,17.2
23734,20.34,0.78,0.0,61.019999999999996
23735,28.16,1.12,0.0,56.32
23736,36.0,8.2,0.0,180.0
23737,197.97,53.45,0.0,593.91
23738,232.88,17.47,0.2,1164.4
23739,28.51,-0.65,0.1,57.02
23740,64.38,8.05,0.2,64.38
23741,46.71,16.74,0.0,140.13
23742,115.84,54.44,0.0,926.72
23743,11.2,-5.99,0.4,11.2
23744,26.82,5.85,0.0,80.46000000000001
23745,37.08,-4.5,0.5,111.24
23746,9.06,4.5,0.0,18.12
23747,11.4,2.82,0.0,22.8
23748,15.18,0.3,0.0,15.18
23749,67.86,0.0,0.0,135.72
23750,95.22,37.98,0.0,571.3199999999999
23751,23.82,2.85,0.0,23.82
23752,34.44,12.36,0.0,68.88
23753,7.42,-2.6,0.6,14.84
23754,568.73,28.44,0.2,1706.19
23755,158.38,13.86,0.2,475.14
23756,166.68,34.98,0.0,166.68
23757,17.76,-16.08,0.6,71.04
23758,31.98,2.0,0.2,63.96
23759,14.69,0.11,0.1,29.38
23760,15.48,2.61,0.0,15.48
23761,39.32,16.88,0.0,78.64
23762,24.45,8.86,0.2,48.9
23763,34.35,-11.1,0.5,171.75
23764,25.14,9.3,0.0,75.42
23765,32.12,15.72,0.0,64.24
23766,12.72,6.36,0.0,12.72
23767,23.92,11.72,0.0,95.68
23768,26.4,-23.16,0.6,105.6
23769,34.37,16.84,0.0,240.58999999999997
23770,4.88,-7.33,0.6,4.88
23771,23.47,-8.45,0.47,46.94
23772,128.4,62.92,0.0,385.20000000000005
23773,15.99,-3.0,0.2,15.99
23774,10.53,2.4,0.0,10.53
23775,24.12,6.72,0.0,48.24
23776,279.86,64.37,0.0,3918.04
23777,39.48,11.05,0.0,39.48
23778,26.88,9.9,0.0,53.76
23779,13.11,0.9,0.0,13.11
23780,47.97,14.87,0.0,143.91
23781,44.84,-5.2,0.47,269.04
23782,12.24,0.48,0.0,24.48
23783,29.01,3.18,0.0,29.01
23784,139.44,47.06,0.2,418.32
23785,30.3,4.2,0.0,60.6
23786,10.68,-8.55,0.6,10.68
23787,114.2,52.53,0.0,571.0
23788,19.39,-2.15,0.1,38.78
23789,5.71,0.85,0.4,5.71
23790,5.09,-11.41,0.7,5.09
23791,23.06,5.84,0.1,46.12
23792,68.64,17.16,0.0,755.04
23793,52.59,15.78,0.0,157.77
23794,45.58,5.13,0.2,319.06
23795,21.98,-56.06,0.8,131.88
23796,68.52,31.52,0.0,205.56
23797,10.4,-14.92,0.7,20.8
23798,9.15,2.22,0.1,9.15
23799,511.84,240.56,0.0,4094.72
23800,22.29,10.68,0.0,22.29
23801,4.93,-1.48,0.6,19.72
23802,11.68,4.2,0.0,23.36
23803,12.87,5.4,0.0,12.87
23804,2735.95,341.99,0.2,16415.699999999997
23805,697.16,8.71,0.2,3485.7999999999997
23806,332.94,79.91,0.0,998.8199999999999
23807,191.52,-76.61,0.45,191.52
23808,251.64,88.07,0.2,754.92
23809,133.12,49.92,0.2,665.6
23810,55.38,4.38,0.0,110.76
23811,19.44,9.33,0.0,58.32000000000001
23812,21.93,10.31,0.0,65.78999999999999
23813,31.32,-25.06,0.7,313.2
23814,23.4,7.23,0.0,23.4
23815,5.35,1.61,0.2,16.049999999999997
23816,6.66,0.57,0.0,6.66
23817,1781.68,-653.28,0.4,12471.76
23818,465.16,120.94,0.0,930.32
23819,1628.82,374.63,0.0,14659.38
23820,362.25,0.0,0.3,2173.5
23821,11.06,-6.4,0.6,22.12
23822,22.46,-0.04,0.4,67.38
23823,43.56,-20.94,0.5,87.12
23824,89.97,37.79,0.0,269.90999999999997
23825,98.35,34.42,0.2,295.04999999999995
23826,58.72,27.01,0.0,234.88
23827,33.29,7.99,0.0,33.29
23828,31.1,10.89,0.2,186.60000000000002
23829,41.58,4.68,0.2,83.16
23830,14.34,0.9,0.2,57.36
23831,16.18,6.07,0.2,48.54
23832,459.95,18.4,0.0,2299.75
23833,332.83,-24.96,0.2,1331.32
23834,28.03,3.85,0.2,56.06
23835,102.34,-12.79,0.2,409.36
23836,371.17,41.76,0.2,1484.68
23837,78.12,37.44,0.0,234.36
23838,7.49,2.41,0.2,14.98
23839,35.09,4.09,0.4,70.18
23840,56.76,24.96,0.0,170.28
23841,4.64,-2.44,0.4,13.919999999999998
23842,6.99,0.84,0.1,6.99
23843,7.06,2.21,0.2,21.18
23844,237.1,20.75,0.2,711.3
23845,2.81,-1.69,0.6,2.81
23846,11.28,-7.36,0.4,22.56
23847,14.11,1.23,0.2,84.66
23848,4.1,-3.52,0.6,4.1
23849,519.79,-112.62,0.4,2079.16
23850,659.9,217.77,0.0,1319.8
23851,115.3,40.35,0.2,345.9
23852,17.88,6.06,0.0,17.88
23853,27.83,-2.18,0.47,139.14999999999998
23854,4.8,-6.72,0.6,4.8
23855,4.43,-7.99,0.7,4.43
23856,40.26,8.04,0.0,80.52
23857,27.68,12.72,0.0,110.72
23858,21.14,-0.38,0.4,42.28
23859,13.56,0.52,0.0,27.12
23860,12.62,-11.2,0.47,12.62
23861,227.46,65.96,0.0,1364.76
23862,15.48,0.24,0.4,30.96
23863,8.14,-4.9,0.4,16.28
23864,25.67,3.83,0.4,77.01
23865,6.72,-1.24,0.4,6.72
23866,22.1,-24.88,0.6,44.2
23867,255.11,-18.22,0.3,1530.66
23868,254.6,-18.19,0.3,3564.4
23869,48.36,1.05,0.1,48.36
23870,236.88,66.33,0.0,1421.28
23871,76.41,2.97,0.0,229.23
23872,107.94,30.22,0.0,647.64
23873,12.35,-16.93,0.7,49.4
23874,113.82,53.5,0.0,341.46
23875,26.01,10.38,0.0,26.01
23876,10.32,-4.41,0.6,10.32
23877,8.13,-5.43,0.7,8.13
23878,99.14,8.67,0.2,396.56
23879,131.1,8.19,0.2,262.2
23880,39.98,-1.5,0.2,79.96
23881,10.37,3.63,0.2,20.74
23882,4.0,-3.86,0.7,4.0
23883,18.36,-6.3,0.5,55.08
23884,10.53,2.4,0.0,10.53
23885,8.54,-7.48,0.6,17.08
23886,22.18,3.28,0.2,66.53999999999999
23887,20.76,2.88,0.0,41.52
23888,29.52,11.76,0.0,88.56
23889,65.12,29.92,0.0,520.96
23890,29.23,-2.45,0.4,116.92
23891,20.82,7.02,0.0,41.64
23892,7.19,-16.33,0.7,7.19
23893,26.82,5.85,0.0,80.46000000000001
23894,13.14,-1.08,0.5,39.42
23895,8.07,2.07,0.0,8.07
23896,16.74,4.35,0.0,33.48
23897,7.75,2.81,0.2,23.25
23898,762.59,-1143.89,0.8,2287.77
23899,30.56,3.32,0.1,122.24
23900,368.91,180.77,0.0,3320.19
23901,9.0,-12.6,0.6,9.0
23902,276.6,30.42,0.0,276.6
23903,209.6,96.42,0.0,838.4
23904,15.9,0.3,0.0,31.8
23905,12.78,-3.42,0.4,25.56
23906,22.82,2.54,0.1,22.82
23907,1114.4,376.11,0.2,7800.800000000001
23908,515.88,113.49,0.0,3095.2799999999997
23909,725.84,210.49,0.0,2903.36
23910,226.56,63.44,0.0,1359.3600000000001
23911,305.01,76.25,0.0,2745.09
23912,21.78,-0.06,0.5,87.12
23913,683.14,0.0,0.3,2732.56
23914,19.76,-17.8,0.6,19.76
23915,27.27,4.62,0.0,27.27
23916,12.57,1.62,0.0,12.57
23917,8.73,2.7,0.0,8.73
23918,9.32,2.7,0.0,37.28
23919,40.74,15.48,0.0,122.22
23920,9.02,-4.82,0.4,18.04
23921,28.12,3.64,0.0,56.24
23922,20.68,5.56,0.0,41.36
23923,16.74,0.66,0.0,50.22
23924,4.53,2.25,0.0,4.53
23925,26.58,0.78,0.0,53.16
23926,15.62,-25.0,0.8,31.24
23927,10.26,3.99,0.0,10.26
23928,18.27,-0.03,0.5,36.54
23929,14.91,4.62,0.0,44.730000000000004
23930,410.35,-51.29,0.2,1231.0500000000002
23931,362.92,105.25,0.0,725.84
23932,127.98,25.6,0.2,255.96
23933,52.59,12.6,0.0,52.59
23934,70.12,21.04,0.0,280.48
23935,16.68,-13.68,0.5,33.36
23936,20.67,-8.97,0.47,82.68
23937,91.59,42.13,0.0,274.77
23938,75.36,20.72,0.2,376.8
23939,27.05,-18.07,0.7,54.1
23940,29.9,13.46,0.0,149.5
23941,8.28,-16.56,0.7,16.56
23942,26.4,4.44,0.0,52.8
23943,3.81,-3.06,0.7,3.81
23944,17.52,5.43,0.0,17.52
23945,24.84,11.67,0.0,24.84
23946,24.75,9.84,0.17,24.75
23947,474.43,199.26,0.0,5218.7300000000005
23948,239.97,67.19,0.0,719.91
23949,181.35,48.96,0.0,1632.1499999999999
23950,4.5,-4.5,0.5,4.5
23951,5.26,-6.83,0.7,5.26
23952,252.8,-31.6,0.2,1011.2
23953,13.2,0.0,0.0,13.2
23954,3.55,-0.15,0.2,3.55
23955,30.02,10.64,0.1,60.04
23956,6.16,2.96,0.0,12.32
23957,17.1,-16.26,0.6,17.1
23958,17.19,-2.07,0.5,51.57000000000001
23959,35.88,16.15,0.0,215.28000000000003
23960,5.72,-6.32,0.7,5.72
23961,263.96,42.89,0.2,263.96
23962,290.35,-36.29,0.2,871.0500000000001
23963,18.76,9.0,0.0,37.52
23964,31.95,2.24,0.0,31.95
23965,17.88,4.8,0.0,17.88
23966,2.21,-1.48,0.7,6.63
23967,18.09,0.54,0.0,54.269999999999996
23968,4.2,-5.76,0.7,4.2
23969,3.2,-3.16,0.7,6.4
23970,17.71,-0.41,0.1,35.42
23971,6.12,0.24,0.0,6.12
23972,6.66,0.54,0.15,6.66
23973,19.46,5.06,0.0,136.22
23974,647.84,32.39,0.0,5182.72
23975,102.93,48.38,0.0,308.79
23976,99.2,25.79,0.0,496.0
23977,37.38,7.48,0.2,299.04
23978,11.88,2.37,0.0,11.88
23979,13.9,-20.39,0.7,13.9
23980,16.02,0.63,0.0,16.02
23981,2.3,-3.9,0.8,4.6
23982,199.99,86.0,0.0,199.99
23983,93.98,13.16,0.0,187.96
23984,45.98,12.87,0.0,91.96
23985,17.06,-7.52,0.5,51.17999999999999
23986,8.26,3.88,0.0,16.52
23987,20.1,1.76,0.2,20.1
23988,13.56,-15.27,0.6,13.56
23989,4.53,2.25,0.0,4.53
23990,2.27,-1.15,0.6,2.27
23991,7.36,-0.86,0.47,7.36
23992,3.57,-5.49,0.7,3.57
23993,3.62,-5.08,0.7,3.62
23994,3404.5,1668.21,0.0,17022.5
23995,21.48,5.76,0.0,42.96
23996,51.52,-10.95,0.2,257.6
23997,16.5,4.11,0.0,16.5
23998,19.08,-16.2,0.47,76.32
23999,19.99,6.8,0.0,19.99
24000,22.72,10.22,0.0,90.88
24001,4.35,-10.02,0.7,4.35
24002,13.86,-20.79,0.6,13.86
24003,18.69,8.58,0.0,18.69
24004,6.19,-7.85,0.6,24.76
24005,4.89,2.0,0.0,4.89
24006,2.31,-1.93,0.7,2.31
24007,1704.96,272.52,0.0,20459.52
24008,772.47,146.77,0.0,2317.41
24009,4.45,-5.93,0.6,4.45
24010,1252.7,-480.2,0.4,10021.6
24011,304.99,-533.73,0.8,1524.95
24012,355.46,-184.84,0.5,1066.3799999999999
24013,6.03,1.86,0.0,6.03
24014,5.76,-7.92,0.6,5.76
24015,195.68,50.88,0.0,782.72
24016,18.66,7.26,0.0,55.980000000000004
24017,35.52,4.96,0.0,71.04
24018,17.43,8.02,0.0,52.29
24019,33.6,2.68,0.0,67.2
24020,23.2,7.6,0.0,92.8
24021,6.41,-3.97,0.4,19.23
24022,32.04,-10.44,0.6,96.12
24023,4.36,1.52,0.0,4.36
24024,21.0,10.08,0.0,42.0
24025,379.4,178.32,0.0,3794.0
24026,22.76,8.64,0.0,45.52
24027,7.01,-6.31,0.6,7.01
24028,23.4,3.12,0.4,70.19999999999999
24029,47.79,16.25,0.0,143.37
24030,19.44,9.33,0.0,58.32000000000001
24031,78.35,36.82,0.0,391.75
24032,6.82,-10.7,0.7,13.64
24033,5.71,-7.01,0.6,5.71
24034,19.65,6.63,0.2,39.3
24035,10.5,2.94,0.0,52.5
24036,6.87,-10.65,0.8,48.09
24037,21.42,8.28,0.0,64.26
24038,11.67,3.6,0.0,11.67
24039,431.98,-75.6,0.2,1295.94
24040,88.1,28.37,0.1,88.1
24041,3.23,-7.03,0.7,3.23
24042,26.64,-12.84,0.5,53.28
24043,52.04,-71.14,0.7,52.04
24044,26.4,0.48,0.0,52.8
24045,29.6,0.2,0.0,148.0
24046,18.96,-6.18,0.6,56.88
24047,8.82,0.0,0.0,17.64
24048,12.26,-16.9,0.6,24.52
24049,10.65,2.64,0.0,10.65
24050,73.44,-7.38,0.5,220.32
24051,5.3,-1.87,0.6,5.3
24052,26.94,12.39,0.0,26.94
24053,18.9,8.69,0.0,56.699999999999996
24054,1619.91,97.19,0.0,14579.19
24055,783.96,219.51,0.0,3135.84
24056,13.32,5.46,0.0,13.32
24057,323.98,36.45,0.2,971.94
24058,13.95,3.87,0.0,41.849999999999994
24059,38.16,17.91,0.0,38.16
24060,107.97,22.67,0.0,323.90999999999997
24061,5.94,0.0,0.0,17.82
24062,23.64,0.84,0.0,94.56
24063,3.48,-7.32,0.7,3.48
24064,15.92,2.79,0.2,79.6
24065,7.16,-6.7,0.7,14.32
24066,10.27,3.21,0.2,30.81
24067,22.8,0.42,0.0,45.6
24068,6.44,-4.36,0.6,6.44
24069,61.58,-6.93,0.2,61.58
24070,11.61,-3.99,0.47,23.22
24071,12.96,6.22,0.0,25.92
24072,579.14,21.72,0.2,2316.56
24073,698.64,209.52,0.0,2794.56
24074,6.46,-6.95,0.6,6.46
24075,52.79,4.62,0.2,52.79
24076,1537.07,0.0,0.3,13833.63
24077,17.52,5.43,0.0,17.52
24078,16.56,0.99,0.0,16.56
24079,20.11,-1.01,0.4,80.44
24080,22.08,0.0,0.0,66.24
24081,31.6,15.12,0.0,126.4
24082,6.71,-14.59,0.7,20.13
24083,3.49,-1.65,0.4,3.49
24084,159.98,44.0,0.2,319.96
24085,2.78,1.36,0.0,2.78
24086,2549.99,-3399.98,0.7,12749.949999999999
24087,260.37,-132.27,0.37,260.37
24088,155.37,-35.51,0.3,310.74
24089,212.94,57.49,0.0,638.8199999999999
24090,109.9,32.97,0.0,549.5
24091,9.54,-12.66,0.6,9.54
24092,141.96,35.49,0.0,283.92
24093,60.48,21.72,0.0,241.92
24094,17.88,-18.33,0.6,17.88
24095,5.06,-5.74,0.7,5.06
24096,8.74,-0.02,0.17,8.74
24097,30.54,14.94,0.0,30.54
24098,1931.96,-386.39,0.4,13523.720000000001
24099,3.44,-5.05,0.7,3.44
24100,217.58,19.04,0.2,435.16
24101,1421.66,-195.48,0.2,8529.960000000001
24102,478.08,133.86,0.0,3824.64
24103,154.95,30.99,0.0,464.84999999999997
24104,6.62,1.91,0.1,6.62
24105,170.14,-8.51,0.2,510.41999999999996
24106,29.6,9.25,0.2,148.0
24107,30.78,0.0,0.0,61.56
24108,14.09,1.85,0.1,28.18
24109,552.56,-138.14,0.2,2762.7999999999997
24110,718.12,-71.81,0.3,4308.72
24111,19.98,9.57,0.0,19.98
24112,4.46,-2.87,0.5,4.46
24113,13.58,-4.42,0.6,27.16
24114,7.62,3.42,0.0,7.62
24115,453.6,90.72,0.2,1360.8000000000002
24116,11.41,-23.63,0.7,45.64
24117,5.85,-7.23,0.7,11.7
24118,53.82,24.22,0.0,484.38
24119,23.99,-62.38,0.8,47.98
24120,12.18,-3.06,0.6,12.18
24121,6.12,2.88,0.0,18.36
24122,3.62,1.19,0.0,7.24
24123,415.44,83.07,0.0,1246.32
24124,4.58,-2.77,0.6,4.58
24125,7.61,-9.4,0.7,7.61
24126,552.0,34.5,0.2,5520.0
24127,390.75,171.93,0.0,1953.75
24128,13.5,0.54,0.0,13.5
24129,15.42,1.05,0.0,15.42
24130,35.28,-10.71,0.4,246.96
24131,55.92,27.96,0.0,223.68
24132,5.93,-3.97,0.7,5.93
24133,15.01,5.83,0.1,15.01
24134,8.87,-15.7,0.7,8.87
24135,1158.12,335.85,0.0,4632.48
24136,229.54,83.21,0.2,1606.78
24137,40.18,14.56,0.2,120.53999999999999
24138,15.98,-0.82,0.4,63.92
24139,23.97,0.45,0.0,23.97
24140,10.8,1.62,0.0,10.8
24141,57.6,2.88,0.0,230.4
24142,4.55,-10.33,0.7,4.55
24143,52.2,23.49,0.0,469.8
24144,139.42,17.43,0.2,557.68
24145,21.12,-17.52,0.6,84.48
24146,8.33,-5.47,0.6,16.66
24147,125.68,-17.24,0.27,377.04
24148,36.58,-4.46,0.4,292.64
24149,16.78,4.2,0.0,33.56
24150,2.9,0.98,0.2,2.9
24151,29.01,3.18,0.0,29.01
24152,22.86,8.22,0.0,45.72
24153,208.16,56.2,0.0,208.16
24154,125.98,47.24,0.2,377.94
24155,14.28,1.56,0.0,14.28
24156,54.66,2.73,0.0,54.66
24157,99.39,40.75,0.0,298.17
24158,3.99,0.42,0.0,3.99
24159,7.92,-5.28,0.7,7.92
24160,13.48,-9.68,0.47,26.96
24161,235.15,-47.03,0.4,1881.2
24162,273.06,-104.67,0.4,546.12
24163,118.25,34.29,0.0,591.25
24164,6.03,1.86,0.0,6.03
24165,67.86,-45.24,0.7,407.15999999999997
24166,8.01,-6.39,0.47,24.03
24167,15.51,0.45,0.0,15.51
24168,20.32,6.91,0.0,81.28
24169,20.41,2.35,0.4,40.82
24170,8.82,-11.58,0.7,35.28
24171,81.44,-65.15,0.7,570.0799999999999
24172,15.66,0.3,0.0,15.66
24173,11.13,0.75,0.0,11.13
24174,11.46,5.5,0.0,11.46
24175,12.89,1.67,0.4,38.67
24176,5.18,-6.74,0.6,5.18
24177,10.19,-2.77,0.4,30.57
24178,24.98,-1.7,0.4,49.96
24179,22.22,1.94,0.2,66.66
24180,16.13,2.69,0.4,48.39
24181,16.9,-3.1,0.4,67.6
24182,6.5,2.72,0.0,6.5
24183,8.21,-2.35,0.4,24.630000000000003
24184,7.45,-3.91,0.6,7.45
24185,22.5,1.8,0.0,45.0
24186,692.47,190.43,0.2,7617.17
24187,9.54,4.08,0.0,19.08
24188,1403.92,70.2,0.2,7019.6
24189,8.23,-5.57,0.45,8.23
24190,259.9,-56.31,0.4,519.8
24191,135.99,36.72,0.0,135.99
24192,17.49,2.07,0.0,17.49
24193,6.98,-1.4,0.2,27.92
24194,12.54,5.88,0.0,25.08
24195,844.12,-36.18,0.3,5064.72
24196,2.35,-2.27,0.7,2.35
24197,715.2,178.8,0.0,2145.6000000000004
24198,356.94,107.08,0.0,713.88
24199,7.87,-8.69,0.6,7.87
24200,11.18,0.74,0.4,22.36
24201,27.6,-3.68,0.4,55.2
24202,13.64,-5.74,0.4,40.92
24203,15.58,3.31,0.2,46.74
24204,1801.63,-337.81,0.2,10809.78
24205,1085.42,282.21,0.0,7597.9400000000005
24206,14.55,3.18,0.0,14.55
24207,735.98,331.19,0.0,1471.96
24208,56.57,5.36,0.27,169.71
24209,4.8,2.19,0.0,4.8
24210,470.36,122.29,0.0,5173.96
24211,31.54,9.1,0.1,126.16
24212,254.9,68.82,0.0,1274.5
24213,11.43,4.11,0.0,11.43
24214,192.19,36.3,0.1,576.5699999999999
24215,22.04,10.32,0.0,44.08
24216,7.68,-3.08,0.4,7.68
24217,23.17,0.31,0.27,46.34
24218,7.66,-6.12,0.7,30.64
24219,27.06,8.34,0.0,54.12
24220,1001.58,125.2,0.2,2003.16
24221,13.2,-11.58,0.6,26.4
24222,1217.57,456.59,0.2,2435.14
24223,196.62,96.34,0.0,393.24
24224,225.3,22.53,0.2,450.6
24225,85.98,22.35,0.0,85.98
24226,47.14,15.82,0.17,141.42000000000002
24227,119.9,43.16,0.0,239.8
24228,7.62,3.42,0.0,7.62
24229,7.9,2.17,0.2,15.8
24230,4.1,-7.67,0.7,4.1
24231,105.52,48.54,0.0,422.08
24232,17.4,1.38,0.0,34.8
24233,4.41,0.0,0.0,4.41
24234,21.84,2.4,0.0,43.68
24235,14.97,5.37,0.0,14.97
24236,89.97,18.89,0.0,269.90999999999997
24237,273.92,99.3,0.2,2191.36
24238,207.14,48.33,0.1,621.42
24239,13.26,4.5,0.0,13.26
24240,5.24,-6.82,0.7,10.48
24241,4.33,-9.98,0.7,4.33
24242,20.64,4.74,0.0,61.92
24243,364.78,27.36,0.2,1094.34
24244,371.98,116.24,0.2,1115.94
24245,4.1,-6.71,0.7,4.1
24246,62.02,22.48,0.2,124.04
24247,81.12,-9.48,0.4,405.6
24248,5.86,1.02,0.2,5.86
24249,18.9,-34.02,0.7,56.699999999999996
24250,18.24,1.64,0.0,36.48
24251,116.28,56.98,0.0,348.84000000000003
24252,16.53,7.41,0.0,16.53
24253,105.52,48.54,0.0,422.08
24254,20.64,9.06,0.0,41.28
24255,4.97,-10.6,0.7,4.97
24256,9.54,4.44,0.0,19.08
24257,13.53,3.24,0.0,13.53
24258,1044.63,-295.98,0.4,5223.150000000001
24259,139.93,34.98,0.0,979.51
24260,117.88,1.31,0.1,117.88
24261,3.6,-4.14,0.6,3.6
24262,163.14,20.39,0.2,652.56
24263,162.89,76.56,0.0,2117.5699999999997
24264,6.84,1.41,0.0,6.84
24265,31.56,14.2,0.0,126.24
24266,8.52,3.82,0.0,8.52
24267,13.19,-21.13,0.7,13.19
24268,22.75,-8.53,0.6,136.5
24269,30.48,2.73,0.0,30.48
24270,41.9,14.14,0.2,251.39999999999998
24271,39.07,9.77,0.2,234.42000000000002
24272,28.17,3.36,0.0,28.17
24273,959.98,335.99,0.2,1919.96
24274,599.97,257.99,0.0,1799.91
24275,7.3,2.7,0.0,7.3
24276,215.98,-2.7,0.2,647.9399999999999
24277,11.04,-13.8,0.6,22.08
24278,152.8,76.4,0.0,764.0
24279,61.47,25.74,0.0,184.41
24280,26.4,8.7,0.0,52.8
24281,134.13,25.47,0.0,134.13
24282,25.02,6.51,0.0,75.06
24283,13.98,-4.5,0.47,13.98
24284,32.4,15.55,0.0,162.0
24285,33.05,2.9,0.1,99.14999999999999
24286,11.09,-8.13,0.7,77.63
24287,68.43,8.55,0.2,479.01000000000005
24288,11.87,-12.67,0.7,11.87
24289,15.7,5.1,0.2,47.099999999999994
24290,37.52,18.01,0.0,150.08
24291,15.42,-21.09,0.7,15.42
24292,17.62,-14.09,0.7,70.48
24293,20.4,-1.35,0.5,102.0
24294,20.07,9.42,0.0,20.07
24295,4.56,1.62,0.0,4.56
24296,26.35,-18.45,0.7,210.8
24297,19.44,9.33,0.0,58.32000000000001
24298,3812.97,1906.49,0.0,11438.91
24299,470.3,-87.34,0.3,3292.1
24300,116.78,21.9,0.2,233.56
24301,7.88,-4.0,0.4,15.76
24302,15.78,-24.21,0.7,15.78
24303,489.92,0.0,0.0,3919.36
24304,7.85,-10.51,0.7,31.4
24305,75.06,33.78,0.0,675.54
24306,30.56,1.64,0.1,61.12
24307,22.14,1.32,0.0,22.14
24308,15.42,-11.4,0.47,30.84
24309,8.96,0.86,0.17,8.96
24310,109.59,26.7,0.1,986.3100000000001
24311,159.98,36.0,0.2,319.96
24312,28.56,13.08,0.0,57.12
24313,15.1,-32.24,0.7,15.1
24314,3.71,-2.32,0.6,3.71
24315,66.3,8.62,0.0,198.89999999999998
24316,4.26,1.75,0.0,4.26
24317,2.37,0.83,0.2,4.74
24318,3863.88,1159.02,0.0,23183.28
24319,7.31,-7.33,0.7,7.31
24320,1403.92,70.2,0.2,7019.6
24321,523.48,130.87,0.0,2093.92
24322,7.81,-2.75,0.4,7.81
24323,153.58,13.44,0.2,307.16
24324,23.61,0.45,0.0,23.61
24325,77.55,21.71,0.0,387.75
24326,15.48,1.44,0.0,61.92
24327,21.94,-10.42,0.6,43.88
24328,12.36,3.45,0.0,12.36
24329,18.54,3.01,0.2,37.08
24330,2.85,-4.07,0.6,5.7
24331,13.2,-6.4,0.4,26.4
24332,15.14,-19.36,0.6,45.42
24333,112.52,51.72,0.0,225.04
24334,9.36,-5.46,0.4,9.36
24335,46.87,3.52,0.2,328.09
24336,28.99,8.27,0.2,115.96
24337,25.7,-17.14,0.4,51.4
24338,28.05,3.51,0.2,56.1
24339,9.25,3.35,0.2,18.5
24340,821.94,213.7,0.0,4931.64
24341,109.92,53.86,0.0,219.84
24342,4.8,2.19,0.0,4.8
24343,125.93,35.26,0.0,881.51
24344,6.12,0.24,0.0,6.12
24345,14.01,5.16,0.0,14.01
24346,31.01,11.24,0.2,31.01
24347,6.1,-0.02,0.4,12.2
24348,24.48,6.84,0.0,48.96
24349,9.52,2.94,0.0,9.52
24350,13.88,1.24,0.0,27.76
24351,5.08,2.02,0.0,5.08
24352,36.36,12.27,0.2,109.08
24353,10.37,3.63,0.2,20.74
24354,21.06,10.53,0.0,63.17999999999999
24355,2.66,-1.86,0.7,2.66
24356,8.93,-12.52,0.6,8.93
24357,74.35,26.95,0.2,223.04999999999998
24358,4.41,0.0,0.0,4.41
24359,6.43,-2.93,0.6,12.86
24360,11.13,4.11,0.0,11.13
24361,69.99,30.1,0.0,69.99
24362,20.96,6.81,0.2,83.84
24363,25.44,12.72,0.0,152.64000000000001
24364,20.74,7.26,0.2,82.96
24365,4.55,-8.51,0.7,4.55
24366,9.54,-0.72,0.47,19.08
24367,751.92,150.38,0.0,3007.68
24368,9.9,3.96,0.0,9.9
24369,97.26,-243.16,0.8,389.04
24370,35.76,9.6,0.0,71.52
24371,4.12,-4.97,0.7,4.12
24372,92.52,18.5,0.0,832.68
24373,21.42,3.42,0.0,42.84
24374,17.73,1.53,0.0,53.19
24375,3.32,-4.33,0.6,3.32
24376,22.53,10.8,0.0,22.53
24377,9.95,-18.31,0.7,19.9
24378,94.99,28.5,0.0,94.99
24379,71.98,15.12,0.0,143.96
24380,82.26,33.73,0.0,246.78000000000003
24381,46.53,13.03,0.0,139.59
24382,10.08,4.62,0.0,10.08
24383,519.68,58.46,0.2,3637.7599999999998
24384,714.3,207.15,0.0,3571.5
24385,73.54,9.19,0.2,294.16
24386,177.2,83.28,0.0,886.0
24387,720.06,-63.01,0.2,2880.24
24388,319.76,147.09,0.0,4476.639999999999
24389,419.14,-57.63,0.2,1676.56
24390,80.28,36.93,0.0,963.36
24391,113.89,9.97,0.2,227.78
24392,26.58,-7.08,0.47,53.16
24393,34.76,11.3,0.2,173.79999999999998
24394,146.35,49.39,0.2,439.04999999999995
24395,11.46,2.97,0.0,11.46
24396,25.92,12.44,0.0,103.68
24397,44.4,-52.17,0.6,88.8
24398,19.5,2.91,0.0,19.5
24399,9.91,3.22,0.2,29.73
24400,7.16,3.58,0.0,14.32
24401,15.9,3.48,0.0,47.7
24402,14.47,0.91,0.4,43.410000000000004
24403,16.48,3.44,0.0,32.96
24404,62.8,4.3,0.0,314.0
24405,91.44,42.96,0.0,1097.28
24406,10.4,3.92,0.0,20.8
24407,25.11,0.99,0.0,75.33
24408,68.52,31.52,0.0,205.56
24409,33.62,-90.77,0.8,168.1
24410,36.51,15.7,0.0,36.51
24411,123.72,33.36,0.0,494.88
24412,33.9,2.03,0.0,67.8
24413,25.23,6.03,0.0,25.23
24414,11.33,2.55,0.2,22.66
24415,10.74,5.26,0.0,32.22
24416,14.19,2.97,0.0,14.19
24417,8.55,1.11,0.0,8.55
24418,24.56,6.88,0.0,49.12
24419,383.64,122.76,0.0,2301.84
24420,103.6,51.8,0.0,725.1999999999999
24421,40.05,11.21,0.0,120.14999999999999
24422,15.92,5.37,0.2,79.6
24423,8.25,1.56,0.0,8.25
24424,13.39,5.02,0.2,40.17
24425,27.0,8.64,0.0,54.0
24426,20.37,7.38,0.2,20.37
24427,8.82,2.38,0.0,26.46
24428,31.15,-0.59,0.45,62.3
24429,12.6,5.8,0.0,25.2
24430,40.34,1.34,0.1,40.34
24431,8.07,-5.85,0.5,16.14
24432,31.35,-17.61,0.5,62.7
24433,15.84,5.54,0.2,31.68
24434,64.8,13.5,0.0,324.0
24435,18.66,5.94,0.0,37.32
24436,34.02,11.22,0.0,68.04
24437,25.92,12.44,0.0,103.68
24438,18.72,3.51,0.2,37.44
24439,38.28,14.16,0.0,114.84
24440,17.14,-11.42,0.4,68.56
24441,22.32,1.76,0.0,44.64
24442,144.18,-12.54,0.402,144.18
24443,13.32,-3.56,0.4,26.64
24444,39.16,10.96,0.0,78.32
24445,14.32,2.72,0.0,28.64
24446,10.76,4.16,0.0,21.52
24447,48.9,18.09,0.0,244.5
24448,10.26,2.64,0.0,10.26
24449,79.96,27.99,0.2,399.79999999999995
24450,6.75,0.99,0.0,6.75
24451,10.95,3.29,0.0,32.849999999999994
24452,6.85,2.14,0.2,13.7
24453,27.06,6.48,0.0,54.12
24454,6.68,2.0,0.0,13.36
24455,26.71,-10.1,0.6,80.13
24456,5.58,-3.93,0.6,5.58
24457,967.32,270.72,0.0,5803.92
24458,811.28,24.34,0.0,6490.24
24459,881.93,220.48,0.0,6173.509999999999
24460,173.8,43.45,0.0,869.0
24461,203.92,55.06,0.0,815.68
24462,49.63,4.96,0.2,198.52
24463,10.77,4.62,0.0,10.77
24464,35.91,9.7,0.0,107.72999999999999
24465,11.85,3.39,0.17,23.7
24466,6.36,0.06,0.0,12.72
24467,13.71,-10.05,0.7,68.55000000000001
24468,699.98,195.99,0.0,1399.96
24469,535.41,160.62,0.0,1606.23
24470,186.15,55.85,0.0,558.45
24471,22.72,-11.78,0.4,68.16
24472,15.96,6.84,0.0,31.92
24473,3.8,-5.89,0.8,11.399999999999999
24474,26.65,-0.32,0.1,26.65
24475,629.96,94.49,0.4,4409.72
24476,122.71,36.81,0.0,858.9699999999999
24477,42.48,15.66,0.0,127.44
24478,19.89,1.59,0.0,19.89
24479,5.77,-1.61,0.6,5.77
24480,3.34,-2.72,0.6,6.68
24481,19.9,-17.93,0.6,19.9
24482,411.98,119.47,0.0,823.96
24483,7.7,2.3,0.1,7.7
24484,99.2,25.79,0.0,496.0
24485,44.75,8.5,0.0,223.75
24486,12.81,3.57,0.0,12.81
24487,13.98,5.01,0.0,13.98
24488,13.41,-22.8,0.7,13.41
24489,6.43,-11.57,0.7,12.86
24490,46.2,21.25,0.0,184.8
24491,27.42,11.24,0.0,27.42
24492,22.38,10.74,0.0,44.76
24493,3.99,0.42,0.0,3.99
24494,3059.98,-510.0,0.4,9179.94
24495,16.65,-7.71,0.5,33.3
24496,5.49,-0.41,0.2,5.49
24497,115.36,56.53,0.0,807.52
24498,24.0,10.8,0.0,48.0
24499,16.68,8.16,0.0,16.68
24500,10.86,1.41,0.0,10.86
24501,98.16,9.82,0.0,588.96
24502,13.83,5.1,0.0,13.83
24503,11.85,1.65,0.0,11.85
24504,9.68,4.44,0.0,19.36
24505,33.6,6.36,0.0,201.60000000000002
24506,17.69,-28.93,0.7,35.38
24507,15.62,-2.84,0.5,46.86
24508,7.16,3.44,0.0,14.32
24509,25.83,12.14,0.0,180.81
24510,66.11,-84.29,0.6,264.44
24511,106.34,37.22,0.2,744.38
24512,18.99,1.5,0.0,18.99
24513,23.47,8.8,0.2,70.41
24514,5.61,-2.76,0.47,5.61
24515,577.58,43.32,0.2,3465.4800000000005
24516,24.41,-1.15,0.1,97.64
24517,34.18,-87.15,0.8,102.53999999999999
24518,27.72,-44.4,0.7,55.44
24519,11.94,5.01,0.0,11.94
24520,63.24,0.6,0.0,126.48
24521,49.96,9.49,0.0,99.92
24522,23.68,6.22,0.2,189.44
24523,29.02,-9.98,0.47,145.1
24524,7.26,2.52,0.0,7.26
24525,22.29,6.9,0.0,22.29
24526,628.81,12.58,0.0,4401.67
24527,653.0,-935.96,0.7,4571.0
24528,399.54,-559.36,0.7,1598.16
24529,103.97,16.89,0.2,623.8199999999999
24530,265.86,79.76,0.0,1861.02
24531,9.33,2.04,0.0,9.33
24532,13.8,1.92,0.0,41.400000000000006
24533,10.8,-15.12,0.6,32.400000000000006
24534,19.49,2.57,0.4,38.98
24535,38.78,2.58,0.4,77.56
24536,21.06,3.12,0.0,63.17999999999999
24537,9.54,0.22,0.2,19.08
24538,30.29,-3.07,0.4,121.16
24539,20.16,-9.42,0.4,40.32
24540,27.02,-21.61,0.7,162.12
24541,14.56,-0.56,0.47,29.12
24542,18.66,-0.78,0.5,37.32
24543,14.94,0.42,0.0,14.94
24544,12.16,2.13,0.2,60.8
24545,509.49,-127.37,0.2,3566.4300000000003
24546,535.41,160.62,0.0,1606.23
24547,8.04,3.36,0.0,8.04
24548,23.64,2.04,0.0,94.56
24549,176.77,-459.61,0.8,530.3100000000001
24550,48.09,4.32,0.0,48.09
24551,10.19,1.02,0.2,71.33
24552,21.12,6.55,0.0,84.48
24553,15.51,-19.65,0.7,15.51
24554,18.93,7.56,0.0,18.93
24555,19.2,-12.96,0.6,19.2
24556,10.24,-9.92,0.7,20.48
24557,37.9,2.6,0.0,189.5
24558,8.6,1.72,0.0,17.2
24559,22.0,7.44,0.0,88.0
24560,9.89,-3.15,0.4,19.78
24561,23.71,-2.09,0.2,71.13
24562,3.44,-1.56,0.6,6.88
24563,35.04,11.16,0.0,210.24
24564,4.52,1.12,0.0,4.52
24565,10.1,0.7,0.0,10.1
24566,83.25,14.99,0.0,249.75
24567,11.71,-16.13,0.6,11.71
24568,18.66,5.94,0.0,37.32
24569,285.66,54.18,0.0,1713.96
24570,20.92,-30.35,0.6,20.92
24571,26.1,6.75,0.0,78.30000000000001
24572,21.37,-34.91,0.7,21.37
24573,21.4,6.21,0.0,107.0
24574,7.28,3.49,0.0,7.28
24575,19.58,-27.46,0.6,156.64
24576,9.65,3.5,0.2,57.900000000000006
24577,29.16,-22.32,0.45,87.48
24578,15.6,5.88,0.0,46.8
24579,27.76,1.36,0.2,138.8
24580,30.74,-47.17,0.7,30.74
24581,10.41,3.51,0.0,10.41
24582,931.18,314.27,0.2,2793.54
24583,17.52,2.76,0.0,35.04
24584,26.72,9.35,0.2,133.6
24585,16.71,-10.41,0.5,33.42
24586,4.19,-7.15,0.7,4.19
24587,9.69,1.11,0.15,19.38
24588,11.16,0.0,0.0,22.32
24589,19.74,9.46,0.0,19.74
24590,40.8,0.0,0.0,163.2
24591,16.0,2.56,0.0,32.0
24592,17.52,5.58,0.0,52.56
24593,37.86,15.48,0.0,113.58
24594,21.76,5.22,0.0,21.76
24595,13.3,4.12,0.2,39.900000000000006
24596,26.4,0.48,0.0,52.8
24597,9.24,-8.34,0.6,18.48
24598,1439.92,374.38,0.0,11519.36
24599,1166.92,131.28,0.2,5834.6
24600,58.17,15.69,0.0,58.17
24601,41.57,-66.51,0.8,249.42000000000002
24602,10.74,3.96,0.0,10.74
24603,61.57,4.62,0.2,123.14
24604,66.03,17.17,0.0,198.09
24605,28.95,7.8,0.0,144.75
24606,6.48,3.11,0.0,6.48
24607,272.65,18.18,0.1,817.9499999999999
24608,9.63,-19.29,0.7,19.26
24609,130.98,-89.07,0.5,261.96
24610,198.74,-14.2,0.3,794.96
24611,155.37,-36.25,0.4,155.37
24612,103.56,38.28,0.0,207.12
24613,145.74,23.32,0.0,437.22
24614,16.5,2.64,0.0,33.0
24615,23.4,7.23,0.0,23.4
24616,44.84,5.61,0.2,224.20000000000002
24617,1215.92,316.14,0.0,9727.36
24618,12.1,-26.24,0.7,24.2
24619,675.12,290.3,0.0,2025.3600000000001
24620,159.99,54.4,0.0,159.99
24621,14.4,6.48,0.0,28.8
24622,116.28,54.54,0.0,697.6800000000001
24623,206.1,55.65,0.0,1030.5
24624,25.38,8.37,0.0,25.38
24625,77.88,3.89,0.0,155.76
24626,16.53,7.41,0.0,16.53
24627,604.77,60.48,0.2,2419.08
24628,600.53,137.26,0.3,1201.06
24629,501.81,0.0,0.0,1505.43
24630,145.9,62.74,0.0,729.5
24631,196.78,14.76,0.2,590.34
24632,128.34,37.22,0.0,770.04
24633,11.35,-11.09,0.6,22.7
24634,11.24,-11.24,0.5,11.24
24635,215.15,-103.99,0.4,430.3
24636,27.93,3.06,0.0,27.93
24637,18.53,-15.76,0.6,18.53
24638,2.22,0.56,0.2,2.22
24639,3.89,-3.25,0.7,3.89
24640,40.95,15.96,0.0,40.95
24641,14.27,-30.94,0.7,14.27
24642,354.9,17.75,0.0,1774.5
24643,858.24,143.04,0.1,3432.96
24644,24.59,-38.11,0.8,73.77
24645,2973.32,334.5,0.2,20813.24
24646,25.29,1.26,0.0,25.29
24647,15.57,7.14,0.0,15.57
24648,1439.97,485.99,0.2,5759.88
24649,663.07,-165.77,0.2,3978.42
24650,821.3,-16.43,0.5,3285.2
24651,526.45,31.59,0.0,2632.25
24652,3.13,-1.49,0.6,3.13
24653,189.58,14.78,0.002,379.16
24654,21.18,1.86,0.0,63.54
24655,18.76,8.04,0.0,37.52
24656,20.06,0.98,0.4,40.12
24657,23.7,3.3,0.0,47.4
24658,32.1,3.18,0.0,64.2
24659,4.38,-4.38,0.6,4.38
24660,9.17,-1.23,0.4,18.34
24661,15.87,2.37,0.2,15.87
24662,17.59,-1.21,0.4,35.18
24663,38.74,13.54,0.0,38.74
24664,13.88,-12.52,0.6,69.4
24665,49.26,4.92,0.0,98.52
24666,46.53,12.1,0.0,139.59
24667,5.56,2.48,0.0,11.12
24668,5.36,-8.62,0.7,10.72
24669,15.54,4.5,0.0,15.54
24670,9.51,-8.61,0.5,19.02
24671,52.06,18.87,0.2,208.24
24672,24.56,6.88,0.0,49.12
24673,8.94,1.95,0.0,8.94
24674,23.68,8.88,0.2,47.36
24675,11.06,2.66,0.17,22.12
24676,31.92,11.76,0.0,63.84
24677,400.78,-5.01,0.2,400.78
24678,493.43,-70.49,0.3,2467.15
24679,37.94,18.96,0.0,37.94
24680,11.85,1.65,0.0,11.85
24681,71.98,9.0,0.2,215.94
24682,8.31,0.66,0.0,8.31
24683,18.66,-0.78,0.5,37.32
24684,68.62,32.25,0.0,137.24
24685,14.97,5.37,0.0,14.97
24686,22.43,-14.95,0.4,67.28999999999999
24687,10.36,2.06,0.0,10.36
24688,16.3,4.4,0.0,81.5
24689,13.32,2.22,0.0,39.96
24690,18.64,0.0,0.0,74.56
24691,44.46,10.62,0.0,133.38
24692,29.05,9.01,0.0,145.25
24693,16.05,1.59,0.0,16.05
24694,7.05,2.25,0.0,7.05
24695,33.93,-22.62,0.7,101.78999999999999
24696,5.28,2.43,0.0,10.56
24697,6.26,2.27,0.1,6.26
24698,8.59,-4.97,0.6,17.18
24699,9.6,4.38,0.0,19.2
24700,18.99,1.5,0.0,18.99
24701,4.61,1.67,0.2,9.22
24702,862.34,97.01,0.2,6036.38
24703,601.54,60.15,0.2,4812.32
24704,689.82,20.69,0.0,4138.92
24705,24.7,-3.29,0.17,24.7
24706,21.84,7.38,0.0,43.68
24707,279.94,80.48,0.2,1959.58
24708,89.16,27.6,0.0,356.64
24709,127.95,21.75,0.0,383.85
24710,1856.19,334.11,0.0,12993.33
24711,377.97,94.49,0.0,1133.91
24712,284.97,85.49,0.0,854.9100000000001
24713,7.8,-7.83,0.7,7.8
24714,339.92,8.5,0.2,1699.6000000000001
24715,109.59,8.22,0.2,109.59
24716,27.58,11.58,0.0,55.16
24717,22.2,9.1,0.0,133.2
24718,11.65,-17.47,0.8,104.85000000000001
24719,6.21,-7.05,0.7,12.42
24720,11.36,-17.05,0.8,34.08
24721,254.9,76.47,0.0,1274.5
24722,2665.62,239.91,0.0,23990.579999999998
24723,71.93,6.29,0.2,647.3700000000001
24724,207.24,58.03,0.0,2279.6400000000003
24725,7.14,2.76,0.0,7.14
24726,6.84,1.41,0.0,6.84
24727,120.58,33.16,0.2,964.64
24728,6.4,1.96,0.0,12.8
24729,7.06,-10.26,0.6,14.12
24730,12.31,-0.01,0.4,24.62
24731,23.32,2.76,0.0,46.64
24732,33.72,15.16,0.0,67.44
24733,31.1,10.89,0.2,186.60000000000002
24734,14.36,5.72,0.0,28.72
24735,14.59,-0.01,0.2,29.18
24736,7.26,1.29,0.0,7.26
24737,5.91,2.1,0.0,5.91
24738,75.96,6.72,0.0,303.84
24739,42.39,10.71,0.25,127.17
24740,18.36,-40.44,0.7,73.44
24741,8.78,-5.5,0.6,17.56
24742,15.98,1.2,0.2,31.96
24743,16.14,2.22,0.0,32.28
24744,28.4,13.35,0.0,142.0
24745,30.21,4.83,0.0,30.21
24746,47.5,-1.19,0.2,47.5
24747,41.4,14.88,0.0,165.6
24748,26.43,2.37,0.0,26.43
24749,22.74,6.36,0.0,45.48
24750,189.7,91.06,0.0,1897.0
24751,71.37,-1.02,0.3,142.74
24752,45.04,4.5,0.2,90.08
24753,34.94,3.06,0.2,104.82
24754,22.79,3.77,0.4,68.37
24755,50.28,17.58,0.0,150.84
24756,7.07,-8.33,0.6,14.14
24757,14.69,-11.77,0.6,44.07
24758,9.08,4.32,0.0,18.16
24759,6.13,-1.53,0.2,6.13
24760,121.1,-100.92,0.7,726.5999999999999
24761,7.97,1.61,0.17,15.94
24762,8.29,-15.2,0.7,8.29
24763,23.64,8.4,0.0,94.56
24764,23.65,-12.65,0.4,47.3
24765,138.4,-100.73,0.45,415.20000000000005
24766,60.69,16.39,0.0,424.83
24767,14.4,6.57,0.0,43.2
24768,13.93,-17.21,0.7,27.86
24769,8.82,2.38,0.0,26.46
24770,20.7,7.76,0.2,82.8
24771,94.3,6.6,0.0,94.3
24772,14.92,-22.91,0.7,14.92
24773,19.23,4.23,0.0,19.23
24774,7.52,-14.56,0.7,7.52
24775,13.38,5.07,0.0,13.38
24776,7.97,2.69,0.2,15.94
24777,6.53,-2.17,0.6,13.06
24778,20.24,7.89,0.0,20.24
24779,1983.97,248.0,0.2,7935.88
24780,913.43,-52.2,0.3,4567.15
24781,13.11,5.37,0.0,13.11
24782,13.9,-20.39,0.7,13.9
24783,40.45,-8.78,0.4,121.35000000000001
24784,95.85,35.46,0.0,287.54999999999995
24785,8.31,-1.35,0.5,16.62
24786,22.61,-6.79,0.4,67.83
24787,11.92,4.16,0.0,23.84
24788,12.36,1.6,0.0,24.72
24789,36.68,16.8,0.0,256.76
24790,11.28,-7.36,0.4,22.56
24791,35.58,7.5,0.2,142.32
24792,31.56,10.41,0.0,94.67999999999999
24793,13.12,1.48,0.2,65.6
24794,1295.84,145.78,0.2,5183.36
24795,839.43,218.25,0.0,2518.29
24796,16.13,-15.07,0.7,129.04
24797,8.71,-3.23,0.4,17.42
24798,13.64,-4.9,0.47,27.28
24799,6.32,-9.1,0.7,12.64
24800,11.91,2.85,0.0,11.91
24801,21.06,4.8,0.0,42.12
24802,3.64,0.98,0.0,7.28
24803,317.06,-18.12,0.3,951.1800000000001
24804,33.12,2.16,0.4,132.48
24805,317.06,-18.12,0.3,951.1800000000001
24806,7.88,-9.74,0.7,7.88
24807,6.95,-9.97,0.7,27.8
24808,23.64,3.06,0.0,70.92
24809,9.94,3.08,0.0,19.88
24810,23.78,-21.53,0.5,118.9
24811,18.18,5.25,0.0,18.18
24812,14.64,2.46,0.0,14.64
24813,18.78,-3.78,0.45,37.56
24814,27.66,13.5,0.0,82.98
24815,19.84,0.18,0.0,19.84
24816,9.2,2.66,0.0,9.2
24817,368.97,81.17,0.0,1106.91
24818,119.98,57.59,0.0,239.96
24819,200.06,12.5,0.2,600.1800000000001
24820,27.36,5.64,0.0,109.44
24821,14.64,2.46,0.0,14.64
24822,28.08,-20.28,0.5,112.32
24823,16.74,1.14,0.0,33.48
24824,56.46,14.1,0.0,56.46
24825,23.1,1.38,0.0,69.30000000000001
24826,19.2,4.41,0.0,19.2
24827,7.02,3.51,0.0,7.02
24828,14.96,-3.02,0.5,14.96
24829,4.98,2.34,0.0,4.98
24830,13.32,-13.14,0.5,39.96
24831,9449.95,4630.48,0.0,47249.75
24832,603.92,-67.94,0.2,3019.6
24833,170.35,-17.04,0.2,511.04999999999995
24834,67.14,-0.84,0.2,268.56
24835,203.92,22.94,0.2,1019.5999999999999
24836,10.24,-1.04,0.4,10.24
24837,21.72,3.9,0.0,43.44
24838,1.96,-3.24,0.8,3.92
24839,4.65,1.29,0.0,4.65
24840,7.23,-12.3,0.7,7.23
24841,2887.06,180.44,0.2,25983.54
24842,863.64,107.96,0.2,7772.76
24843,105.52,48.54,0.0,422.08
24844,26.04,8.04,0.0,52.08
24845,7.98,0.84,0.0,15.96
24846,8.82,0.0,0.0,17.64
24847,10.95,2.19,0.0,10.95
24848,319.97,95.99,0.2,1279.88
24849,11.61,1.08,0.0,34.83
24850,13.97,-6.2,0.5,97.79
24851,25.11,9.27,0.0,75.33
24852,2803.92,0.0,0.2,14019.6
24853,398.97,-28.5,0.3,797.94
24854,33.21,10.26,0.0,99.63
24855,132.52,54.33,0.0,530.08
24856,48.94,24.47,0.0,48.94
24857,167.76,41.94,0.0,335.52
24858,22.68,3.6,0.0,45.36
24859,66.85,8.89,0.1,133.7
24860,96.08,46.12,0.0,192.16
24861,13.55,-3.1,0.47,40.650000000000006
24862,15.57,4.65,0.0,15.57
24863,23.83,2.68,0.2,71.49
24864,5.25,1.64,0.2,21.0
24865,7.8,1.23,0.0,7.8
24866,5.3,-1.87,0.6,5.3
24867,1793.98,843.17,0.0,3587.96
24868,24.51,9.78,0.0,24.51
24869,27.33,1.08,0.0,27.33
24870,241.57,18.12,0.2,483.14
24871,282.84,19.8,0.0,1131.36
24872,25.8,10.02,0.0,51.6
24873,91.68,28.65,0.2,458.40000000000003
24874,129.57,-24.29,0.2,259.14
24875,12.29,-16.0,0.6,12.29
24876,11.82,2.34,0.0,35.46
24877,5.54,2.32,0.0,5.54
24878,18.8,3.76,0.0,75.2
24879,5.92,0.04,0.0,5.92
24880,9.96,4.88,0.0,19.92
24881,957.58,-383.03,0.45,4787.900000000001
24882,364.41,8.1,0.1,1822.0500000000002
24883,11.46,2.97,0.0,11.46
24884,25.56,-14.7,0.6,51.12
24885,10.03,-3.29,0.6,40.12
24886,8.71,-10.25,0.7,34.84
24887,141.96,41.17,0.0,283.92
24888,258.48,-3.23,0.2,516.96
24889,154.9,69.71,0.0,774.5
24890,623.96,39.0,0.2,3119.8
24891,95.74,20.34,0.2,287.21999999999997
24892,127.39,-25.48,0.3,254.78
24893,31.78,-19.07,0.6,95.34
24894,251.01,-68.13,0.3,502.02
24895,484.65,92.08,0.0,1453.9499999999998
24896,505.18,-336.78,0.7,2020.72
24897,146.35,-32.93,0.2,439.04999999999995
24898,10.05,4.92,0.0,10.05
24899,14.58,0.72,0.0,29.16
24900,11.43,4.11,0.0,11.43
24901,5.82,-3.42,0.47,5.82
24902,6.0,1.26,0.0,6.0
24903,12.7,5.84,0.0,25.4
24904,15.55,2.33,0.2,46.650000000000006
24905,21.3,5.28,0.0,42.6
24906,14.19,2.97,0.0,14.19
24907,6.8,-1.04,0.5,20.4
24908,21.54,8.58,0.0,64.62
24909,16.06,4.18,0.0,16.06
24910,23.46,7.95,0.0,23.46
24911,3.96,-9.0,0.7,3.96
24912,239.36,-47.87,0.3,718.08
24913,27.36,2.04,0.2,54.72
24914,231.92,5.8,0.2,1159.6
24915,25.98,-5.2,0.2,25.98
24916,109.76,8.54,0.1,219.52
24917,9.84,1.65,0.0,9.84
24918,902.71,33.85,0.2,2708.13
24919,14.21,0.77,0.47,28.42
24920,7.75,-9.05,0.7,7.75
24921,22.68,3.12,0.0,45.36
24922,11.82,1.02,0.0,23.64
24923,5.11,-2.18,0.6,5.11
24924,51.1,6.1,0.0,255.5
24925,12.36,3.45,0.0,12.36
24926,25.49,4.46,0.2,50.98
24927,52.98,-4.62,0.3,158.94
24928,275.49,-170.8,0.5,275.49
24929,130.46,44.03,0.2,782.76
24930,29.91,11.94,0.0,29.91
24931,34.5,6.04,0.2,34.5
24932,99.57,33.6,0.2,199.14
24933,20.48,-0.7,0.4,61.44
24934,5.97,2.01,0.2,5.97
24935,1332.5,-299.81,0.2,2665.0
24936,48.93,14.67,0.0,48.93
24937,10.89,4.23,0.0,10.89
24938,601.47,-300.74,0.5,1804.41
24939,18.45,3.69,0.0,55.349999999999994
24940,406.6,113.85,0.0,2033.0
24941,11.32,-4.16,0.45,22.64
24942,159.88,73.54,0.0,1119.1599999999999
24943,24.7,-4.58,0.4,98.8
24944,47.98,0.6,0.2,95.96
24945,9.0,1.26,0.0,9.0
24946,32.0,13.1,0.1,96.0
24947,19.98,8.99,0.0,39.96
24948,44.7,14.7,0.0,223.5
24949,6.89,-4.15,0.6,6.89
24950,14.19,2.82,0.0,14.19
24951,155.34,55.92,0.0,932.04
24952,25.34,7.92,0.2,152.04
24953,13.03,-8.15,0.6,26.06
24954,7.63,-0.59,0.47,15.26
24955,8.37,0.57,0.0,8.37
24956,39.76,18.69,0.0,278.32
24957,14.5,-3.68,0.47,87.0
24958,97.98,27.43,0.0,195.96
24959,89.97,25.19,0.0,269.90999999999997
24960,28.53,2.25,0.0,85.59
24961,403.56,96.85,0.0,1614.24
24962,22.08,3.3,0.0,44.16
24963,162.17,-25.48,0.17,486.51
24964,389.97,132.59,0.0,1169.91
24965,8749.95,2799.98,0.0,43749.75
24966,6.63,-0.54,0.5,6.63
24967,124.36,33.58,0.0,248.72
24968,169.45,42.36,0.0,847.25
24969,27.36,13.68,0.0,82.08
24970,47.4,6.6,0.0,189.6
24971,22.38,10.02,0.0,44.76
24972,82.95,29.03,0.0,414.75
24973,11.6,-5.53,0.6,11.6
24974,51.02,8.29,0.2,357.14000000000004
24975,19.71,-32.85,0.7,118.26
24976,258.75,10.35,0.0,258.75
24977,50.76,-17.28,0.5,203.04
24978,6.79,-2.61,0.4,6.79
24979,19.24,2.48,0.0,38.48
24980,3.53,-5.29,0.6,7.06
24981,11.66,3.35,0.2,34.980000000000004
24982,19.9,-17.93,0.6,19.9
24983,7.62,3.42,0.0,7.62
24984,35.64,7.11,0.0,106.92
24985,18.24,7.98,0.0,36.48
24986,8.76,3.12,0.0,17.52
24987,11.55,2.76,0.0,11.55
24988,424.96,20.0,0.15,2124.7999999999997
24989,22.14,6.84,0.0,44.28
24990,7.94,1.76,0.1,15.88
24991,67.78,16.95,0.0,135.56
24992,40.78,4.59,0.2,122.34
24993,96.84,46.44,0.0,581.04
24994,20.12,-28.69,0.6,20.12
24995,5.95,0.37,0.2,5.95
24996,14.4,6.57,0.0,43.2
24997,27.29,-60.97,0.7,54.58
24998,9.58,3.35,0.2,9.58
24999,18.7,-34.94,0.7,37.4
25000,15.28,7.49,0.0,30.56
25001,6.9,-0.84,0.5,6.9
25002,48.93,-2.97,0.5,146.79
25003,11.52,3.23,0.0,46.08
25004,2.78,-3.25,0.7,2.78
25005,10.37,3.63,0.2,20.74
25006,25.83,9.03,0.0,25.83
25007,4.51,0.85,0.2,13.53
25008,36.68,16.8,0.0,256.76
25009,4.57,-3.81,0.7,18.28
25010,2.26,-5.21,0.8,2.26
25011,23.34,9.3,0.0,46.68
25012,62.98,-14.7,0.4,188.94
25013,14.22,0.27,0.0,14.22
25014,21.36,8.12,0.0,170.88
25015,6.54,2.68,0.0,19.62
25016,4.26,-5.88,0.6,4.26
25017,8.56,3.85,0.0,17.12
25018,19.14,4.2,0.0,19.14
25019,5.28,1.53,0.0,15.84
25020,21.34,7.73,0.2,149.38
25021,5.6,-2.72,0.5,5.6
25022,151.72,27.31,0.0,606.88
25023,30.35,12.47,0.1,60.7
25024,211.17,18.48,0.2,844.68
25025,61.08,26.22,0.0,122.16
25026,4.46,-7.15,0.7,4.46
25027,31.85,-6.39,0.4,63.7
25028,823.96,51.5,0.2,4119.8
25029,213.48,16.01,0.2,640.4399999999999
25030,47.14,8.86,0.1,94.28
25031,259.96,124.78,0.0,1039.84
25032,49.3,-18.83,0.45,147.89999999999998
25033,61.44,16.59,0.0,184.32
25034,9.61,-21.17,0.7,19.22
25035,84.0,9.2,0.0,420.0
25036,58.05,19.95,0.1,290.25
25037,26.94,1.86,0.0,53.88
25038,16.72,3.34,0.2,83.6
25039,15.84,-4.8,0.4,47.519999999999996
25040,11.18,0.74,0.4,11.18
25041,18.56,-12.38,0.4,18.56
25042,14.6,5.52,0.0,29.2
25043,75.18,35.33,0.0,451.08000000000004
25044,155.46,-7.77,0.2,621.84
25045,119.62,40.37,0.2,956.96
25046,115.96,25.51,0.0,231.92
25047,331.54,-82.88,0.2,994.6200000000001
25048,47.98,13.2,0.2,95.96
25049,22.48,10.34,0.0,22.48
25050,8.94,2.41,0.0,26.82
25051,10.96,2.96,0.0,43.84
25052,61.38,1.8,0.0,184.14000000000001
25053,11.61,3.99,0.1,11.61
25054,602.65,-163.58,0.3,4218.55
25055,76.73,-53.71,0.6,230.19
25056,80.97,36.42,0.0,80.97
25057,10.71,-0.81,0.17,21.42
25058,12.57,0.24,0.0,12.57
25059,47.62,5.95,0.2,142.85999999999999
25060,15.62,-18.76,0.7,31.24
25061,16.71,3.15,0.0,16.71
25062,171.29,-6.42,0.2,513.87
25063,11.29,-16.94,0.6,11.29
25064,129.98,62.39,0.0,259.96
25065,120.0,46.8,0.0,720.0
25066,39.94,-26.62,0.7,159.76
25067,10.26,1.02,0.0,10.26
25068,53.97,18.33,0.0,53.97
25069,3.5,-4.2,0.6,3.5
25070,14.82,6.97,0.0,88.92
25071,16.28,6.51,0.0,32.56
25072,18.72,-12.78,0.5,37.44
25073,895.92,302.37,0.2,4479.599999999999
25074,892.14,111.52,0.2,6244.98
25075,2.39,-5.42,0.7,2.39
25076,438.37,38.36,0.2,1753.48
25077,666.34,66.63,0.2,4664.38
25078,11.4,2.61,0.0,11.4
25079,18.92,4.72,0.0,37.84
25080,7.34,-1.48,0.4,7.34
25081,17.62,8.8,0.0,17.62
25082,3.38,-6.98,0.7,3.38
25083,12.81,4.47,0.0,12.81
25084,22.05,6.75,0.0,66.15
25085,152.99,-122.39,0.7,458.97
25086,13.99,-1.43,0.2,13.99
25087,9.78,2.34,0.0,19.56
25088,87.92,15.39,0.2,439.6
25089,20.07,3.78,0.0,60.21
25090,5.95,-5.66,0.6,5.95
25091,11.2,-3.38,0.4,22.4
25092,14.0,-6.3,0.6,56.0
25093,3.47,-5.33,0.7,3.47
25094,10.26,2.64,0.0,10.26
25095,60.12,28.86,0.0,541.0799999999999
25096,43.31,4.33,0.0,43.31
25097,12.93,0.36,0.0,12.93
25098,13.11,4.44,0.0,13.11
25099,65.44,-8.18,0.2,327.2
25100,18.2,7.64,0.0,36.4
25101,17.28,6.0,0.0,51.84
25102,181.12,-75.56,0.4,1630.08
25103,45.92,21.58,0.0,183.68
25104,1.94,-2.87,0.7,1.94
25105,18.46,0.73,0.27,18.46
25106,337.09,16.85,0.2,1348.36
25107,186.54,41.04,0.0,559.62
25108,314.55,150.98,0.0,943.6500000000001
25109,272.94,30.02,0.0,818.8199999999999
25110,18.66,8.94,0.0,18.66
25111,50.94,14.26,0.0,152.82
25112,22.37,-13.96,0.47,22.37
25113,167.95,-27.29,0.2,1007.6999999999999
25114,53.7,-1.2,0.1,161.10000000000002
25115,143.7,68.98,0.0,431.09999999999997
25116,35.2,16.54,0.0,176.0
25117,22.47,0.0,0.0,22.47
25118,36.44,16.4,0.0,145.76
25119,14.26,6.98,0.0,14.26
25120,124.56,49.76,0.0,498.24
25121,8.96,2.32,0.0,8.96
25122,12.37,-6.61,0.4,12.37
25123,14.64,1.72,0.0,29.28
25124,68.11,17.88,0.2,204.32999999999998
25125,21.07,-16.88,0.45,21.07
25126,16.14,7.08,0.0,16.14
25127,9.09,1.91,0.0,27.27
25128,13.33,-16.46,0.7,13.33
25129,2793.53,942.82,0.2,25141.77
25130,1000.02,290.01,0.0,7000.139999999999
25131,221.96,4.44,0.0,443.92
25132,436.7,-38.21,0.2,2620.2
25133,95.22,18.06,0.0,190.44
25134,465.18,120.95,0.0,1395.54
25135,358.58,39.44,0.0,717.16
25136,10.35,0.36,0.45,31.049999999999997
25137,22.29,10.68,0.0,22.29
25138,34.5,15.53,0.0,103.5
25139,9.55,1.55,0.2,28.650000000000002
25140,2934.33,792.27,0.0,20540.309999999998
25141,1199.98,374.99,0.2,3599.94
25142,750.68,37.53,0.0,1501.36
25143,329.58,37.08,0.2,659.16
25144,58.02,13.92,0.0,58.02
25145,8.86,0.0,0.0,8.86
25146,23.3,-7.58,0.6,186.4
25147,15.48,7.32,0.0,61.92
25148,16.4,-31.18,0.7,32.8
25149,15.7,7.07,0.0,78.5
25150,38.97,-32.4,0.47,116.91
25151,1088.79,-1850.95,0.8,4355.16
25152,1516.2,394.21,0.0,10613.4
25153,710.83,-97.74,0.2,2132.4900000000002
25154,1363.96,85.25,0.2,6819.8
25155,5.58,-1.98,0.6,5.58
25156,8.47,-19.76,0.7,8.47
25157,221.02,-55.26,0.2,442.04
25158,1.32,-3.09,0.7,1.32
25159,9.87,4.02,0.0,9.87
25160,242.03,-5.92,0.17,1210.15
25161,38.98,-50.67,0.6,116.94
25162,43.92,12.74,0.0,131.76
25163,4.02,-1.11,0.6,4.02
25164,5.88,2.88,0.0,5.88
25165,2399.6,647.89,0.0,19196.8
25166,24.09,4.56,0.0,24.09
25167,128.37,55.17,0.0,128.37
25168,331.96,149.38,0.0,663.92
25169,12.51,-24.21,0.7,12.51
25170,84.27,-75.84,0.6,168.54
25171,14.55,-18.45,0.7,14.55
25172,29.22,-21.66,0.5,58.44
25173,24.72,6.9,0.0,49.44
25174,38.08,-29.51,0.6,190.39999999999998
25175,168.62,14.75,0.2,1517.58
25176,47.95,16.78,0.2,143.85000000000002
25177,5.06,-5.74,0.7,5.06
25178,603.92,75.49,0.2,3019.6
25179,445.96,55.74,0.2,2229.7999999999997
25180,11.99,1.01,0.1,23.98
25181,13.29,0.39,0.0,13.29
25182,13.96,-0.95,0.1,13.96
25183,25.08,9.03,0.0,150.48
25184,7.31,2.56,0.2,14.62
25185,22.92,5.94,0.0,45.84
25186,14.42,3.98,0.1,43.26
25187,1013.49,76.01,0.2,7094.43
25188,20.12,-28.69,0.6,20.12
25189,22.11,3.96,0.0,22.11
25190,54.9,15.37,0.0,274.5
25191,34.2,9.23,0.0,171.0
25192,24.05,7.21,0.2,216.45000000000002
25193,18.34,-32.09,0.8,73.36
25194,31.68,2.77,0.2,126.72
25195,41.4,14.76,0.0,248.39999999999998
25196,1.45,0.24,0.2,1.45
25197,2249.91,517.48,0.0,20249.19
25198,129.55,-22.67,0.2,388.65000000000003
25199,60.42,6.04,0.2,120.84
25200,20.7,9.94,0.0,41.4
25201,44.76,17.88,0.0,179.04
25202,29.32,-40.1,0.7,58.64
25203,12.86,3.5,0.2,38.58
25204,14.95,-22.43,0.6,44.849999999999994
25205,7.04,2.04,0.0,28.16
25206,9.78,2.34,0.0,19.56
25207,48.45,22.77,0.0,48.45
25208,6999.96,2239.99,0.0,27999.84
25209,821.88,213.69,0.0,4931.28
25210,164.79,18.54,0.2,164.79
25211,385.8,130.21,0.2,1929.0
25212,13.84,0.88,0.17,55.36
25213,81.2,12.18,0.0,406.0
25214,83.84,27.25,0.2,167.68
25215,33.79,1.09,0.15,168.95
25216,40.37,-51.49,0.6,121.10999999999999
25217,26.88,4.56,0.0,53.76
25218,5.16,1.34,0.0,10.32
25219,60.26,-56.26,0.7,241.04
25220,10.05,4.92,0.0,10.05
25221,44.01,-4.89,0.1,88.02
25222,754.45,60.36,0.0,3772.25
25223,299.98,-167.99,0.5,1499.9
25224,120.77,9.06,0.2,483.08
25225,6.78,0.21,0.1,6.78
25226,17.18,-0.22,0.2,51.54
25227,25.16,-11.32,0.6,125.8
25228,48.75,11.7,0.0,243.75
25229,53.28,21.84,0.0,213.12
25230,24.56,11.54,0.0,49.12
25231,19.56,1.71,0.2,97.8
25232,45.71,-38.45,0.5,502.81
25233,67.86,7.44,0.0,135.72
25234,1.08,-0.79,0.7,2.16
25235,1406.86,140.69,0.0,9848.019999999999
25236,423.28,110.05,0.0,4656.08
25237,359.98,130.49,0.2,1079.94
25238,24.6,9.84,0.0,147.60000000000002
25239,6.34,-6.58,0.7,12.68
25240,30.52,10.64,0.0,213.64
25241,767.21,161.97,0.1,10740.94
25242,34.92,11.87,0.0,139.68
25243,7.8,2.11,0.0,23.4
25244,6.24,3.06,0.0,12.48
25245,733.95,352.3,0.0,5137.650000000001
25246,265.38,15.6,0.15,265.38
25247,2.55,-3.57,0.7,2.55
25248,25.25,4.1,0.2,75.75
25249,11.88,4.23,0.17,35.64
25250,4416.17,-630.88,0.3,39745.53
25251,551.16,71.64,0.0,2204.64
25252,27.33,3.54,0.0,27.33
25253,322.59,64.52,0.0,967.77
25254,2.91,1.37,0.0,2.91
25255,2.59,-2.69,0.7,2.59
25256,1212.96,90.97,0.2,8490.720000000001
25257,295.4,-62.77,0.2,1477.0
25258,853.09,-227.49,0.4,5118.54
25259,243.99,30.5,0.2,1707.93
25260,63.31,20.58,0.2,189.93
25261,4.32,-1.08,0.6,4.32
25262,19.76,-17.14,0.7,118.56
25263,12.96,0.81,0.1,38.88
25264,16.65,4.65,0.0,16.65
25265,94.85,45.53,0.0,474.25
25266,105.98,4.24,0.0,211.96
25267,47.79,16.25,0.0,143.37
25268,24.99,-40.83,0.7,24.99
25269,8.85,-13.72,0.8,44.25
25270,15.96,7.98,0.0,31.92
25271,3.53,-0.59,0.4,7.06
25272,2239.94,223.99,0.2,17919.52
25273,1039.73,90.98,0.2,2079.46
25274,54.96,-33.0,0.6,54.96
25275,79.14,36.4,0.0,237.42000000000002
25276,22.5,9.0,0.0,45.0
25277,3.32,-1.51,0.6,3.32
25278,31.92,4.44,0.0,63.84
25279,87.54,37.64,0.0,262.62
25280,21.16,4.44,0.0,42.32
25281,2.24,-4.86,0.7,2.24
25282,97.32,17.46,0.0,194.64
25283,252.78,-417.09,0.8,1011.12
25284,156.37,-52.89,0.32,312.74
25285,14.62,5.48,0.2,29.24
25286,27.65,-0.64,0.1,27.65
25287,8.86,-6.86,0.6,26.58
25288,3.35,-1.93,0.6,3.35
25289,663.92,207.48,0.2,3319.6
25290,1079.32,-15.42,0.3,6475.92
25291,224.75,62.93,0.0,1123.75
25292,253.18,-31.65,0.2,759.54
25293,199.98,83.99,0.0,399.96
25294,77.55,21.71,0.0,387.75
25295,10.98,4.5,0.0,10.98
25296,22.32,1.76,0.0,44.64
25297,15.55,1.99,0.4,93.30000000000001
25298,43.05,10.32,0.0,43.05
25299,1913.4,401.81,0.0,17220.600000000002
25300,21.96,-23.07,0.6,21.96
25301,22.86,-6.42,0.5,91.44
25302,16.27,-3.86,0.2,16.27
25303,20.39,-53.01,0.8,40.78
25304,4.27,-2.09,0.6,8.54
25305,3.23,-7.54,0.7,3.23
25306,192.8,55.91,0.0,771.2
25307,182.91,53.04,0.0,548.73
25308,537.54,47.04,0.2,3762.7799999999997
25309,7.74,-3.81,0.45,7.74
25310,144.78,10.86,0.2,144.78
25311,204.95,100.43,0.0,1024.75
25312,4.33,-9.98,0.7,4.33
25313,14.7,2.94,0.0,14.7
25314,12.96,6.35,0.0,25.92
25315,1367.84,259.89,0.0,10942.72
25316,10.14,-8.37,0.6,10.14
25317,521.96,-250.54,0.5,2087.84
25318,71.95,5.4,0.2,431.70000000000005
25319,8.26,3.8,0.0,16.52
25320,30.36,13.05,0.0,121.44
25321,43.8,20.59,0.0,262.79999999999995
25322,17.94,8.07,0.0,53.82000000000001
25323,14.76,-11.44,0.6,73.8
25324,42.19,-20.09,0.6,168.76
25325,1125.49,98.48,0.2,7878.43
25326,355.36,92.39,0.0,1421.44
25327,456.84,132.48,0.0,2741.04
25328,12.8,2.88,0.0,51.2
25329,16.06,-6.2,0.4,48.17999999999999
25330,19.68,6.06,0.0,59.04
25331,157.92,17.77,0.2,789.5999999999999
25332,21.6,3.24,0.0,43.2
25333,296.71,100.14,0.2,3857.2299999999996
25334,291.14,-25.47,0.2,1164.56
25335,5.03,-0.11,0.5,5.03
25336,15.06,0.3,0.0,30.12
25337,67.96,12.23,0.0,271.84
25338,44.78,16.23,0.2,44.78
25339,6.48,3.18,0.0,6.48
25340,28.38,5.64,0.0,56.76
25341,1272.63,-814.48,0.5,7635.780000000001
25342,34.5,15.53,0.0,103.5
25343,42.05,5.26,0.2,378.45
25344,16.02,-15.0,0.7,32.04
25345,9.56,-2.72,0.4,9.56
25346,16.92,7.6,0.0,33.84
25347,14.4,3.42,0.0,43.2
25348,15.76,-18.54,0.6,78.8
25349,13.78,4.48,0.2,41.339999999999996
25350,100.26,21.0,0.0,200.52
25351,53.52,20.28,0.0,214.08
25352,1718.4,150.36,0.2,10310.400000000001
25353,1879.96,545.19,0.0,7519.84
25354,2.81,-0.7,0.6,2.81
25355,19.14,4.2,0.0,19.14
25356,48.84,-35.22,0.5,97.68
25357,26.37,10.8,0.0,26.37
25358,34.92,1.02,0.0,69.84
25359,103.5,-77.63,0.6,517.5
25360,7.77,0.0,0.0,7.77
25361,155.4,-31.2,0.5,777.0
25362,14.76,2.34,0.0,14.76
25363,167.29,29.74,0.1,1003.74
25364,20.7,9.94,0.0,41.4
25365,14.43,3.43,0.2,57.72
25366,8.88,-10.38,0.7,8.88
25367,5.78,2.83,0.0,5.78
25368,27.06,2.37,0.2,54.12
25369,317.06,-86.06,0.3,951.1800000000001
25370,25.42,-17.16,0.6,25.42
25371,559.93,167.98,0.0,3919.5099999999998
25372,122.35,13.76,0.2,367.04999999999995
25373,431.98,-75.6,0.2,1295.94
25374,286.4,25.06,0.2,286.4
25375,21.72,10.86,0.0,43.44
25376,16.5,4.11,0.0,16.5
25377,23.73,10.65,0.0,23.73
25378,104.75,22.0,0.0,523.75
25379,13.47,2.28,0.0,13.47
25380,4.88,-7.33,0.6,4.88
25381,381.58,28.62,0.2,1144.74
25382,13.32,-27.12,0.7,26.64
25383,185.53,48.7,0.2,1298.71
25384,106.87,-29.01,0.3,320.61
25385,23.23,-18.05,0.6,92.92
25386,2.07,-2.37,0.7,2.07
25387,9.12,1.98,0.0,9.12
25388,54.32,0.54,0.0,217.28
25389,8.58,1.35,0.0,8.58
25390,34.85,6.53,0.2,69.7
25391,53.32,-19.55,0.4,106.64
25392,32.4,15.55,0.0,162.0
25393,12.36,3.45,0.0,12.36
25394,23.95,2.4,0.2,47.9
25395,21.4,6.21,0.0,107.0
25396,6.12,0.24,0.0,6.12
25397,48.66,22.86,0.0,48.66
25398,14.63,-9.43,0.47,29.26
25399,5.47,-4.13,0.6,5.47
25400,35.96,3.6,0.2,35.96
25401,18.72,-10.92,0.4,37.44
25402,22.4,9.6,0.0,89.6
25403,18.53,4.4,0.2,37.06
25404,11.31,0.99,0.0,11.31
25405,20.84,-1.99,0.47,20.84
25406,5.43,-13.58,0.8,10.86
25407,1089.75,305.13,0.0,3269.25
25408,971.88,109.34,0.2,2915.64
25409,1399.93,601.97,0.0,9799.51
25410,9.92,0.32,0.47,19.84
25411,387.14,24.2,0.2,1548.56
25412,14.11,-19.31,0.7,14.11
25413,18.53,-20.86,0.6,18.53
25414,389.7,43.84,0.2,3117.6
25415,10.64,5.1,0.0,10.64
25416,7.72,-1.68,0.4,7.72
25417,132.58,56.98,0.0,928.0600000000001
25418,5.23,-3.29,0.6,15.690000000000001
25419,21.21,4.45,0.0,148.47
25420,319.41,7.1,0.1,1597.0500000000002
25421,244.62,20.97,0.3,244.62
25422,146.82,73.41,0.0,440.46
25423,2.94,0.79,0.0,2.94
25424,13.95,6.39,0.0,13.95
25425,631.96,303.34,0.0,2527.84
25426,13.29,0.39,0.0,13.29
25427,435.17,-59.84,0.2,1740.68
25428,62.59,13.3,0.2,500.72
25429,103.92,-18.19,0.2,1039.2
25430,16.65,7.98,0.0,16.65
25431,2.69,-2.35,0.6,2.69
25432,9.84,2.85,0.0,29.52
25433,12.22,4.43,0.2,24.44
25434,2.05,-3.38,0.7,2.05
25435,5.76,1.67,0.0,11.52
25436,7.35,2.25,0.0,7.35
25437,360.0,129.6,0.0,1440.0
25438,319.92,15.99,0.0,319.92
25439,11.46,2.97,0.0,11.46
25440,7.26,2.52,0.0,7.26
25441,98.33,9.83,0.2,294.99
25442,141.96,22.71,0.0,283.92
25443,76.78,-53.74,0.7,307.12
25444,43.56,3.27,0.2,217.8
25445,43.37,-69.4,0.8,303.59
25446,33.92,13.23,0.0,271.36
25447,9.98,-16.47,0.8,49.900000000000006
25448,17.47,5.68,0.2,52.41
25449,21.48,0.42,0.0,64.44
25450,12.18,4.38,0.0,36.54
25451,28.16,13.24,0.0,112.64
25452,1.36,-0.92,0.7,1.36
25453,15.52,4.5,0.0,62.08
25454,1.55,-1.96,0.6,1.55
25455,13.12,4.33,0.0,52.48
25456,2.95,-3.26,0.7,2.95
25457,21.42,5.31,0.0,64.26
25458,16.52,5.37,0.2,82.6
25459,15.71,4.31,0.1,31.42
25460,15.75,3.45,0.0,15.75
25461,4.21,-3.5,0.6,4.21
25462,27.26,8.86,0.2,54.52
25463,54.96,15.94,0.0,164.88
25464,323.1,61.39,0.0,646.2
25465,61.44,16.59,0.0,184.32
25466,1287.45,244.62,0.0,6437.25
25467,617.97,160.67,0.0,1853.91
25468,197.94,96.99,0.0,197.94
25469,138.75,27.69,0.1,416.25
25470,16.44,8.22,0.0,16.44
25471,19.44,9.33,0.0,58.32000000000001
25472,325.86,149.9,0.0,651.72
25473,4.35,-5.37,0.7,4.35
25474,210.01,2.63,0.2,210.01
25475,11.49,3.33,0.0,11.49
25476,543.92,135.98,0.0,4351.36
25477,331.54,-82.88,0.2,994.6200000000001
25478,439.8,145.13,0.0,1759.2
25479,102.3,26.6,0.0,102.3
25480,101.34,8.11,0.0,304.02
25481,102.02,-183.63,0.7,714.14
25482,40.98,15.96,0.0,122.94
25483,1875.26,-968.88,0.4,13126.82
25484,166.92,-116.84,0.7,2169.96
25485,10.57,-13.49,0.6,10.57
25486,139.96,9.8,0.0,559.84
25487,386.34,54.09,0.0,772.68
25488,17.73,1.53,0.0,53.19
25489,41.88,12.15,0.0,251.28000000000003
25490,12.77,-22.15,0.7,12.77
25491,237.1,20.75,0.2,711.3
25492,8.86,2.88,0.2,26.58
25493,2404.7,150.29,0.2,14428.199999999999
25494,625.99,187.8,0.0,625.99
25495,149.23,3.73,0.2,447.68999999999994
25496,209.97,90.29,0.0,629.91
25497,7.0,-8.42,0.6,7.0
25498,390.37,48.8,0.2,780.74
25499,25.12,-0.32,0.2,50.24
25500,18.04,8.64,0.0,36.08
25501,3.71,-1.67,0.4,3.71
25502,56.91,23.31,0.0,56.91
25503,33.37,-17.39,0.4,200.21999999999997
25504,95.97,9.6,0.2,383.88
25505,41.37,17.38,0.0,124.10999999999999
25506,26.34,9.22,0.2,105.36
25507,43.51,3.81,0.2,304.57
25508,3.33,-0.6,0.5,3.33
25509,7.21,-10.34,0.7,7.21
25510,4.56,1.62,0.0,4.56
25511,3083.43,-1665.05,0.5,21584.01
25512,409.59,-122.88,0.4,1228.77
25513,185.88,50.19,0.0,1115.28
25514,16.0,2.4,0.0,64.0
25515,23.84,6.4,0.0,47.68
25516,13.06,-12.74,0.6,13.06
25517,18.09,5.76,0.0,18.09
25518,23.9,7.77,0.2,143.39999999999998
25519,11.82,3.9,0.0,11.82
25520,5.98,2.69,0.0,5.98
25521,13.29,0.39,0.0,13.29
25522,12.4,-2.34,0.2,12.4
25523,17.64,0.32,0.0,35.28
25524,18.44,-17.56,0.6,92.2
25525,18.56,-23.52,0.7,37.12
25526,2.58,-1.38,0.6,2.58
25527,8.23,-6.03,0.7,24.69
25528,1628.82,260.61,0.0,14659.38
25529,695.7,-27.83,0.5,1391.4
25530,447.94,89.59,0.2,3135.58
25531,557.76,228.6,0.0,2231.04
25532,470.38,52.92,0.2,1411.1399999999999
25533,166.44,79.89,0.0,499.32
25534,21.99,-32.99,0.8,109.94999999999999
25535,15.39,3.83,0.2,30.78
25536,14.19,2.97,0.0,14.19
25537,20.16,-4.86,0.5,60.480000000000004
25538,191.88,19.19,0.0,1151.28
25539,12.41,-17.71,0.6,24.82
25540,33.15,2.85,0.0,165.75
25541,19.2,4.41,0.0,19.2
25542,1212.96,-69.31,0.3,9703.68
25543,661.18,-231.41,0.4,1322.36
25544,1247.64,349.34,0.0,3742.92
25545,359.98,21.6,0.0,719.96
25546,2.03,-1.35,0.7,2.03
25547,2.81,-1.97,0.7,8.43
25548,1502.38,-250.4,0.4,6009.52
25549,603.92,45.29,0.2,3019.6
25550,3.38,-6.98,0.7,3.38
25551,160.78,10.05,0.2,482.34000000000003
25552,27.86,9.19,0.0,195.01999999999998
25553,10.74,0.81,0.2,10.74
25554,10.84,-2.72,0.6,10.84
25555,859.2,-186.16,0.4,3436.8
25556,16.62,6.96,0.0,33.24
25557,100.4,-123.88,0.7,401.6
25558,1554.94,77.75,0.2,4664.82
25559,43.95,1.74,0.0,43.95
25560,59.2,29.6,0.0,236.8
25561,2.06,0.15,0.2,2.06
25562,24.95,-18.25,0.45,224.54999999999998
25563,1016.79,381.3,0.2,1016.79
25564,999.98,449.99,0.0,1999.96
25565,272.74,-64.77,0.2,818.22
25566,137.94,35.86,0.0,413.82
25567,127.8,47.28,0.0,511.2
25568,31.59,7.2,0.0,94.77
25569,21.29,-12.38,0.5,63.87
25570,10.41,3.51,0.0,10.41
25571,5.79,1.56,0.0,5.79
25572,8.48,-13.3,0.7,16.96
25573,239.8,47.96,0.2,1199.0
25574,119.98,-18.0,0.2,359.94
25575,14.64,4.95,0.0,14.64
25576,58.32,27.99,0.0,524.88
25577,13.53,4.5,0.1,13.53
25578,8.25,1.14,0.0,8.25
25579,34.44,17.22,0.0,103.32
25580,936.27,65.52,0.0,2808.81
25581,113.52,46.54,0.0,454.08
25582,160.72,78.75,0.0,2250.08
25583,27.42,5.16,0.0,54.84
25584,13.02,4.02,0.0,13.02
25585,1.67,-1.36,0.6,1.67
25586,2.81,-0.7,0.6,2.81
25587,12.96,6.22,0.0,25.92
25588,11.12,5.45,0.0,44.48
25589,12.9,5.01,0.0,12.9
25590,1586.69,412.54,0.0,11106.83
25591,584.82,70.18,0.0,5263.38
25592,3.46,-4.16,0.6,3.46
25593,7.88,2.27,0.1,7.88
25594,18.52,3.88,0.1,37.04
25595,13.19,-11.0,0.7,13.19
25596,399.95,143.98,0.0,1999.75
25597,37.26,5.31,0.1,111.78
25598,13.26,6.09,0.0,13.26
25599,3.95,-3.31,0.7,3.95
25600,11.28,5.28,0.0,11.28
25601,10.68,-8.55,0.6,10.68
25602,4.61,1.67,0.2,9.22
25603,278.4,80.74,0.0,835.1999999999999
25604,15.96,2.37,0.0,15.96
25605,239.97,71.99,0.0,719.91
25606,58.2,28.52,0.0,174.60000000000002
25607,15.55,5.44,0.2,46.650000000000006
25608,43.13,14.66,0.0,43.13
25609,20.06,-10.42,0.4,80.24
25610,42.78,6.38,0.2,299.46000000000004
25611,16.76,3.16,0.0,33.52
25612,9.07,-10.67,0.6,18.14
25613,19.05,8.76,0.0,57.150000000000006
25614,14.37,3.95,0.2,28.74
25615,389.97,132.59,0.0,1169.91
25616,61.19,6.12,0.2,61.19
25617,20.32,-23.87,0.6,20.32
25618,47.88,9.09,0.0,143.64000000000001
25619,61.96,4.34,0.0,123.92
25620,50.04,25.02,0.0,300.24
25621,35.28,12.0,0.0,105.84
25622,1294.75,336.64,0.0,6473.75
25623,659.98,49.5,0.2,1979.94
25624,67.14,23.5,0.2,268.56
25625,4.53,2.25,0.0,4.53
25626,35.36,-3.09,0.2,70.72
25627,58.32,27.99,0.0,524.88
25628,46.26,12.03,0.0,138.78
25629,24.97,-0.35,0.27,49.94
25630,249.95,107.48,0.0,1249.75
25631,23.56,2.26,0.17,47.12
25632,6.12,0.24,0.0,6.12
25633,1.94,-2.87,0.7,1.94
25634,13.44,4.95,0.0,13.44
25635,10.21,0.34,0.1,10.21
25636,2.65,-3.65,0.6,2.65
25637,35.21,2.64,0.2,35.21
25638,23.97,2.4,0.2,47.94
25639,11.63,1.02,0.2,23.26
25640,20.49,2.85,0.0,20.49
25641,46.32,16.2,0.0,46.32
25642,454.86,54.58,0.0,3184.02
25643,181.47,-320.6,0.7,907.35
25644,17.62,-20.6,0.7,35.24
25645,142.74,14.22,0.0,856.44
25646,23.97,0.45,0.0,23.97
25647,7.56,-5.55,0.7,7.56
25648,3.02,-3.85,0.7,3.02
25649,8.61,3.01,0.2,17.22
25650,6.72,3.36,0.0,26.88
25651,3.13,-2.61,0.7,6.26
25652,543.92,135.98,0.0,4351.36
25653,1633.19,-1306.55,0.7,6532.76
25654,542.94,141.16,0.0,1628.8200000000002
25655,12.1,-7.28,0.6,24.2
25656,66.6,-36.0,0.5,333.0
25657,255.97,32.0,0.2,1023.88
25658,14.38,-32.66,0.7,28.76
25659,16.74,2.16,0.0,16.74
25660,2.29,-1.91,0.7,2.29
25661,9.84,2.85,0.0,29.52
25662,4.03,-7.13,0.7,4.03
25663,546.06,163.82,0.0,1638.1799999999998
25664,75.79,25.58,0.2,227.37
25665,19.0,8.93,0.0,95.0
25666,756.8,75.68,0.0,3784.0
25667,155.36,-145.06,0.7,932.1600000000001
25668,2.81,-4.49,0.8,8.43
25669,13.68,2.82,0.0,27.36
25670,5.67,0.11,0.0,17.009999999999998
25671,36.68,-44.05,0.6,36.68
25672,9.64,-6.44,0.7,9.64
25673,21.14,3.5,0.4,42.28
25674,13.96,-5.58,0.4,13.96
25675,21.76,6.96,0.0,87.04
25676,19.86,8.91,0.0,19.86
25677,512.96,143.63,0.0,2051.84
25678,19.68,3.3,0.0,39.36
25679,3.05,1.03,0.2,3.05
25680,17.95,-17.99,0.7,35.9
25681,1.11,-1.89,0.8,2.22
25682,302.94,75.74,0.0,908.8199999999999
25683,115.3,40.35,0.2,345.9
25684,79.92,27.97,0.2,399.6
25685,177.12,10.56,0.0,1416.96
25686,18.0,8.28,0.0,90.0
25687,13.56,3.36,0.0,40.68
25688,6.86,-7.78,0.7,13.72
25689,277.4,133.15,0.0,1387.0
25690,8.25,1.56,0.0,8.25
25691,55.48,26.63,0.0,55.48
25692,128.82,50.24,0.0,386.46
25693,399.98,171.99,0.0,799.96
25694,152.94,41.29,0.0,458.82
25695,272.4,76.27,0.0,1362.0
25696,12.3,5.04,0.0,24.6
25697,5.04,0.84,0.0,5.04
25698,11.65,-9.35,0.7,23.3
25699,254.35,-50.87,0.2,1526.1
25700,374.86,-1218.38,0.8,1499.44
25701,595.38,297.69,0.0,3572.2799999999997
25702,36.36,-39.24,0.6,218.16
25703,12.58,-4.04,0.47,12.58
25704,35.28,12.0,0.0,105.84
25705,20.82,7.5,0.0,62.46
25706,18.69,8.58,0.0,18.69
25707,27.3,-25.14,0.5,54.6
25708,2799.96,874.99,0.2,13999.8
25709,5199.96,1351.99,0.0,20799.84
25710,617.0,-36.29,0.15,3702.0
25711,716.0,193.32,0.0,1432.0
25712,3.8,-1.66,0.4,3.8
25713,21.89,-16.51,0.6,87.56
25714,92.64,24.06,0.0,185.28
25715,95.84,34.74,0.2,383.36
25716,2.91,0.91,0.2,5.82
25717,547.14,-68.39,0.2,2188.56
25718,100.24,33.83,0.2,1002.4
25719,13.95,-22.83,0.7,27.9
25720,241.96,24.2,0.0,483.92
25721,6.26,-5.47,0.47,6.26
25722,2.5,-1.75,0.7,7.5
25723,5.7,2.37,0.0,5.7
25724,4.46,1.14,0.0,4.46
25725,6.67,-0.35,0.4,6.67
25726,209.98,-356.96,0.7,1469.86
25727,9.05,-3.47,0.5,27.150000000000002
